strategy,budget,run_id,total_infected,peak_infected,duration
random,0.01,0,3955,3250,200
random,0.01,1,3973,3458,200
random,0.01,2,3990,3327,200
random,0.01,3,3980,3420,200
random,0.01,4,3988,3410,200
random,0.01,5,3979,3263,200
random,0.01,6,3987,3433,200
random,0.01,7,3966,3199,200
random,0.01,8,3973,3322,200
random,0.01,9,3935,3441,200
random,0.01,10,3999,3266,200
random,0.01,11,3978,3445,200
random,0.01,12,3970,3262,200
random,0.01,13,3974,3395,200
random,0.01,14,3991,3297,200
random,0.01,15,3982,3361,200
random,0.01,16,3978,3340,200
random,0.01,17,3992,3316,200
random,0.01,18,3984,3358,200
random,0.01,19,3990,3437,200
random,0.01,20,3975,3178,200
random,0.01,21,3990,3287,200
random,0.01,22,3992,3371,200
random,0.01,23,3979,3229,200
random,0.01,24,3992,3296,200
random,0.01,25,3984,3359,200
random,0.01,26,3987,3417,200
random,0.01,27,3990,3220,200
random,0.01,28,3993,3394,200
random,0.01,29,3965,3207,200
random,0.01,30,3997,3404,200
random,0.01,31,3976,3511,200
random,0.01,32,3989,3392,200
random,0.01,33,3999,3449,200
random,0.01,34,3989,3388,200
random,0.01,35,3995,3256,200
random,0.01,36,3914,3252,200
random,0.01,37,3998,3342,200
random,0.01,38,3968,3414,200
random,0.01,39,3963,3278,200
random,0.01,40,3995,3432,200
random,0.01,41,3901,3395,200
random,0.01,42,3990,3243,200
random,0.01,43,3985,3227,200
random,0.01,44,3991,3495,200
random,0.01,45,3991,3454,200
random,0.01,46,3975,3351,200
random,0.01,47,3995,3472,200
random,0.01,48,3976,3362,200
random,0.01,49,3982,3358,200
random,0.01,50,3972,3394,200
random,0.01,51,3980,3253,200
random,0.01,52,3990,3376,200
random,0.01,53,3986,3435,200
random,0.01,54,3993,3393,200
random,0.01,55,3785,3191,200
random,0.01,56,3984,3377,200
random,0.01,57,3929,3360,200
random,0.01,58,3992,3408,200
random,0.01,59,3969,3416,200
random,0.01,60,3975,3432,200
random,0.01,61,3974,3444,200
random,0.01,62,3974,3355,200
random,0.01,63,3989,3419,200
random,0.01,64,3959,3329,200
random,0.01,65,3991,3381,200
random,0.01,66,3965,3416,200
random,0.01,67,3994,3291,200
random,0.01,68,3988,3214,200
random,0.01,69,3999,3335,200
random,0.01,70,3993,3313,200
random,0.01,71,3792,3194,200
random,0.01,72,3998,3367,200
random,0.01,73,3983,3242,200
random,0.01,74,3992,3408,200
random,0.01,75,3961,3344,200
random,0.01,76,3992,3368,200
random,0.01,77,3991,3324,200
random,0.01,78,3990,3281,200
random,0.01,79,3987,3239,200
random,0.01,80,3984,3460,200
random,0.01,81,3985,3231,200
random,0.01,82,3936,3326,200
random,0.01,83,3969,3399,200
random,0.01,84,3974,3390,200
random,0.01,85,3967,3336,200
random,0.01,86,3979,3484,200
random,0.01,87,3981,3353,200
random,0.01,88,3974,3440,200
random,0.01,89,3973,3479,200
random,0.01,90,3972,3310,200
random,0.01,91,3980,3387,200
random,0.01,92,3974,3346,200
random,0.01,93,3993,3311,200
random,0.01,94,3967,3414,200
random,0.01,95,3981,3231,200
random,0.01,96,3989,3238,200
random,0.01,97,3980,3189,200
random,0.01,98,3993,3386,200
random,0.01,99,3987,3433,200
random,0.01,100,3994,3355,200
random,0.01,101,3993,3397,200
random,0.01,102,3935,3305,200
random,0.01,103,3999,3386,200
random,0.01,104,3972,3388,200
random,0.01,105,3970,3360,200
random,0.01,106,3979,3407,200
random,0.01,107,3979,3178,200
random,0.01,108,3975,3198,200
random,0.01,109,3968,3509,200
random,0.01,110,3942,3225,200
random,0.01,111,3988,3414,200
random,0.01,112,3987,3272,200
random,0.01,113,3983,3385,200
random,0.01,114,3990,3339,200
random,0.01,115,3973,3358,200
random,0.01,116,3968,3451,200
random,0.01,117,3986,3364,200
random,0.01,118,3983,3259,200
random,0.01,119,3983,3281,200
random,0.01,120,3955,3253,200
random,0.01,121,3974,3221,200
random,0.01,122,3979,3390,200
random,0.01,123,3981,3389,200
random,0.01,124,3976,3408,200
random,0.01,125,3976,3347,200
random,0.01,126,3996,3314,200
random,0.01,127,3987,3432,200
random,0.01,128,3981,3312,200
random,0.01,129,3939,3431,200
random,0.01,130,3966,3486,200
random,0.01,131,3970,3299,200
random,0.01,132,3930,3416,200
random,0.01,133,3996,3426,200
random,0.01,134,3964,3418,200
random,0.01,135,3995,3248,200
random,0.01,136,3981,3391,200
random,0.01,137,3993,3260,200
random,0.01,138,3966,3263,200
random,0.01,139,3965,3455,200
random,0.01,140,3990,3418,200
random,0.01,141,3977,3313,200
random,0.01,142,3985,3395,200
random,0.01,143,3935,3311,200
random,0.01,144,3974,3382,200
random,0.01,145,3984,3410,200
random,0.01,146,3985,3263,200
random,0.01,147,3984,3271,200
random,0.01,148,3996,3408,200
random,0.01,149,3983,3377,200
random,0.01,150,3983,3382,200
random,0.01,151,3801,3190,200
random,0.01,152,3953,3271,200
random,0.01,153,3967,3370,200
random,0.01,154,3991,3385,200
random,0.01,155,3979,3242,200
random,0.01,156,3984,3422,200
random,0.01,157,3996,3355,200
random,0.01,158,3993,3202,200
random,0.01,159,3972,3424,200
random,0.01,160,3980,3450,200
random,0.01,161,3993,3387,200
random,0.01,162,3981,3394,200
random,0.01,163,3971,3474,200
random,0.01,164,3970,3348,200
random,0.01,165,3995,3381,200
random,0.01,166,3987,3413,200
random,0.01,167,3984,3467,200
random,0.01,168,3981,3357,200
random,0.01,169,3969,3460,200
random,0.01,170,3992,3400,200
random,0.01,171,3978,3470,200
random,0.01,172,3977,3218,200
random,0.01,173,3931,3432,200
random,0.01,174,3957,3353,200
random,0.01,175,3988,3390,200
random,0.01,176,3969,3211,200
random,0.01,177,3993,3282,200
random,0.01,178,3987,3431,200
random,0.01,179,3988,3384,200
random,0.01,180,3985,3246,200
random,0.01,181,3987,3339,200
random,0.01,182,3986,3368,200
random,0.01,183,3997,3400,200
random,0.01,184,3991,3373,200
random,0.01,185,3990,3260,200
random,0.01,186,3996,3435,200
random,0.01,187,3990,3346,200
random,0.01,188,3984,3271,200
random,0.01,189,3960,3387,200
random,0.01,190,3979,3261,200
random,0.01,191,3992,3254,200
random,0.01,192,3971,3280,200
random,0.01,193,3992,3414,200
random,0.01,194,3957,3345,200
random,0.01,195,3990,3310,200
random,0.01,196,3927,3195,200
random,0.01,197,3991,3282,200
random,0.01,198,3991,3429,200
random,0.01,199,3916,3350,200
random,0.01,200,3987,3442,200
random,0.01,201,3930,3326,200
random,0.01,202,3969,3293,200
random,0.01,203,3985,3464,200
random,0.01,204,3990,3339,200
random,0.01,205,3972,3371,200
random,0.01,206,3956,3350,200
random,0.01,207,3983,3314,200
random,0.01,208,3982,3465,200
random,0.01,209,3923,3281,200
random,0.01,210,3995,3450,200
random,0.01,211,3953,3173,200
random,0.01,212,3976,3397,200
random,0.01,213,3980,3271,200
random,0.01,214,3990,3465,200
random,0.01,215,3995,3375,200
random,0.01,216,3985,3417,200
random,0.01,217,3971,3374,200
random,0.01,218,3970,3306,200
random,0.01,219,3979,3290,200
random,0.01,220,3999,3324,200
random,0.01,221,3973,3461,200
random,0.01,222,3936,3302,200
random,0.01,223,3962,3351,200
random,0.01,224,3955,3388,200
random,0.01,225,3995,3420,200
random,0.01,226,3967,3425,200
random,0.01,227,3982,3256,200
random,0.01,228,3972,3140,200
random,0.01,229,3984,3298,200
random,0.01,230,3987,3410,200
random,0.01,231,3975,3394,200
random,0.01,232,3975,3326,200
random,0.01,233,3975,3371,200
random,0.01,234,3928,3183,200
random,0.01,235,3992,3290,200
random,0.01,236,3959,3087,200
random,0.01,237,3986,3348,200
random,0.01,238,3977,3431,200
random,0.01,239,3979,3369,200
random,0.01,240,3931,3197,200
random,0.01,241,3968,3392,200
random,0.01,242,3946,3152,200
random,0.01,243,3989,3383,200
random,0.01,244,3972,3425,200
random,0.01,245,3983,3420,200
random,0.01,246,3963,3211,200
random,0.01,247,3959,3380,200
random,0.01,248,3973,3238,200
random,0.01,249,3981,3413,200
random,0.01,250,3977,3368,200
random,0.01,251,3963,3386,200
random,0.01,252,3935,3340,200
random,0.01,253,3987,3444,200
random,0.01,254,3996,3380,200
random,0.01,255,3981,3203,200
random,0.01,256,3966,3400,200
random,0.01,257,3995,3278,200
random,0.01,258,3966,3331,200
random,0.01,259,3988,3358,200
random,0.01,260,3977,3259,200
random,0.01,261,3990,3201,200
random,0.01,262,3996,3428,200
random,0.01,263,3968,3397,200
random,0.01,264,3974,3430,200
random,0.01,265,3988,3301,200
random,0.01,266,3902,3287,200
random,0.01,267,3982,3278,200
random,0.01,268,3972,3364,200
random,0.01,269,3975,3274,200
random,0.01,270,3990,3331,200
random,0.01,271,3959,3384,200
random,0.01,272,3990,3410,200
random,0.01,273,3980,3312,200
random,0.01,274,3966,3439,200
random,0.01,275,3994,3287,200
random,0.01,276,3978,3365,200
random,0.01,277,3931,3313,200
random,0.01,278,3986,3417,200
random,0.01,279,3987,3362,200
random,0.01,280,3969,3181,200
random,0.01,281,3988,3426,200
random,0.01,282,3991,3176,200
random,0.01,283,3978,3402,200
random,0.01,284,3989,3327,200
random,0.01,285,3953,3383,200
random,0.01,286,3905,3219,200
random,0.01,287,3968,3290,200
random,0.01,288,3975,3315,200
random,0.01,289,3981,3281,200
random,0.01,290,3981,3346,200
random,0.01,291,3991,3400,200
random,0.01,292,3935,3334,200
random,0.01,293,3960,3304,200
random,0.01,294,3988,3318,200
random,0.01,295,3982,3419,200
random,0.01,296,3979,3375,200
random,0.01,297,3994,3313,200
random,0.01,298,3974,3472,200
random,0.01,299,3986,3221,200
random,0.01,300,3979,3235,200
random,0.01,301,3984,3293,200
random,0.01,302,3980,3236,200
random,0.01,303,3966,3265,200
random,0.01,304,3981,3377,200
random,0.01,305,3982,3360,200
random,0.01,306,3968,3186,200
random,0.01,307,3983,3264,200
random,0.01,308,3973,3361,200
random,0.01,309,3966,3449,200
random,0.01,310,3986,3429,200
random,0.01,311,3980,3295,200
random,0.01,312,3990,3355,200
random,0.01,313,3989,3435,200
random,0.01,314,3974,3334,200
random,0.01,315,3960,3386,200
random,0.01,316,3989,3278,200
random,0.01,317,3932,3325,200
random,0.01,318,3977,3340,200
random,0.01,319,3913,3254,200
random,0.01,320,3971,3317,200
random,0.01,321,3980,3218,200
random,0.01,322,3967,3327,200
random,0.01,323,3981,3275,200
random,0.01,324,3995,3341,200
random,0.01,325,3994,3426,200
random,0.01,326,3997,3375,200
random,0.01,327,3984,3238,200
random,0.01,328,3965,3274,200
random,0.01,329,3992,3314,200
random,0.01,330,3987,3437,200
random,0.01,331,3990,3348,200
random,0.01,332,3976,3413,200
random,0.01,333,3973,3431,200
random,0.01,334,3990,3447,200
random,0.01,335,3994,3399,200
random,0.01,336,3979,3392,200
random,0.01,337,3965,3248,200
random,0.01,338,3983,3405,200
random,0.01,339,3963,3256,200
random,0.01,340,3980,3316,200
random,0.01,341,3966,3135,200
random,0.01,342,3992,3448,200
random,0.01,343,3983,3342,200
random,0.01,344,3993,3379,200
random,0.01,345,3972,3323,200
random,0.01,346,3939,3367,200
random,0.01,347,3997,3444,200
random,0.01,348,3933,3447,200
random,0.01,349,3982,3276,200
random,0.01,350,3993,3228,200
random,0.01,351,3992,3435,200
random,0.01,352,3997,3396,200
random,0.01,353,3974,3388,200
random,0.01,354,3988,3171,200
random,0.01,355,3977,3327,200
random,0.01,356,3962,3390,200
random,0.01,357,3991,3369,200
random,0.01,358,3976,3351,200
random,0.01,359,3993,3400,200
random,0.01,360,3986,3394,200
random,0.01,361,3979,3360,200
random,0.01,362,3986,3395,200
random,0.01,363,3924,3251,200
random,0.01,364,3989,3257,200
random,0.01,365,3981,3327,200
random,0.01,366,3987,3359,200
random,0.01,367,3982,3313,200
random,0.01,368,3983,3234,200
random,0.01,369,3975,3397,200
random,0.01,370,3975,3403,200
random,0.01,371,3997,3395,200
random,0.01,372,3984,3384,200
random,0.01,373,3989,3307,200
random,0.01,374,3987,3283,200
random,0.01,375,3983,3331,200
random,0.01,376,3966,3421,200
random,0.01,377,3994,3424,200
random,0.01,378,3993,3342,200
random,0.01,379,3986,3344,200
random,0.01,380,3971,3395,200
random,0.01,381,3970,3227,200
random,0.01,382,3988,3338,200
random,0.01,383,3985,3223,200
random,0.01,384,3968,3358,200
random,0.01,385,3989,3499,200
random,0.01,386,3995,3420,200
random,0.01,387,3981,3251,200
random,0.01,388,3993,3428,200
random,0.01,389,3992,3336,200
random,0.01,390,3989,3318,200
random,0.01,391,3993,3278,200
random,0.01,392,3987,3257,200
random,0.01,393,3972,3294,200
random,0.01,394,3967,3393,200
random,0.01,395,3998,3415,200
random,0.01,396,3984,3453,200
random,0.01,397,3981,3397,200
random,0.01,398,3978,3331,200
random,0.01,399,3966,3237,200
random,0.01,400,3998,3213,200
random,0.01,401,3973,3207,200
random,0.01,402,3971,3402,200
random,0.01,403,3973,3332,200
random,0.01,404,3969,3433,200
random,0.01,405,3969,3396,200
random,0.01,406,3968,3388,200
random,0.01,407,3969,3388,200
random,0.01,408,3984,3426,200
random,0.01,409,3997,3428,200
random,0.01,410,3924,3327,200
random,0.01,411,3983,3394,200
random,0.01,412,3976,3307,200
random,0.01,413,3995,3392,200
random,0.01,414,3981,3374,200
random,0.01,415,3978,3351,200
random,0.01,416,3978,3264,200
random,0.01,417,3987,3431,200
random,0.01,418,3985,3400,200
random,0.01,419,3965,3364,200
random,0.01,420,3993,3473,200
random,0.01,421,3978,3423,200
random,0.01,422,3983,3419,200
random,0.01,423,3963,3375,200
random,0.01,424,3997,3386,200
random,0.01,425,3984,3268,200
random,0.01,426,3992,3330,200
random,0.01,427,3981,3331,200
random,0.01,428,3991,3456,200
random,0.01,429,3979,3455,200
random,0.01,430,3964,3308,200
random,0.01,431,3991,3390,200
random,0.01,432,3988,3158,200
random,0.01,433,3926,3434,200
random,0.01,434,3970,3386,200
random,0.01,435,3984,3371,200
random,0.01,436,3984,3359,200
random,0.01,437,3979,3447,200
random,0.01,438,3988,3370,200
random,0.01,439,3994,3400,200
random,0.01,440,3958,3281,200
random,0.01,441,3948,3201,200
random,0.01,442,3977,3323,200
random,0.01,443,3993,3400,200
random,0.01,444,3994,3251,200
random,0.01,445,3988,3255,200
random,0.01,446,3991,3502,200
random,0.01,447,3981,3277,200
random,0.01,448,3975,3294,200
random,0.01,449,3980,3279,200
random,0.01,450,3975,3361,200
random,0.01,451,3975,3469,200
random,0.01,452,3982,3441,200
random,0.01,453,3959,3297,200
random,0.01,454,3987,3247,200
random,0.01,455,3970,3180,200
random,0.01,456,3972,3268,200
random,0.01,457,3969,3245,200
random,0.01,458,3974,3409,200
random,0.01,459,3986,3437,200
random,0.01,460,3974,3343,200
random,0.01,461,3995,3397,200
random,0.01,462,3964,3200,200
random,0.01,463,3995,3454,200
random,0.01,464,3955,3401,200
random,0.01,465,3986,3401,200
random,0.01,466,3895,3292,200
random,0.01,467,3988,3470,200
random,0.01,468,3967,3377,200
random,0.01,469,3989,3218,200
random,0.01,470,3991,3269,200
random,0.01,471,3990,3402,200
random,0.01,472,3793,3206,200
random,0.01,473,3991,3452,200
random,0.01,474,3990,3261,200
random,0.01,475,3985,3378,200
random,0.01,476,3980,3425,200
random,0.01,477,3963,3274,200
random,0.01,478,3959,3234,200
random,0.01,479,3971,3447,200
random,0.01,480,3993,3417,200
random,0.01,481,3995,3369,200
random,0.01,482,3999,3431,200
random,0.01,483,3983,3301,200
random,0.01,484,3972,3381,200
random,0.01,485,3958,3361,200
random,0.01,486,3993,3218,200
random,0.01,487,3989,3350,200
random,0.01,488,3974,3455,200
random,0.01,489,3966,3392,200
random,0.01,490,3979,3417,200
random,0.01,491,3994,3273,200
random,0.01,492,3986,3437,200
random,0.01,493,3994,3402,200
random,0.01,494,3984,3394,200
random,0.01,495,3980,3287,200
random,0.01,496,3899,3348,200
random,0.01,497,3989,3395,200
random,0.01,498,3988,3288,200
random,0.01,499,3977,3188,200
random,0.05,0,3821,3252,200
random,0.05,1,3799,3136,200
random,0.05,2,3824,3259,200
random,0.05,3,3826,3280,200
random,0.05,4,3791,3188,200
random,0.05,5,3811,3169,200
random,0.05,6,3812,3149,200
random,0.05,7,3806,3092,200
random,0.05,8,3743,3097,200
random,0.05,9,3833,3130,200
random,0.05,10,3785,2937,200
random,0.05,11,3815,3221,200
random,0.05,12,3823,3067,200
random,0.05,13,3833,3148,200
random,0.05,14,3804,3147,200
random,0.05,15,3836,3067,200
random,0.05,16,3824,3327,200
random,0.05,17,3823,3207,200
random,0.05,18,3820,3093,200
random,0.05,19,3821,3218,200
random,0.05,20,3805,3220,200
random,0.05,21,3744,3273,200
random,0.05,22,3649,3184,200
random,0.05,23,3836,3187,200
random,0.05,24,3815,3111,200
random,0.05,25,3821,3204,200
random,0.05,26,3761,3188,200
random,0.05,27,3791,3156,200
random,0.05,28,3817,3148,200
random,0.05,29,3807,3203,200
random,0.05,30,3790,3213,200
random,0.05,31,3820,3295,200
random,0.05,32,3824,3303,200
random,0.05,33,3820,3183,200
random,0.05,34,3794,3288,200
random,0.05,35,3819,3279,200
random,0.05,36,3817,3296,200
random,0.05,37,3780,3215,200
random,0.05,38,3826,3294,200
random,0.05,39,3751,3024,200
random,0.05,40,3822,3160,200
random,0.05,41,3824,3293,200
random,0.05,42,3802,3198,200
random,0.05,43,3829,3168,200
random,0.05,44,3815,3112,200
random,0.05,45,3801,3141,200
random,0.05,46,3783,3273,200
random,0.05,47,3762,3174,200
random,0.05,48,3834,3191,200
random,0.05,49,3773,3097,200
random,0.05,50,3808,3084,200
random,0.05,51,3813,3110,200
random,0.05,52,3826,3167,200
random,0.05,53,3789,3214,200
random,0.05,54,3741,3191,200
random,0.05,55,3821,3070,200
random,0.05,56,3821,3259,200
random,0.05,57,3826,3243,200
random,0.05,58,3821,3081,200
random,0.05,59,3817,3203,200
random,0.05,60,3824,3096,200
random,0.05,61,3823,3217,200
random,0.05,62,3836,3219,200
random,0.05,63,3816,3006,200
random,0.05,64,3819,3230,200
random,0.05,65,3828,3320,200
random,0.05,66,3783,3029,200
random,0.05,67,3807,3261,200
random,0.05,68,3787,3040,200
random,0.05,69,3817,3228,200
random,0.05,70,3822,3218,200
random,0.05,71,3831,3183,200
random,0.05,72,3830,3112,200
random,0.05,73,3823,3297,200
random,0.05,74,3827,3282,200
random,0.05,75,3817,3202,200
random,0.05,76,3807,3233,200
random,0.05,77,3837,3164,200
random,0.05,78,3812,3023,200
random,0.05,79,3713,3157,200
random,0.05,80,3832,3169,200
random,0.05,81,3825,3288,200
random,0.05,82,3814,3276,200
random,0.05,83,3795,2935,200
random,0.05,84,3831,3323,200
random,0.05,85,3791,3076,200
random,0.05,86,3797,3114,200
random,0.05,87,3830,3279,200
random,0.05,88,3814,3283,200
random,0.05,89,3800,3130,200
random,0.05,90,3815,3273,200
random,0.05,91,3796,2948,200
random,0.05,92,3829,3162,200
random,0.05,93,3826,3255,200
random,0.05,94,3823,3246,200
random,0.05,95,3790,3133,200
random,0.05,96,3814,3084,200
random,0.05,97,3830,3305,200
random,0.05,98,3817,3287,200
random,0.05,99,3804,3082,200
random,0.05,100,3833,3112,200
random,0.05,101,3803,3223,200
random,0.05,102,3791,3230,200
random,0.05,103,3823,3197,200
random,0.05,104,3629,3110,200
random,0.05,105,3815,3267,200
random,0.05,106,3802,3309,200
random,0.05,107,3815,3321,200
random,0.05,108,3837,3143,200
random,0.05,109,3832,3292,200
random,0.05,110,3772,3158,200
random,0.05,111,3838,3308,200
random,0.05,112,3810,3294,200
random,0.05,113,3823,3165,200
random,0.05,114,3773,3263,200
random,0.05,115,3792,3062,200
random,0.05,116,3815,3271,200
random,0.05,117,3775,3282,200
random,0.05,118,3636,3074,200
random,0.05,119,3827,3066,200
random,0.05,120,3812,3147,200
random,0.05,121,3759,3029,200
random,0.05,122,3824,3263,200
random,0.05,123,3817,3126,200
random,0.05,124,3806,3239,200
random,0.05,125,3836,3277,200
random,0.05,126,3831,3263,200
random,0.05,127,3832,3251,200
random,0.05,128,3823,3259,200
random,0.05,129,3809,3194,200
random,0.05,130,3749,3266,200
random,0.05,131,3817,3131,200
random,0.05,132,3752,3039,200
random,0.05,133,3832,3186,200
random,0.05,134,3817,3238,200
random,0.05,135,3804,3194,200
random,0.05,136,3831,3141,200
random,0.05,137,3817,3198,200
random,0.05,138,3809,3147,200
random,0.05,139,3819,3264,200
random,0.05,140,3832,3250,200
random,0.05,141,3825,3158,200
random,0.05,142,3822,3137,200
random,0.05,143,3804,3253,200
random,0.05,144,3806,3164,200
random,0.05,145,3821,3101,200
random,0.05,146,3789,3209,200
random,0.05,147,3831,3231,200
random,0.05,148,3814,3166,200
random,0.05,149,3738,3080,200
random,0.05,150,3827,3184,200
random,0.05,151,3827,3175,200
random,0.05,152,3785,2994,200
random,0.05,153,3800,3168,200
random,0.05,154,3799,3143,200
random,0.05,155,3822,3233,200
random,0.05,156,3822,3143,200
random,0.05,157,3763,3073,200
random,0.05,158,3825,3276,200
random,0.05,159,3780,3180,200
random,0.05,160,3798,3061,200
random,0.05,161,3592,3009,200
random,0.05,162,3815,3148,200
random,0.05,163,3831,3064,200
random,0.05,164,3825,3238,200
random,0.05,165,3834,3050,200
random,0.05,166,3815,3089,200
random,0.05,167,3790,2932,200
random,0.05,168,3786,3209,200
random,0.05,169,3782,2950,200
random,0.05,170,3826,3331,200
random,0.05,171,3796,3171,200
random,0.05,172,3796,3302,200
random,0.05,173,3817,3252,200
random,0.05,174,3830,3155,200
random,0.05,175,3816,3183,200
random,0.05,176,3819,3186,200
random,0.05,177,3801,3139,200
random,0.05,178,3810,3115,200
random,0.05,179,3778,2939,200
random,0.05,180,3819,3300,200
random,0.05,181,3819,3280,200
random,0.05,182,3819,3254,200
random,0.05,183,3769,3337,200
random,0.05,184,3814,3159,200
random,0.05,185,3809,3228,200
random,0.05,186,3824,3269,200
random,0.05,187,3803,3233,200
random,0.05,188,3811,3040,200
random,0.05,189,3837,3211,200
random,0.05,190,3830,3096,200
random,0.05,191,3762,3232,200
random,0.05,192,3821,3233,200
random,0.05,193,3621,3076,200
random,0.05,194,3636,3100,200
random,0.05,195,3815,3296,200
random,0.05,196,3827,3264,200
random,0.05,197,3817,3302,200
random,0.05,198,3795,3001,200
random,0.05,199,3838,3241,200
random,0.05,200,3803,3064,200
random,0.05,201,3786,3063,200
random,0.05,202,3832,3201,200
random,0.05,203,3765,3097,200
random,0.05,204,3832,3303,200
random,0.05,205,3829,3233,200
random,0.05,206,3815,3145,200
random,0.05,207,3835,3270,200
random,0.05,208,3809,3309,200
random,0.05,209,3818,3178,200
random,0.05,210,3783,3033,200
random,0.05,211,3824,3159,200
random,0.05,212,3812,3146,200
random,0.05,213,3826,3126,200
random,0.05,214,3644,3103,200
random,0.05,215,3788,3212,200
random,0.05,216,3828,3183,200
random,0.05,217,3823,3271,200
random,0.05,218,3808,2880,200
random,0.05,219,3804,3114,200
random,0.05,220,3835,3114,200
random,0.05,221,3827,3238,200
random,0.05,222,3826,3134,200
random,0.05,223,3825,3157,200
random,0.05,224,3804,3258,200
random,0.05,225,3818,3133,200
random,0.05,226,3821,3128,200
random,0.05,227,3811,3257,200
random,0.05,228,3832,3128,200
random,0.05,229,3828,3300,200
random,0.05,230,3829,3256,200
random,0.05,231,3763,3220,200
random,0.05,232,3812,3206,200
random,0.05,233,3820,3136,200
random,0.05,234,3813,3071,200
random,0.05,235,3782,3206,200
random,0.05,236,3781,3124,200
random,0.05,237,3806,3244,200
random,0.05,238,3829,3212,200
random,0.05,239,3823,3069,200
random,0.05,240,3811,3184,200
random,0.05,241,3837,3107,200
random,0.05,242,3805,3006,200
random,0.05,243,3609,3047,200
random,0.05,244,3830,3077,200
random,0.05,245,3785,2985,200
random,0.05,246,3829,3273,200
random,0.05,247,3625,3067,200
random,0.05,248,3775,3221,200
random,0.05,249,3813,3185,200
random,0.05,250,3811,3085,200
random,0.05,251,3834,3271,200
random,0.05,252,3798,3209,200
random,0.05,253,3830,3143,200
random,0.05,254,3810,3133,200
random,0.05,255,3804,2957,200
random,0.05,256,3829,3105,200
random,0.05,257,3820,3323,200
random,0.05,258,3832,3222,200
random,0.05,259,3835,3175,200
random,0.05,260,3800,3051,200
random,0.05,261,3764,3248,200
random,0.05,262,3821,3122,200
random,0.05,263,3821,3100,200
random,0.05,264,3774,2984,200
random,0.05,265,3827,3123,200
random,0.05,266,3810,3006,200
random,0.05,267,3779,3205,200
random,0.05,268,3724,3122,200
random,0.05,269,3808,3176,200
random,0.05,270,3813,3225,200
random,0.05,271,3824,3256,200
random,0.05,272,3828,3169,200
random,0.05,273,3811,3194,200
random,0.05,274,3822,3193,200
random,0.05,275,3825,3249,200
random,0.05,276,3794,3277,200
random,0.05,277,3812,3253,200
random,0.05,278,3829,3267,200
random,0.05,279,3807,3150,200
random,0.05,280,3832,3283,200
random,0.05,281,3828,3199,200
random,0.05,282,3797,3129,200
random,0.05,283,3827,3104,200
random,0.05,284,3809,3254,200
random,0.05,285,3804,3053,200
random,0.05,286,3818,3233,200
random,0.05,287,3618,3062,200
random,0.05,288,3786,3079,200
random,0.05,289,3824,3221,200
random,0.05,290,3835,3247,200
random,0.05,291,3823,3297,200
random,0.05,292,3819,3249,200
random,0.05,293,3795,3181,200
random,0.05,294,3832,3265,200
random,0.05,295,3836,3230,200
random,0.05,296,3801,3080,200
random,0.05,297,3815,3274,200
random,0.05,298,3816,3183,200
random,0.05,299,3808,3150,200
random,0.05,300,3806,3203,200
random,0.05,301,3832,3228,200
random,0.05,302,3833,3106,200
random,0.05,303,3770,3248,200
random,0.05,304,3815,3199,200
random,0.05,305,3810,3313,200
random,0.05,306,3796,3262,200
random,0.05,307,3816,3134,200
random,0.05,308,3817,3165,200
random,0.05,309,3819,3238,200
random,0.05,310,3806,3053,200
random,0.05,311,3793,2959,200
random,0.05,312,3791,3182,200
random,0.05,313,3818,3109,200
random,0.05,314,3808,3222,200
random,0.05,315,3829,3172,200
random,0.05,316,3830,3315,200
random,0.05,317,3577,3138,200
random,0.05,318,3810,3156,200
random,0.05,319,3824,3287,200
random,0.05,320,3831,3341,200
random,0.05,321,3802,3168,200
random,0.05,322,3818,3141,200
random,0.05,323,3776,3216,200
random,0.05,324,3813,3301,200
random,0.05,325,3808,3260,200
random,0.05,326,3832,3111,200
random,0.05,327,3825,3205,200
random,0.05,328,3819,3256,200
random,0.05,329,3727,3084,200
random,0.05,330,3832,3235,200
random,0.05,331,3798,3087,200
random,0.05,332,3775,3070,200
random,0.05,333,3782,3022,200
random,0.05,334,3807,3100,200
random,0.05,335,3799,3032,200
random,0.05,336,3816,3198,200
random,0.05,337,3803,3232,200
random,0.05,338,3807,3157,200
random,0.05,339,3632,3109,200
random,0.05,340,3778,3067,200
random,0.05,341,3815,3219,200
random,0.05,342,3747,3096,200
random,0.05,343,3822,3202,200
random,0.05,344,3813,3220,200
random,0.05,345,3786,3228,200
random,0.05,346,3809,3240,200
random,0.05,347,3732,3160,200
random,0.05,348,3804,3268,200
random,0.05,349,3769,3153,200
random,0.05,350,3829,3274,200
random,0.05,351,3818,3130,200
random,0.05,352,3809,3284,200
random,0.05,353,3762,3118,200
random,0.05,354,3772,3116,200
random,0.05,355,3827,3170,200
random,0.05,356,3802,3083,200
random,0.05,357,3821,3090,200
random,0.05,358,3833,3053,200
random,0.05,359,3814,3201,200
random,0.05,360,3803,3133,200
random,0.05,361,3817,3033,200
random,0.05,362,3824,3315,200
random,0.05,363,3786,3077,200
random,0.05,364,3833,3312,200
random,0.05,365,3755,2868,200
random,0.05,366,3831,3195,200
random,0.05,367,3789,3243,200
random,0.05,368,3826,3125,200
random,0.05,369,3831,3072,200
random,0.05,370,3828,3260,200
random,0.05,371,3799,3097,200
random,0.05,372,3800,3213,200
random,0.05,373,3809,3203,200
random,0.05,374,3823,3238,200
random,0.05,375,3773,3273,200
random,0.05,376,3796,3108,200
random,0.05,377,3641,3117,200
random,0.05,378,3791,3169,200
random,0.05,379,3827,3233,200
random,0.05,380,3828,3286,200
random,0.05,381,3822,3158,200
random,0.05,382,3817,3198,200
random,0.05,383,3832,3197,200
random,0.05,384,3798,3123,200
random,0.05,385,3786,3077,200
random,0.05,386,3798,3126,200
random,0.05,387,3821,3252,200
random,0.05,388,3766,3279,200
random,0.05,389,3770,3150,200
random,0.05,390,3739,3219,200
random,0.05,391,3828,3256,200
random,0.05,392,3810,3143,200
random,0.05,393,3820,3101,200
random,0.05,394,3821,3220,200
random,0.05,395,3824,3157,200
random,0.05,396,3824,3163,200
random,0.05,397,3814,3227,200
random,0.05,398,3805,3003,200
random,0.05,399,3795,3261,200
random,0.05,400,3651,3129,200
random,0.05,401,3836,3241,200
random,0.05,402,3826,3214,200
random,0.05,403,3822,3247,200
random,0.05,404,3800,3192,200
random,0.05,405,3822,3202,200
random,0.05,406,3809,3348,200
random,0.05,407,3789,3153,200
random,0.05,408,3615,3072,200
random,0.05,409,3766,3200,200
random,0.05,410,3767,3041,200
random,0.05,411,3832,3106,200
random,0.05,412,3821,3289,200
random,0.05,413,3805,3245,200
random,0.05,414,3811,3184,200
random,0.05,415,3767,3229,200
random,0.05,416,3809,3277,200
random,0.05,417,3838,3125,200
random,0.05,418,3823,3087,200
random,0.05,419,3634,3123,200
random,0.05,420,3791,3109,200
random,0.05,421,3120,2738,200
random,0.05,422,3790,3062,200
random,0.05,423,3814,3153,200
random,0.05,424,3788,3022,200
random,0.05,425,3816,3193,200
random,0.05,426,3830,3218,200
random,0.05,427,3833,3249,200
random,0.05,428,3815,3160,200
random,0.05,429,3823,3354,200
random,0.05,430,3824,3248,200
random,0.05,431,3821,3330,200
random,0.05,432,3812,3252,200
random,0.05,433,3751,3115,200
random,0.05,434,3790,3080,200
random,0.05,435,3820,3102,200
random,0.05,436,3822,3256,200
random,0.05,437,3813,3100,200
random,0.05,438,3824,3322,200
random,0.05,439,3793,3102,200
random,0.05,440,3801,3249,200
random,0.05,441,3813,3272,200
random,0.05,442,3831,3086,200
random,0.05,443,3830,3252,200
random,0.05,444,3811,3289,200
random,0.05,445,3811,3118,200
random,0.05,446,3788,3212,200
random,0.05,447,3765,3137,200
random,0.05,448,3831,3161,200
random,0.05,449,3793,3168,200
random,0.05,450,3800,3094,200
random,0.05,451,3818,3302,200
random,0.05,452,3832,3331,200
random,0.05,453,3824,3224,200
random,0.05,454,3818,3284,200
random,0.05,455,3804,3127,200
random,0.05,456,3803,3053,200
random,0.05,457,3797,3223,200
random,0.05,458,3769,3214,200
random,0.05,459,3759,3121,200
random,0.05,460,3831,3264,200
random,0.05,461,3799,3121,200
random,0.05,462,3805,3049,200
random,0.05,463,3819,3227,200
random,0.05,464,3824,3076,200
random,0.05,465,3826,3216,200
random,0.05,466,3725,2994,200
random,0.05,467,3820,3260,200
random,0.05,468,3834,3134,200
random,0.05,469,3799,3278,200
random,0.05,470,3828,3114,200
random,0.05,471,3819,3190,200
random,0.05,472,3809,3088,200
random,0.05,473,3817,3219,200
random,0.05,474,3831,3146,200
random,0.05,475,3817,3273,200
random,0.05,476,3780,3113,200
random,0.05,477,3829,3256,200
random,0.05,478,3617,3105,200
random,0.05,479,3812,3194,200
random,0.05,480,3816,3076,200
random,0.05,481,3804,3011,200
random,0.05,482,3798,3171,200
random,0.05,483,3818,3120,200
random,0.05,484,3805,3070,200
random,0.05,485,3735,3182,200
random,0.05,486,3814,2983,200
random,0.05,487,3831,3251,200
random,0.05,488,3832,3191,200
random,0.05,489,3810,3357,200
random,0.05,490,3826,3328,200
random,0.05,491,3812,3119,200
random,0.05,492,3794,3171,200
random,0.05,493,3820,3047,200
random,0.05,494,3829,3218,200
random,0.05,495,3772,3301,200
random,0.05,496,3817,3292,200
random,0.05,497,3836,3300,200
random,0.05,498,3820,3257,200
random,0.05,499,3816,3197,200
random,0.1,0,3616,2894,200
random,0.1,1,3623,3057,200
random,0.1,2,3583,2980,200
random,0.1,3,3614,3026,200
random,0.1,4,3613,3048,200
random,0.1,5,3613,3024,200
random,0.1,6,3579,2830,200
random,0.1,7,3626,2944,200
random,0.1,8,3618,2996,200
random,0.1,9,3579,2989,200
random,0.1,10,3453,2870,200
random,0.1,11,3441,2945,200
random,0.1,12,3627,3075,200
random,0.1,13,3389,2976,200
random,0.1,14,3625,3067,200
random,0.1,15,3585,2928,200
random,0.1,16,3614,3022,200
random,0.1,17,3607,2980,200
random,0.1,18,3622,3139,200
random,0.1,19,3621,2970,200
random,0.1,20,3566,2875,200
random,0.1,21,3616,2943,200
random,0.1,22,3581,2983,200
random,0.1,23,3629,2982,200
random,0.1,24,3570,3024,200
random,0.1,25,3632,3068,200
random,0.1,26,3578,3030,200
random,0.1,27,3619,3053,200
random,0.1,28,3586,2913,200
random,0.1,29,3631,3043,200
random,0.1,30,3623,2901,200
random,0.1,31,3553,2579,200
random,0.1,32,3632,2973,200
random,0.1,33,3629,2959,200
random,0.1,34,3602,3039,200
random,0.1,35,3550,2769,200
random,0.1,36,3568,2977,200
random,0.1,37,3585,2831,200
random,0.1,38,3615,2954,200
random,0.1,39,3560,3130,200
random,0.1,40,3405,2752,200
random,0.1,41,3597,2991,200
random,0.1,42,3403,2951,200
random,0.1,43,3580,2934,200
random,0.1,44,3586,3070,200
random,0.1,45,3602,2926,200
random,0.1,46,3576,2967,200
random,0.1,47,3599,2895,200
random,0.1,48,3617,2988,200
random,0.1,49,3617,3067,200
random,0.1,50,3630,2921,200
random,0.1,51,3583,2953,200
random,0.1,52,3599,3037,200
random,0.1,53,3579,2925,200
random,0.1,54,3570,2896,200
random,0.1,55,3621,3018,200
random,0.1,56,3628,3102,200
random,0.1,57,3594,2887,200
random,0.1,58,3609,2918,200
random,0.1,59,3572,2999,200
random,0.1,60,3568,2951,200
random,0.1,61,3609,3086,200
random,0.1,62,3625,2918,200
random,0.1,63,3568,2969,200
random,0.1,64,3625,2964,200
random,0.1,65,3621,2948,200
random,0.1,66,3605,2949,200
random,0.1,67,3617,2965,200
random,0.1,68,3536,2767,200
random,0.1,69,3602,3014,200
random,0.1,70,3575,2970,200
random,0.1,71,3626,3091,200
random,0.1,72,3606,3059,200
random,0.1,73,3595,2957,200
random,0.1,74,3413,2864,200
random,0.1,75,3616,2981,200
random,0.1,76,3623,3025,200
random,0.1,77,3548,2876,200
random,0.1,78,3628,3000,200
random,0.1,79,3554,2979,200
random,0.1,80,3589,2954,200
random,0.1,81,3623,2888,200
random,0.1,82,3596,3069,200
random,0.1,83,3576,2928,200
random,0.1,84,3601,2971,200
random,0.1,85,3625,3015,200
random,0.1,86,3596,3078,200
random,0.1,87,3601,2878,200
random,0.1,88,3636,3093,200
random,0.1,89,3604,3066,200
random,0.1,90,3613,2887,200
random,0.1,91,3613,2879,200
random,0.1,92,3604,3065,200
random,0.1,93,3585,2967,200
random,0.1,94,3610,2877,200
random,0.1,95,3570,3008,200
random,0.1,96,3611,2897,200
random,0.1,97,3595,3043,200
random,0.1,98,3575,2977,200
random,0.1,99,3568,2955,200
random,0.1,100,3617,3003,200
random,0.1,101,3629,2895,200
random,0.1,102,3441,2929,200
random,0.1,103,3538,2917,200
random,0.1,104,3541,2891,200
random,0.1,105,3414,2906,200
random,0.1,106,3612,3002,200
random,0.1,107,3616,3017,200
random,0.1,108,3619,3040,200
random,0.1,109,3612,2941,200
random,0.1,110,3630,3145,200
random,0.1,111,3554,2910,200
random,0.1,112,3615,2892,200
random,0.1,113,3602,2799,200
random,0.1,114,3566,3014,200
random,0.1,115,3626,3035,200
random,0.1,116,3601,2991,200
random,0.1,117,3596,3055,200
random,0.1,118,3631,3094,200
random,0.1,119,3612,3076,200
random,0.1,120,3568,3076,200
random,0.1,121,3440,2930,200
random,0.1,122,3629,3056,200
random,0.1,123,3560,2894,200
random,0.1,124,3553,2671,200
random,0.1,125,3618,3128,200
random,0.1,126,3597,2930,200
random,0.1,127,3599,2893,200
random,0.1,128,3579,3111,200
random,0.1,129,3600,3021,200
random,0.1,130,3455,2905,200
random,0.1,131,3614,3114,200
random,0.1,132,3607,2877,200
random,0.1,133,3577,3030,200
random,0.1,134,3612,3088,200
random,0.1,135,3588,2890,200
random,0.1,136,3622,3078,200
random,0.1,137,3617,3070,200
random,0.1,138,3535,3019,200
random,0.1,139,3619,3052,200
random,0.1,140,3598,2883,200
random,0.1,141,3603,2904,200
random,0.1,142,3571,2832,200
random,0.1,143,3627,3111,200
random,0.1,144,3635,3028,200
random,0.1,145,3592,2930,200
random,0.1,146,2947,2585,200
random,0.1,147,3588,3053,200
random,0.1,148,3620,3064,200
random,0.1,149,3612,2928,200
random,0.1,150,3626,3021,200
random,0.1,151,3616,3102,200
random,0.1,152,3443,2938,200
random,0.1,153,3597,2955,200
random,0.1,154,2928,2479,200
random,0.1,155,3610,3027,200
random,0.1,156,3592,2991,200
random,0.1,157,3596,2986,200
random,0.1,158,3449,2956,200
random,0.1,159,3554,2870,200
random,0.1,160,3620,3137,200
random,0.1,161,3620,3066,200
random,0.1,162,3581,2917,200
random,0.1,163,3624,2957,200
random,0.1,164,3593,2967,200
random,0.1,165,3454,2967,200
random,0.1,166,3586,2991,200
random,0.1,167,3634,2980,200
random,0.1,168,3446,2938,200
random,0.1,169,3589,2990,200
random,0.1,170,3599,3076,200
random,0.1,171,3633,2955,200
random,0.1,172,3593,2846,200
random,0.1,173,3624,3052,200
random,0.1,174,3605,2884,200
random,0.1,175,3615,3004,200
random,0.1,176,3617,3106,200
random,0.1,177,3621,3116,200
random,0.1,178,3604,2928,200
random,0.1,179,3627,2959,200
random,0.1,180,3622,3086,200
random,0.1,181,3594,2842,200
random,0.1,182,3627,2965,200
random,0.1,183,3625,3045,200
random,0.1,184,3574,2967,200
random,0.1,185,3563,2974,200
random,0.1,186,3621,3081,200
random,0.1,187,3437,2891,200
random,0.1,188,3623,2878,200
random,0.1,189,3518,2893,200
random,0.1,190,3606,3030,200
random,0.1,191,3631,3071,200
random,0.1,192,3570,2975,200
random,0.1,193,3600,3118,200
random,0.1,194,3608,2989,200
random,0.1,195,3567,3073,200
random,0.1,196,3601,2997,200
random,0.1,197,3607,3099,200
random,0.1,198,3594,2883,200
random,0.1,199,3618,3153,200
random,0.1,200,3618,2881,200
random,0.1,201,3557,3046,200
random,0.1,202,3607,3097,200
random,0.1,203,3627,2996,200
random,0.1,204,3578,2939,200
random,0.1,205,3601,3089,200
random,0.1,206,3576,3028,200
random,0.1,207,3619,2995,200
random,0.1,208,3587,3017,200
random,0.1,209,3455,2996,200
random,0.1,210,3550,2925,200
random,0.1,211,3608,3035,200
random,0.1,212,3595,3068,200
random,0.1,213,3627,3031,200
random,0.1,214,3586,2991,200
random,0.1,215,3557,3037,200
random,0.1,216,3603,2840,200
random,0.1,217,3459,2870,200
random,0.1,218,3611,2910,200
random,0.1,219,3630,3105,200
random,0.1,220,3539,3035,200
random,0.1,221,3626,2877,200
random,0.1,222,3615,2960,200
random,0.1,223,3588,2849,200
random,0.1,224,3451,2820,200
random,0.1,225,3565,3026,200
random,0.1,226,3621,2954,200
random,0.1,227,3625,2893,200
random,0.1,228,3605,3093,200
random,0.1,229,3416,2883,200
random,0.1,230,3583,3006,200
random,0.1,231,3608,3045,200
random,0.1,232,3598,2908,200
random,0.1,233,3531,2651,200
random,0.1,234,3603,3022,200
random,0.1,235,3605,2923,200
random,0.1,236,3613,3029,200
random,0.1,237,3390,2863,200
random,0.1,238,3446,2933,200
random,0.1,239,3619,2932,200
random,0.1,240,3620,3108,200
random,0.1,241,3614,3128,200
random,0.1,242,3615,3132,200
random,0.1,243,3609,3095,200
random,0.1,244,3606,3016,200
random,0.1,245,3603,2838,200
random,0.1,246,3596,2908,200
random,0.1,247,3574,2901,200
random,0.1,248,3627,2957,200
random,0.1,249,3615,3063,200
random,0.1,250,3621,3087,200
random,0.1,251,3571,3095,200
random,0.1,252,3389,2784,200
random,0.1,253,3601,2967,200
random,0.1,254,3623,3109,200
random,0.1,255,3580,2884,200
random,0.1,256,3583,3023,200
random,0.1,257,3619,2970,200
random,0.1,258,3609,3120,200
random,0.1,259,3623,3054,200
random,0.1,260,3620,3068,200
random,0.1,261,3619,3070,200
random,0.1,262,3569,2930,200
random,0.1,263,3567,2832,200
random,0.1,264,3551,2942,200
random,0.1,265,3622,3007,200
random,0.1,266,3595,2994,200
random,0.1,267,3597,2977,200
random,0.1,268,3583,2975,200
random,0.1,269,3573,2889,200
random,0.1,270,3625,3054,200
random,0.1,271,3619,2914,200
random,0.1,272,3600,2989,200
random,0.1,273,3612,3109,200
random,0.1,274,3615,2992,200
random,0.1,275,3627,2937,200
random,0.1,276,3579,3033,200
random,0.1,277,3569,2839,200
random,0.1,278,3588,2986,200
random,0.1,279,3609,3069,200
random,0.1,280,3623,2978,200
random,0.1,281,3623,2923,200
random,0.1,282,3617,3057,200
random,0.1,283,3635,3139,200
random,0.1,284,3589,2873,200
random,0.1,285,3564,3093,200
random,0.1,286,3560,2798,200
random,0.1,287,3605,3123,200
random,0.1,288,3592,2989,200
random,0.1,289,3566,3050,200
random,0.1,290,3615,3151,200
random,0.1,291,3619,2976,200
random,0.1,292,3561,3121,200
random,0.1,293,3605,2914,200
random,0.1,294,3400,2837,200
random,0.1,295,3565,3101,200
random,0.1,296,3631,2905,200
random,0.1,297,3577,2962,200
random,0.1,298,3607,2977,200
random,0.1,299,3618,3184,200
random,0.1,300,3614,2930,200
random,0.1,301,3572,2944,200
random,0.1,302,3388,2965,200
random,0.1,303,3596,2904,200
random,0.1,304,3517,2759,200
random,0.1,305,3582,2892,200
random,0.1,306,3554,2987,200
random,0.1,307,3622,3008,200
random,0.1,308,3617,3088,200
random,0.1,309,3594,2867,200
random,0.1,310,3624,2954,200
random,0.1,311,3545,2969,200
random,0.1,312,3624,3114,200
random,0.1,313,3606,2964,200
random,0.1,314,3611,2937,200
random,0.1,315,3621,2989,200
random,0.1,316,3630,2806,200
random,0.1,317,3618,3030,200
random,0.1,318,3603,2995,200
random,0.1,319,3626,2951,200
random,0.1,320,3629,3146,200
random,0.1,321,3621,2934,200
random,0.1,322,3613,3047,200
random,0.1,323,3615,3068,200
random,0.1,324,3345,2874,200
random,0.1,325,3614,3070,200
random,0.1,326,3570,3071,200
random,0.1,327,3629,3004,200
random,0.1,328,3613,3052,200
random,0.1,329,3602,2958,200
random,0.1,330,3581,2879,200
random,0.1,331,3615,3046,200
random,0.1,332,3578,3048,200
random,0.1,333,3599,2840,200
random,0.1,334,3627,2911,200
random,0.1,335,3608,2997,200
random,0.1,336,3616,3095,200
random,0.1,337,3540,2977,200
random,0.1,338,3594,3006,200
random,0.1,339,3632,3015,200
random,0.1,340,3588,2917,200
random,0.1,341,3619,3042,200
random,0.1,342,3530,2907,200
random,0.1,343,3566,2733,200
random,0.1,344,3601,3079,200
random,0.1,345,3344,2811,200
random,0.1,346,3608,3134,200
random,0.1,347,3613,3062,200
random,0.1,348,3635,3059,200
random,0.1,349,3622,3082,200
random,0.1,350,3578,3085,200
random,0.1,351,3634,2978,200
random,0.1,352,3613,3067,200
random,0.1,353,3432,2835,200
random,0.1,354,3613,2930,200
random,0.1,355,3572,2958,200
random,0.1,356,3612,2960,200
random,0.1,357,3459,2944,200
random,0.1,358,3583,3030,200
random,0.1,359,3600,2875,200
random,0.1,360,3403,2877,200
random,0.1,361,3567,2881,200
random,0.1,362,3617,3147,200
random,0.1,363,3612,3032,200
random,0.1,364,3628,3079,200
random,0.1,365,3623,2966,200
random,0.1,366,3556,2902,200
random,0.1,367,3582,2905,200
random,0.1,368,3609,2985,200
random,0.1,369,3607,2919,200
random,0.1,370,3543,3023,200
random,0.1,371,3573,2846,200
random,0.1,372,3552,2768,200
random,0.1,373,3572,2915,200
random,0.1,374,3608,2978,200
random,0.1,375,3611,3115,200
random,0.1,376,3577,2982,200
random,0.1,377,3619,3109,200
random,0.1,378,3392,2807,200
random,0.1,379,3622,3076,200
random,0.1,380,3616,2895,200
random,0.1,381,3622,3001,200
random,0.1,382,3597,3078,200
random,0.1,383,3626,3040,200
random,0.1,384,3592,3035,200
random,0.1,385,3444,2913,200
random,0.1,386,3550,2873,200
random,0.1,387,3553,2801,200
random,0.1,388,3602,3087,200
random,0.1,389,3443,2807,200
random,0.1,390,3609,3072,200
random,0.1,391,3626,2972,200
random,0.1,392,3582,2881,200
random,0.1,393,3612,2991,200
random,0.1,394,3625,2932,200
random,0.1,395,3604,2891,200
random,0.1,396,3565,2995,200
random,0.1,397,3560,2877,200
random,0.1,398,3624,3121,200
random,0.1,399,3621,2963,200
random,0.1,400,3563,2771,200
random,0.1,401,3621,3023,200
random,0.1,402,3630,3142,200
random,0.1,403,3538,2808,200
random,0.1,404,3620,2984,200
random,0.1,405,3603,3088,200
random,0.1,406,3573,2963,200
random,0.1,407,3609,3039,200
random,0.1,408,3397,2890,200
random,0.1,409,3605,2737,200
random,0.1,410,3592,3024,200
random,0.1,411,3629,2969,200
random,0.1,412,3601,3073,200
random,0.1,413,3583,3015,200
random,0.1,414,3620,3156,200
random,0.1,415,3614,3056,200
random,0.1,416,3581,3076,200
random,0.1,417,3622,2994,200
random,0.1,418,3575,3123,200
random,0.1,419,3564,2963,200
random,0.1,420,3580,2985,200
random,0.1,421,3565,3020,200
random,0.1,422,3592,2998,200
random,0.1,423,3619,3137,200
random,0.1,424,3548,2829,200
random,0.1,425,3589,3060,200
random,0.1,426,3578,3082,200
random,0.1,427,3623,2993,200
random,0.1,428,3624,3068,200
random,0.1,429,3584,2807,200
random,0.1,430,3612,2895,200
random,0.1,431,3610,3112,200
random,0.1,432,3619,3001,200
random,0.1,433,3567,2879,200
random,0.1,434,3609,2884,200
random,0.1,435,3617,3075,200
random,0.1,436,3619,2998,200
random,0.1,437,3621,3106,200
random,0.1,438,3568,3101,200
random,0.1,439,3600,2884,200
random,0.1,440,3568,2860,200
random,0.1,441,3605,2944,200
random,0.1,442,3616,2988,200
random,0.1,443,3614,3062,200
random,0.1,444,3574,2967,200
random,0.1,445,3632,3046,200
random,0.1,446,3605,3079,200
random,0.1,447,3595,3057,200
random,0.1,448,3589,3087,200
random,0.1,449,3588,2969,200
random,0.1,450,3611,3094,200
random,0.1,451,3625,3071,200
random,0.1,452,3578,2908,200
random,0.1,453,3590,3096,200
random,0.1,454,3610,3058,200
random,0.1,455,3576,2887,200
random,0.1,456,3619,3009,200
random,0.1,457,3603,2939,200
random,0.1,458,3576,3031,200
random,0.1,459,3619,3063,200
random,0.1,460,3564,2991,200
random,0.1,461,3633,3085,200
random,0.1,462,3620,3019,200
random,0.1,463,3622,2939,200
random,0.1,464,3615,2913,200
random,0.1,465,3619,3049,200
random,0.1,466,3539,2879,200
random,0.1,467,3630,2943,200
random,0.1,468,3566,3044,200
random,0.1,469,3573,3039,200
random,0.1,470,3609,3047,200
random,0.1,471,3610,3004,200
random,0.1,472,3632,2973,200
random,0.1,473,3617,3010,200
random,0.1,474,3599,3065,200
random,0.1,475,3603,3059,200
random,0.1,476,3596,3009,200
random,0.1,477,3613,3122,200
random,0.1,478,3623,2966,200
random,0.1,479,3553,2983,200
random,0.1,480,3583,3014,200
random,0.1,481,3616,2936,200
random,0.1,482,3577,2779,200
random,0.1,483,3539,2878,200
random,0.1,484,3432,2937,200
random,0.1,485,3543,3033,200
random,0.1,486,3604,3059,200
random,0.1,487,3613,2983,200
random,0.1,488,3614,2912,200
random,0.1,489,3587,2883,200
random,0.1,490,3625,2991,200
random,0.1,491,3586,2908,200
random,0.1,492,3594,2909,200
random,0.1,493,3607,2945,200
random,0.1,494,3581,2679,200
random,0.1,495,3588,2908,200
random,0.1,496,3588,3083,200
random,0.1,497,3605,3089,200
random,0.1,498,3624,3160,200
random,0.1,499,3624,3108,200
random,0.15,0,3405,2746,200
random,0.15,1,3354,2639,200
random,0.15,2,3402,2813,200
random,0.15,3,3411,2792,200
random,0.15,4,3395,2752,200
random,0.15,5,3374,2866,200
random,0.15,6,3191,2718,200
random,0.15,7,3355,2657,200
random,0.15,8,3389,2806,200
random,0.15,9,3390,2665,200
random,0.15,10,3351,2812,200
random,0.15,11,3418,2850,200
random,0.15,12,3340,2788,200
random,0.15,13,3341,2729,200
random,0.15,14,3364,2726,200
random,0.15,15,3400,2692,200
random,0.15,16,3408,2911,200
random,0.15,17,3394,2863,200
random,0.15,18,3258,2747,200
random,0.15,19,3421,2790,200
random,0.15,20,3294,2701,200
random,0.15,21,3398,2769,200
random,0.15,22,3405,2779,200
random,0.15,23,3408,2934,200
random,0.15,24,3423,2794,200
random,0.15,25,3349,2838,200
random,0.15,26,3376,2761,200
random,0.15,27,3400,2846,200
random,0.15,28,3376,2995,200
random,0.15,29,3209,2706,200
random,0.15,30,2739,2199,200
random,0.15,31,3392,2723,200
random,0.15,32,3430,2904,200
random,0.15,33,3372,2854,200
random,0.15,34,3311,2548,200
random,0.15,35,3380,2736,200
random,0.15,36,3414,2772,200
random,0.15,37,3407,2846,200
random,0.15,38,3380,2875,200
random,0.15,39,3364,2709,200
random,0.15,40,3413,2829,200
random,0.15,41,3354,2653,200
random,0.15,42,3414,2892,200
random,0.15,43,3353,2760,200
random,0.15,44,3357,2804,200
random,0.15,45,3323,2742,200
random,0.15,46,3363,2871,200
random,0.15,47,3370,2709,200
random,0.15,48,3242,2697,200
random,0.15,49,3207,2718,200
random,0.15,50,3313,2673,200
random,0.15,51,3392,2660,200
random,0.15,52,3181,2761,200
random,0.15,53,3390,2769,200
random,0.15,54,3408,2943,200
random,0.15,55,3356,2857,200
random,0.15,56,3406,2895,200
random,0.15,57,3372,2769,200
random,0.15,58,3337,2794,200
random,0.15,59,3320,2811,200
random,0.15,60,3348,2866,200
random,0.15,61,3413,2892,200
random,0.15,62,3405,2740,200
random,0.15,63,3371,2883,200
random,0.15,64,3366,2741,200
random,0.15,65,3400,2845,200
random,0.15,66,3299,2638,200
random,0.15,67,3330,2719,200
random,0.15,68,2793,2411,200
random,0.15,69,3422,2889,200
random,0.15,70,3396,2866,200
random,0.15,71,3404,2891,200
random,0.15,72,3378,2794,200
random,0.15,73,3398,2808,200
random,0.15,74,3241,2754,200
random,0.15,75,3421,2754,200
random,0.15,76,3411,2721,200
random,0.15,77,3404,2727,200
random,0.15,78,3381,2681,200
random,0.15,79,3409,2868,200
random,0.15,80,3255,2798,200
random,0.15,81,3408,2885,200
random,0.15,82,3407,2631,200
random,0.15,83,3376,2767,200
random,0.15,84,3399,2881,200
random,0.15,85,3340,2817,200
random,0.15,86,3344,2670,200
random,0.15,87,3376,2893,200
random,0.15,88,3414,2864,200
random,0.15,89,3387,2704,200
random,0.15,90,3361,2737,200
random,0.15,91,3386,2897,200
random,0.15,92,3422,2902,200
random,0.15,93,3387,2771,200
random,0.15,94,3415,2678,200
random,0.15,95,3405,2843,200
random,0.15,96,3265,2738,200
random,0.15,97,3420,2847,200
random,0.15,98,3357,2794,200
random,0.15,99,3380,2906,200
random,0.15,100,3423,2971,200
random,0.15,101,3424,2813,200
random,0.15,102,3416,2742,200
random,0.15,103,3365,2487,200
random,0.15,104,3404,2796,200
random,0.15,105,3400,2899,200
random,0.15,106,3297,2655,200
random,0.15,107,3374,2710,200
random,0.15,108,3390,2914,200
random,0.15,109,3382,2781,200
random,0.15,110,3422,2779,200
random,0.15,111,3399,2878,200
random,0.15,112,3392,2821,200
random,0.15,113,3355,2755,200
random,0.15,114,3375,2808,200
random,0.15,115,3362,2619,200
random,0.15,116,3361,2802,200
random,0.15,117,3324,2715,200
random,0.15,118,3418,2824,200
random,0.15,119,3368,2787,200
random,0.15,120,3396,2848,200
random,0.15,121,3404,2880,200
random,0.15,122,3389,2541,200
random,0.15,123,3362,2804,200
random,0.15,124,3234,2815,200
random,0.15,125,3424,2774,200
random,0.15,126,3405,2905,200
random,0.15,127,3405,2921,200
random,0.15,128,3408,2758,200
random,0.15,129,2783,2383,200
random,0.15,130,3373,2706,200
random,0.15,131,3348,2849,200
random,0.15,132,3396,2737,200
random,0.15,133,3409,2733,200
random,0.15,134,3363,2726,200
random,0.15,135,3383,2760,200
random,0.15,136,3399,2856,200
random,0.15,137,3332,2704,200
random,0.15,138,3171,2622,200
random,0.15,139,3390,2733,200
random,0.15,140,3388,2783,200
random,0.15,141,3396,2807,200
random,0.15,142,3369,2899,200
random,0.15,143,3411,2917,200
random,0.15,144,3430,2874,200
random,0.15,145,3407,2852,200
random,0.15,146,3420,2840,200
random,0.15,147,3404,2625,200
random,0.15,148,3416,2814,200
random,0.15,149,3353,2640,200
random,0.15,150,3405,2892,200
random,0.15,151,3357,2693,200
random,0.15,152,3408,2748,200
random,0.15,153,3400,2868,200
random,0.15,154,3399,2825,200
random,0.15,155,3396,2809,200
random,0.15,156,3376,2917,200
random,0.15,157,3395,2747,200
random,0.15,158,3398,2776,200
random,0.15,159,3369,2524,200
random,0.15,160,3368,2609,200
random,0.15,161,3398,2775,200
random,0.15,162,3297,2709,200
random,0.15,163,3396,2737,200
random,0.15,164,3419,2880,200
random,0.15,165,3363,2742,200
random,0.15,166,3344,2618,200
random,0.15,167,2724,2343,200
random,0.15,168,3244,2742,200
random,0.15,169,3344,2856,200
random,0.15,170,3412,2826,200
random,0.15,171,3212,2782,200
random,0.15,172,3192,2789,200
random,0.15,173,3325,2812,200
random,0.15,174,3219,2644,200
random,0.15,175,3364,2818,200
random,0.15,176,3193,2671,200
random,0.15,177,3416,2944,200
random,0.15,178,3364,2913,200
random,0.15,179,3396,2906,200
random,0.15,180,3421,2884,200
random,0.15,181,3371,2824,200
random,0.15,182,3388,2670,200
random,0.15,183,3336,2717,200
random,0.15,184,3406,2896,200
random,0.15,185,3400,2820,200
random,0.15,186,3377,2654,200
random,0.15,187,3418,2773,200
random,0.15,188,3362,2818,200
random,0.15,189,3410,2892,200
random,0.15,190,3412,2740,200
random,0.15,191,3393,2856,200
random,0.15,192,3368,2811,200
random,0.15,193,3423,2851,200
random,0.15,194,3384,2822,200
random,0.15,195,3400,2835,200
random,0.15,196,3410,2894,200
random,0.15,197,3413,2855,200
random,0.15,198,3425,2788,200
random,0.15,199,3364,2624,200
random,0.15,200,3379,2600,200
random,0.15,201,3360,2778,200
random,0.15,202,3391,2666,200
random,0.15,203,3400,2722,200
random,0.15,204,3402,2821,200
random,0.15,205,3393,2734,200
random,0.15,206,3409,2883,200
random,0.15,207,3395,2757,200
random,0.15,208,3403,2924,200
random,0.15,209,3380,2846,200
random,0.15,210,3395,2702,200
random,0.15,211,3385,2931,200
random,0.15,212,3345,2502,200
random,0.15,213,3403,2892,200
random,0.15,214,3360,2616,200
random,0.15,215,3335,2597,200
random,0.15,216,3422,2701,200
random,0.15,217,3414,2741,200
random,0.15,218,3382,2813,200
random,0.15,219,3336,2764,200
random,0.15,220,3320,2738,200
random,0.15,221,3397,2862,200
random,0.15,222,3387,2860,200
random,0.15,223,3375,2851,200
random,0.15,224,3420,2808,200
random,0.15,225,3367,2931,200
random,0.15,226,3330,2738,200
random,0.15,227,3377,2799,200
random,0.15,228,3385,2869,200
random,0.15,229,3387,2846,200
random,0.15,230,3349,2694,200
random,0.15,231,3244,2703,200
random,0.15,232,3389,2876,200
random,0.15,233,3402,2873,200
random,0.15,234,3253,2755,200
random,0.15,235,3405,2783,200
random,0.15,236,3424,2704,200
random,0.15,237,3204,2654,200
random,0.15,238,3422,2887,200
random,0.15,239,2785,2302,200
random,0.15,240,3326,2802,200
random,0.15,241,3387,2871,200
random,0.15,242,3411,2942,200
random,0.15,243,3379,2656,200
random,0.15,244,3311,2653,200
random,0.15,245,3185,2739,200
random,0.15,246,3400,2818,200
random,0.15,247,3360,2721,200
random,0.15,248,3385,2747,200
random,0.15,249,3378,2667,200
random,0.15,250,3240,2786,200
random,0.15,251,3399,2852,200
random,0.15,252,3411,2773,200
random,0.15,253,3165,2692,200
random,0.15,254,3371,2768,200
random,0.15,255,3425,2888,200
random,0.15,256,3412,2835,200
random,0.15,257,2909,2502,200
random,0.15,258,3234,2763,200
random,0.15,259,3337,2860,200
random,0.15,260,3377,2465,200
random,0.15,261,3367,2875,200
random,0.15,262,3406,2770,200
random,0.15,263,3399,2913,200
random,0.15,264,3414,2837,200
random,0.15,265,3388,2843,200
random,0.15,266,3355,2836,200
random,0.15,267,3353,2900,200
random,0.15,268,3372,2793,200
random,0.15,269,3294,2602,200
random,0.15,270,3378,2835,200
random,0.15,271,3318,2604,200
random,0.15,272,3356,2678,200
random,0.15,273,3427,2916,200
random,0.15,274,3355,2811,200
random,0.15,275,3400,2693,200
random,0.15,276,3381,2804,200
random,0.15,277,3420,2904,200
random,0.15,278,3356,2813,200
random,0.15,279,3248,2710,200
random,0.15,280,3409,2666,200
random,0.15,281,3406,2780,200
random,0.15,282,3261,2762,200
random,0.15,283,3303,2656,200
random,0.15,284,3417,2950,200
random,0.15,285,3421,2939,200
random,0.15,286,3426,2792,200
random,0.15,287,3356,2775,200
random,0.15,288,3417,2866,200
random,0.15,289,3216,2764,200
random,0.15,290,3392,2847,200
random,0.15,291,3392,2900,200
random,0.15,292,3420,2739,200
random,0.15,293,3383,2810,200
random,0.15,294,3421,2643,200
random,0.15,295,3375,2798,200
random,0.15,296,3382,2940,200
random,0.15,297,3400,2724,200
random,0.15,298,3337,2835,200
random,0.15,299,3332,2910,200
random,0.15,300,3384,2764,200
random,0.15,301,3381,2797,200
random,0.15,302,3410,2853,200
random,0.15,303,3406,2894,200
random,0.15,304,3429,2803,200
random,0.15,305,3368,2848,200
random,0.15,306,3383,2746,200
random,0.15,307,3223,2594,200
random,0.15,308,3382,2880,200
random,0.15,309,3428,2924,200
random,0.15,310,3410,2810,200
random,0.15,311,3364,2833,200
random,0.15,312,3368,2704,200
random,0.15,313,3374,2831,200
random,0.15,314,3251,2746,200
random,0.15,315,3390,2817,200
random,0.15,316,3369,2741,200
random,0.15,317,3425,2865,200
random,0.15,318,3402,2733,200
random,0.15,319,3347,2732,200
random,0.15,320,3366,2744,200
random,0.15,321,3350,2916,200
random,0.15,322,3427,2790,200
random,0.15,323,3426,2889,200
random,0.15,324,3398,2793,200
random,0.15,325,3205,2683,200
random,0.15,326,3429,2831,200
random,0.15,327,3418,2608,200
random,0.15,328,3364,2735,200
random,0.15,329,3389,2854,200
random,0.15,330,3399,2901,200
random,0.15,331,3399,2791,200
random,0.15,332,3422,2911,200
random,0.15,333,3408,2815,200
random,0.15,334,3391,2892,200
random,0.15,335,3379,2732,200
random,0.15,336,3395,2786,200
random,0.15,337,3423,2809,200
random,0.15,338,3399,2660,200
random,0.15,339,3424,2898,200
random,0.15,340,3240,2775,200
random,0.15,341,3236,2714,200
random,0.15,342,3337,2814,200
random,0.15,343,3394,2856,200
random,0.15,344,3402,2869,200
random,0.15,345,3396,2861,200
random,0.15,346,3426,2759,200
random,0.15,347,3390,2862,200
random,0.15,348,3372,2838,200
random,0.15,349,3356,2813,200
random,0.15,350,3404,2938,200
random,0.15,351,3406,2824,200
random,0.15,352,3405,2902,200
random,0.15,353,3365,2931,200
random,0.15,354,3380,2716,200
random,0.15,355,3383,2693,200
random,0.15,356,3383,2795,200
random,0.15,357,3403,2676,200
random,0.15,358,3357,2886,200
random,0.15,359,3417,2698,200
random,0.15,360,3348,2680,200
random,0.15,361,3418,2931,200
random,0.15,362,3370,2748,200
random,0.15,363,3230,2603,200
random,0.15,364,3189,2713,200
random,0.15,365,3245,2668,200
random,0.15,366,3377,2842,200
random,0.15,367,3422,2770,200
random,0.15,368,3367,2677,200
random,0.15,369,3411,2803,200
random,0.15,370,3395,2767,200
random,0.15,371,3383,2880,200
random,0.15,372,3370,2815,200
random,0.15,373,3414,2907,200
random,0.15,374,3375,2678,200
random,0.15,375,3325,2796,200
random,0.15,376,3422,2838,200
random,0.15,377,3392,2735,200
random,0.15,378,3350,2820,200
random,0.15,379,3419,2898,200
random,0.15,380,3401,2785,200
random,0.15,381,3365,2849,200
random,0.15,382,3384,2937,200
random,0.15,383,3398,2888,200
random,0.15,384,3289,2758,200
random,0.15,385,3432,2824,200
random,0.15,386,3387,2918,200
random,0.15,387,3410,2860,200
random,0.15,388,3367,2900,200
random,0.15,389,3362,2888,200
random,0.15,390,3377,2854,200
random,0.15,391,3333,2540,200
random,0.15,392,3390,2569,200
random,0.15,393,3420,2852,200
random,0.15,394,3176,2581,200
random,0.15,395,3391,2844,200
random,0.15,396,3376,2726,200
random,0.15,397,3205,2673,200
random,0.15,398,3411,2772,200
random,0.15,399,3421,2769,200
random,0.15,400,3236,2685,200
random,0.15,401,3394,2868,200
random,0.15,402,3375,2894,200
random,0.15,403,3371,2806,200
random,0.15,404,3412,2827,200
random,0.15,405,3412,2773,200
random,0.15,406,3393,2838,200
random,0.15,407,3322,2679,200
random,0.15,408,3203,2781,200
random,0.15,409,3353,2917,200
random,0.15,410,3413,2779,200
random,0.15,411,3336,2787,200
random,0.15,412,3389,2850,200
random,0.15,413,3332,2849,200
random,0.15,414,3374,2802,200
random,0.15,415,3349,2645,200
random,0.15,416,3378,2761,200
random,0.15,417,3186,2455,200
random,0.15,418,3414,2928,200
random,0.15,419,3425,2798,200
random,0.15,420,3262,2687,200
random,0.15,421,3426,2931,200
random,0.15,422,3393,2749,200
random,0.15,423,3411,2882,200
random,0.15,424,3396,2834,200
random,0.15,425,3397,2613,200
random,0.15,426,3392,2868,200
random,0.15,427,3229,2707,200
random,0.15,428,3404,2893,200
random,0.15,429,3379,2636,200
random,0.15,430,3372,2711,200
random,0.15,431,3395,2694,200
random,0.15,432,3397,2735,200
random,0.15,433,3212,2547,200
random,0.15,434,3411,2852,200
random,0.15,435,3311,2758,200
random,0.15,436,3376,2634,200
random,0.15,437,3421,2882,200
random,0.15,438,3397,2763,200
random,0.15,439,3417,2814,200
random,0.15,440,3349,2702,200
random,0.15,441,3433,2837,200
random,0.15,442,3402,2743,200
random,0.15,443,3371,2817,200
random,0.15,444,3422,2694,200
random,0.15,445,3409,2939,200
random,0.15,446,3242,2785,200
random,0.15,447,3398,2731,200
random,0.15,448,3401,2798,200
random,0.15,449,3387,2641,200
random,0.15,450,3351,2841,200
random,0.15,451,3404,2952,200
random,0.15,452,3398,2766,200
random,0.15,453,3194,2727,200
random,0.15,454,3357,2762,200
random,0.15,455,3425,2961,200
random,0.15,456,3363,2866,200
random,0.15,457,3408,2875,200
random,0.15,458,3395,2893,200
random,0.15,459,3371,2595,200
random,0.15,460,3355,2660,200
random,0.15,461,3403,2806,200
random,0.15,462,3430,2915,200
random,0.15,463,3211,2819,200
random,0.15,464,3421,2950,200
random,0.15,465,3393,2920,200
random,0.15,466,3419,2766,200
random,0.15,467,3361,2767,200
random,0.15,468,3416,2804,200
random,0.15,469,3253,2734,200
random,0.15,470,3414,2891,200
random,0.15,471,3416,2813,200
random,0.15,472,3339,2649,200
random,0.15,473,3415,2894,200
random,0.15,474,3399,2739,200
random,0.15,475,3382,2637,200
random,0.15,476,3202,2537,200
random,0.15,477,3395,2925,200
random,0.15,478,3377,2750,200
random,0.15,479,3419,2745,200
random,0.15,480,3340,2676,200
random,0.15,481,3210,2723,200
random,0.15,482,3415,2858,200
random,0.15,483,3385,2759,200
random,0.15,484,3370,2477,200
random,0.15,485,3345,2730,200
random,0.15,486,3367,2846,200
random,0.15,487,3382,2873,200
random,0.15,488,3374,2792,200
random,0.15,489,3363,2771,200
random,0.15,490,3412,2852,200
random,0.15,491,3188,2649,200
random,0.15,492,3385,2861,200
random,0.15,493,3397,2805,200
random,0.15,494,3397,2767,200
random,0.15,495,3397,2825,200
random,0.15,496,3307,2572,200
random,0.15,497,3361,2780,200
random,0.15,498,3415,2880,200
random,0.15,499,3383,2743,200
random,0.2,0,3161,2759,200
random,0.2,1,3104,2304,200
random,0.2,2,3154,2664,200
random,0.2,3,3181,2578,200
random,0.2,4,3205,2612,200
random,0.2,5,3209,2566,200
random,0.2,6,3210,2646,200
random,0.2,7,3010,2495,200
random,0.2,8,3138,2588,200
random,0.2,9,3222,2564,200
random,0.2,10,3197,2678,200
random,0.2,11,3203,2672,200
random,0.2,12,3208,2694,200
random,0.2,13,3199,2648,200
random,0.2,14,3182,2567,200
random,0.2,15,3167,2483,200
random,0.2,16,3222,2584,200
random,0.2,17,3158,2554,200
random,0.2,18,3156,2555,200
random,0.2,19,3192,2572,200
random,0.2,20,3158,2181,200
random,0.2,21,3222,2653,200
random,0.2,22,2978,2397,200
random,0.2,23,3203,2762,200
random,0.2,24,3148,2495,200
random,0.2,25,3144,2612,200
random,0.2,26,3183,2634,200
random,0.2,27,3204,2694,200
random,0.2,28,3174,2504,200
random,0.2,29,3201,2585,200
random,0.2,30,3172,2610,200
random,0.2,31,3050,2653,200
random,0.2,32,3186,2494,200
random,0.2,33,3224,2681,200
random,0.2,34,3134,2537,200
random,0.2,35,3179,2560,200
random,0.2,36,3170,2552,200
random,0.2,37,3069,2588,200
random,0.2,38,3186,2496,200
random,0.2,39,3155,2692,200
random,0.2,40,3192,2560,200
random,0.2,41,3175,2664,200
random,0.2,42,3195,2618,200
random,0.2,43,3145,2503,200
random,0.2,44,3037,2426,200
random,0.2,45,3186,2321,200
random,0.2,46,3203,2658,200
random,0.2,47,3182,2672,200
random,0.2,48,3045,2446,200
random,0.2,49,3162,2539,200
random,0.2,50,3185,2410,200
random,0.2,51,3153,2744,200
random,0.2,52,3218,2561,200
random,0.2,53,3038,2535,200
random,0.2,54,3198,2618,200
random,0.2,55,3193,2587,200
random,0.2,56,3215,2626,200
random,0.2,57,3166,2554,200
random,0.2,58,3009,2519,200
random,0.2,59,3134,2437,200
random,0.2,60,3123,2620,200
random,0.2,61,3193,2608,200
random,0.2,62,3159,2668,200
random,0.2,63,3174,2607,200
random,0.2,64,3221,2676,200
random,0.2,65,3167,2675,200
random,0.2,66,3162,2436,200
random,0.2,67,3141,2413,200
random,0.2,68,3187,2643,200
random,0.2,69,3021,2484,200
random,0.2,70,3204,2626,200
random,0.2,71,3121,2547,200
random,0.2,72,3125,2531,200
random,0.2,73,3019,2436,200
random,0.2,74,3060,2606,200
random,0.2,75,3208,2624,200
random,0.2,76,3191,2704,200
random,0.2,77,3182,2518,200
random,0.2,78,2987,2487,200
random,0.2,79,3018,2559,200
random,0.2,80,3164,2490,200
random,0.2,81,3155,2440,200
random,0.2,82,3162,2522,200
random,0.2,83,3179,2734,200
random,0.2,84,3070,2529,200
random,0.2,85,3223,2753,200
random,0.2,86,3185,2529,200
random,0.2,87,3145,2429,200
random,0.2,88,3204,2592,200
random,0.2,89,3165,2257,200
random,0.2,90,3198,2479,200
random,0.2,91,3153,2423,200
random,0.2,92,3031,2412,200
random,0.2,93,2992,2508,200
random,0.2,94,3208,2644,200
random,0.2,95,3119,2388,200
random,0.2,96,3210,2688,200
random,0.2,97,3148,2629,200
random,0.2,98,2936,2444,200
random,0.2,99,3142,2597,200
random,0.2,100,3024,2632,200
random,0.2,101,3170,2542,200
random,0.2,102,3157,2554,200
random,0.2,103,3172,2656,200
random,0.2,104,3213,2600,200
random,0.2,105,3174,2588,200
random,0.2,106,3196,2592,200
random,0.2,107,3077,2601,200
random,0.2,108,3073,2343,200
random,0.2,109,3139,2576,200
random,0.2,110,3223,2681,200
random,0.2,111,3150,2608,200
random,0.2,112,3167,2645,200
random,0.2,113,3219,2751,200
random,0.2,114,3179,2496,200
random,0.2,115,3162,2665,200
random,0.2,116,3211,2749,200
random,0.2,117,3187,2430,200
random,0.2,118,3203,2656,200
random,0.2,119,2994,2277,200
random,0.2,120,3142,2624,200
random,0.2,121,3218,2666,200
random,0.2,122,3213,2631,200
random,0.2,123,3158,2622,200
random,0.2,124,3129,2467,200
random,0.2,125,3172,2484,200
random,0.2,126,3063,2582,200
random,0.2,127,3165,2664,200
random,0.2,128,3000,2396,200
random,0.2,129,2964,2353,200
random,0.2,130,3194,2551,200
random,0.2,131,3209,2699,200
random,0.2,132,2964,2193,200
random,0.2,133,3124,2407,200
random,0.2,134,3118,2569,200
random,0.2,135,3188,2643,200
random,0.2,136,3215,2642,200
random,0.2,137,3121,2570,200
random,0.2,138,3154,2576,200
random,0.2,139,3201,2736,200
random,0.2,140,3010,2533,200
random,0.2,141,3216,2657,200
random,0.2,142,3108,2452,200
random,0.2,143,3214,2625,200
random,0.2,144,3201,2595,200
random,0.2,145,3142,2592,200
random,0.2,146,3206,2733,200
random,0.2,147,3151,2588,200
random,0.2,148,3157,2667,200
random,0.2,149,2981,2512,200
random,0.2,150,3180,2557,200
random,0.2,151,3019,2492,200
random,0.2,152,3136,2153,200
random,0.2,153,3114,2615,200
random,0.2,154,3184,2402,200
random,0.2,155,3129,2453,200
random,0.2,156,3139,2609,200
random,0.2,157,3161,2571,200
random,0.2,158,3199,2582,200
random,0.2,159,3145,2725,200
random,0.2,160,3182,2617,200
random,0.2,161,3167,2328,200
random,0.2,162,3182,2488,200
random,0.2,163,3152,2712,200
random,0.2,164,3166,2529,200
random,0.2,165,3177,2659,200
random,0.2,166,3217,2726,200
random,0.2,167,3021,2196,200
random,0.2,168,2992,2480,200
random,0.2,169,3196,2684,200
random,0.2,170,2980,2517,200
random,0.2,171,3194,2418,200
random,0.2,172,3178,2615,200
random,0.2,173,3176,2577,200
random,0.2,174,3111,2404,200
random,0.2,175,3198,2589,200
random,0.2,176,2984,2568,200
random,0.2,177,3145,2658,200
random,0.2,178,3171,2623,200
random,0.2,179,3006,2386,200
random,0.2,180,3163,2553,200
random,0.2,181,3191,2688,200
random,0.2,182,3180,2727,200
random,0.2,183,3173,2704,200
random,0.2,184,3147,2365,200
random,0.2,185,3149,2592,200
random,0.2,186,3204,2704,200
random,0.2,187,3181,2679,200
random,0.2,188,3157,2475,200
random,0.2,189,3222,2619,200
random,0.2,190,3143,2506,200
random,0.2,191,3206,2643,200
random,0.2,192,3166,2697,200
random,0.2,193,3219,2563,200
random,0.2,194,3132,2428,200
random,0.2,195,3024,2418,200
random,0.2,196,3007,2555,200
random,0.2,197,3179,2688,200
random,0.2,198,3134,2556,200
random,0.2,199,3161,2697,200
random,0.2,200,3061,2586,200
random,0.2,201,2968,2496,200
random,0.2,202,3182,2579,200
random,0.2,203,3029,2516,200
random,0.2,204,3042,2603,200
random,0.2,205,3090,2578,200
random,0.2,206,3136,2436,200
random,0.2,207,3177,2605,200
random,0.2,208,3204,2602,200
random,0.2,209,3179,2705,200
random,0.2,210,3192,2514,200
random,0.2,211,3137,2207,200
random,0.2,212,3092,2459,200
random,0.2,213,3208,2697,200
random,0.2,214,3156,2688,200
random,0.2,215,3014,2425,200
random,0.2,216,3169,2437,200
random,0.2,217,3203,2704,200
random,0.2,218,3174,2626,200
random,0.2,219,3107,2629,200
random,0.2,220,3209,2651,200
random,0.2,221,3218,2725,200
random,0.2,222,3176,2639,200
random,0.2,223,3134,2382,200
random,0.2,224,3168,2601,200
random,0.2,225,3176,2126,200
random,0.2,226,3160,2669,200
random,0.2,227,3200,2708,200
random,0.2,228,3116,2493,200
random,0.2,229,3171,2531,200
random,0.2,230,3220,2669,200
random,0.2,231,3031,2435,200
random,0.2,232,2975,2395,200
random,0.2,233,3159,2515,200
random,0.2,234,3191,2716,200
random,0.2,235,3143,2578,200
random,0.2,236,3142,2693,200
random,0.2,237,3160,2547,200
random,0.2,238,3201,2671,200
random,0.2,239,3215,2579,200
random,0.2,240,3176,2719,200
random,0.2,241,3043,2584,200
random,0.2,242,3027,2527,200
random,0.2,243,3010,2583,200
random,0.2,244,3189,2612,200
random,0.2,245,3051,2519,200
random,0.2,246,3169,2648,200
random,0.2,247,3027,2591,200
random,0.2,248,3200,2481,200
random,0.2,249,3199,2756,200
random,0.2,250,3097,2581,200
random,0.2,251,3168,2358,200
random,0.2,252,3197,2582,200
random,0.2,253,3207,2761,200
random,0.2,254,3015,2558,200
random,0.2,255,3061,2550,200
random,0.2,256,2943,2521,200
random,0.2,257,3211,2462,200
random,0.2,258,2987,2473,200
random,0.2,259,3128,2469,200
random,0.2,260,3010,2433,200
random,0.2,261,3160,2723,200
random,0.2,262,3039,2614,200
random,0.2,263,3033,2499,200
random,0.2,264,3024,2542,200
random,0.2,265,3199,2752,200
random,0.2,266,3203,2571,200
random,0.2,267,3156,2609,200
random,0.2,268,3156,2658,200
random,0.2,269,3186,2564,200
random,0.2,270,3111,2503,200
random,0.2,271,3161,2670,200
random,0.2,272,3122,2518,200
random,0.2,273,3225,2554,200
random,0.2,274,3185,2508,200
random,0.2,275,3029,2494,200
random,0.2,276,3179,2571,200
random,0.2,277,3199,2650,200
random,0.2,278,3172,2678,200
random,0.2,279,3102,2638,200
random,0.2,280,3126,2646,200
random,0.2,281,3155,2609,200
random,0.2,282,3129,2701,200
random,0.2,283,2969,2421,200
random,0.2,284,3154,2650,200
random,0.2,285,3157,2433,200
random,0.2,286,3032,2511,200
random,0.2,287,3164,2659,200
random,0.2,288,3173,2652,200
random,0.2,289,3190,2583,200
random,0.2,290,3196,2551,200
random,0.2,291,3187,2649,200
random,0.2,292,3155,2566,200
random,0.2,293,3209,2590,200
random,0.2,294,3134,2435,200
random,0.2,295,3196,2737,200
random,0.2,296,3182,2502,200
random,0.2,297,3017,2273,200
random,0.2,298,3085,2323,200
random,0.2,299,3169,2627,200
random,0.2,300,3171,2598,200
random,0.2,301,3148,2584,200
random,0.2,302,3191,2671,200
random,0.2,303,3136,2457,200
random,0.2,304,3167,2617,200
random,0.2,305,3143,2240,200
random,0.2,306,3033,2502,200
random,0.2,307,3100,2667,200
random,0.2,308,3196,2531,200
random,0.2,309,3155,2605,200
random,0.2,310,3031,2525,200
random,0.2,311,2997,2531,200
random,0.2,312,3184,2572,200
random,0.2,313,3124,2648,200
random,0.2,314,3038,2583,200
random,0.2,315,3181,2685,200
random,0.2,316,2994,2489,200
random,0.2,317,3110,2282,200
random,0.2,318,3140,2616,200
random,0.2,319,3064,2592,200
random,0.2,320,3174,2585,200
random,0.2,321,3182,2502,200
random,0.2,322,3145,2413,200
random,0.2,323,3201,2697,200
random,0.2,324,3053,2551,200
random,0.2,325,3163,2540,200
random,0.2,326,3203,2529,200
random,0.2,327,3201,2656,200
random,0.2,328,3141,2666,200
random,0.2,329,3058,2599,200
random,0.2,330,3210,2698,200
random,0.2,331,2876,2471,200
random,0.2,332,3172,2667,200
random,0.2,333,3125,2678,200
random,0.2,334,3028,2545,200
random,0.2,335,3141,2664,200
random,0.2,336,3169,2331,200
random,0.2,337,3163,2457,200
random,0.2,338,3128,2575,200
random,0.2,339,3222,2538,200
random,0.2,340,3212,2566,200
random,0.2,341,3194,2612,200
random,0.2,342,3144,2333,200
random,0.2,343,3213,2663,200
random,0.2,344,3167,2342,200
random,0.2,345,3170,2637,200
random,0.2,346,3171,2648,200
random,0.2,347,3202,2667,200
random,0.2,348,3183,2548,200
random,0.2,349,3171,2759,200
random,0.2,350,2911,2378,200
random,0.2,351,3107,2581,200
random,0.2,352,2986,2471,200
random,0.2,353,3173,2620,200
random,0.2,354,3178,2518,200
random,0.2,355,3204,2500,200
random,0.2,356,3129,2565,200
random,0.2,357,2979,2455,200
random,0.2,358,3204,2680,200
random,0.2,359,3142,2551,200
random,0.2,360,3195,2736,200
random,0.2,361,2996,2338,200
random,0.2,362,3038,2562,200
random,0.2,363,3060,2636,200
random,0.2,364,3218,2622,200
random,0.2,365,3112,2423,200
random,0.2,366,3182,2578,200
random,0.2,367,3191,2728,200
random,0.2,368,3211,2709,200
random,0.2,369,3139,2606,200
random,0.2,370,2996,2449,200
random,0.2,371,3199,2659,200
random,0.2,372,3014,2622,200
random,0.2,373,3112,2330,200
random,0.2,374,3209,2654,200
random,0.2,375,3157,2426,200
random,0.2,376,3139,2562,200
random,0.2,377,3186,2524,200
random,0.2,378,3198,2606,200
random,0.2,379,3020,2544,200
random,0.2,380,3203,2221,200
random,0.2,381,3172,2519,200
random,0.2,382,3196,2597,200
random,0.2,383,3189,2743,200
random,0.2,384,3000,2428,200
random,0.2,385,3171,2500,200
random,0.2,386,3153,2538,200
random,0.2,387,3180,2368,200
random,0.2,388,3212,2738,200
random,0.2,389,3170,2718,200
random,0.2,390,3040,2545,200
random,0.2,391,3176,2579,200
random,0.2,392,3075,2508,200
random,0.2,393,3132,2455,200
random,0.2,394,3060,2367,200
random,0.2,395,3182,2688,200
random,0.2,396,3010,2559,200
random,0.2,397,3168,2329,200
random,0.2,398,3109,2498,200
random,0.2,399,3201,2608,200
random,0.2,400,3034,2314,200
random,0.2,401,3167,2701,200
random,0.2,402,3142,2086,200
random,0.2,403,3018,2529,200
random,0.2,404,2990,2428,200
random,0.2,405,3061,2443,200
random,0.2,406,3197,2765,200
random,0.2,407,3157,2572,200
random,0.2,408,3214,2562,200
random,0.2,409,2650,2039,200
random,0.2,410,3155,2634,200
random,0.2,411,3202,2737,200
random,0.2,412,3159,2226,200
random,0.2,413,3003,2477,200
random,0.2,414,3062,2558,200
random,0.2,415,3001,2486,200
random,0.2,416,3158,2642,200
random,0.2,417,3136,2577,200
random,0.2,418,3166,2642,200
random,0.2,419,3110,2573,200
random,0.2,420,3196,2410,200
random,0.2,421,3155,2391,200
random,0.2,422,3115,2542,200
random,0.2,423,3172,2632,200
random,0.2,424,2756,2245,200
random,0.2,425,3016,2458,200
random,0.2,426,3201,2672,200
random,0.2,427,3176,2592,200
random,0.2,428,3144,2701,200
random,0.2,429,3184,2499,200
random,0.2,430,3195,2560,200
random,0.2,431,3100,2636,200
random,0.2,432,3209,2652,200
random,0.2,433,3152,2449,200
random,0.2,434,3192,2598,200
random,0.2,435,3147,2489,200
random,0.2,436,3203,2718,200
random,0.2,437,3210,2606,200
random,0.2,438,3202,2736,200
random,0.2,439,3098,2561,200
random,0.2,440,3013,2525,200
random,0.2,441,3179,2620,200
random,0.2,442,3193,2638,200
random,0.2,443,3229,2668,200
random,0.2,444,3221,2761,200
random,0.2,445,3228,2529,200
random,0.2,446,3148,2452,200
random,0.2,447,3197,2637,200
random,0.2,448,3110,2611,200
random,0.2,449,3212,2689,200
random,0.2,450,3163,2681,200
random,0.2,451,3215,2532,200
random,0.2,452,3152,2474,200
random,0.2,453,3031,2559,200
random,0.2,454,3102,2399,200
random,0.2,455,3144,2655,200
random,0.2,456,3183,2598,200
random,0.2,457,3188,2388,200
random,0.2,458,3022,2397,200
random,0.2,459,3177,2665,200
random,0.2,460,3229,2722,200
random,0.2,461,3145,2600,200
random,0.2,462,3216,2735,200
random,0.2,463,3056,2594,200
random,0.2,464,3037,2542,200
random,0.2,465,3175,2517,200
random,0.2,466,3109,2179,200
random,0.2,467,3161,2725,200
random,0.2,468,3165,2554,200
random,0.2,469,3011,2459,200
random,0.2,470,3162,2484,200
random,0.2,471,3126,2521,200
random,0.2,472,3074,2496,200
random,0.2,473,3150,2605,200
random,0.2,474,3102,2541,200
random,0.2,475,3183,2542,200
random,0.2,476,3164,2457,200
random,0.2,477,3226,2696,200
random,0.2,478,3039,2545,200
random,0.2,479,3053,2604,200
random,0.2,480,3165,2470,200
random,0.2,481,3195,2628,200
random,0.2,482,3009,2442,200
random,0.2,483,3165,2579,200
random,0.2,484,3154,2609,200
random,0.2,485,2981,2589,200
random,0.2,486,3204,2703,200
random,0.2,487,3215,2742,200
random,0.2,488,2998,2408,200
random,0.2,489,3200,2530,200
random,0.2,490,3197,2662,200
random,0.2,491,2966,2347,200
random,0.2,492,3176,2557,200
random,0.2,493,3215,2709,200
random,0.2,494,3181,2672,200
random,0.2,495,3139,2454,200
random,0.2,496,3223,2700,200
random,0.2,497,3053,2502,200
random,0.2,498,3165,2490,200
random,0.2,499,3166,2612,200
degree,0.01,0,3906,2966,200
degree,0.01,1,3901,3007,200
degree,0.01,2,3887,3159,200
degree,0.01,3,3902,2964,200
degree,0.01,4,3896,3032,200
degree,0.01,5,3888,3037,200
degree,0.01,6,3843,3066,200
degree,0.01,7,3888,3183,200
degree,0.01,8,3901,3167,200
degree,0.01,9,3890,3082,200
degree,0.01,10,3901,3162,200
degree,0.01,11,3886,3211,200
degree,0.01,12,3894,3113,200
degree,0.01,13,3896,3176,200
degree,0.01,14,3906,3183,200
degree,0.01,15,3884,3099,200
degree,0.01,16,3887,3155,200
degree,0.01,17,3878,3041,200
degree,0.01,18,3832,3094,200
degree,0.01,19,3892,3099,200
degree,0.01,20,3902,3151,200
degree,0.01,21,3884,3114,200
degree,0.01,22,3890,3067,200
degree,0.01,23,3908,3158,200
degree,0.01,24,3895,3035,200
degree,0.01,25,3911,3156,200
degree,0.01,26,3892,3130,200
degree,0.01,27,3809,3064,200
degree,0.01,28,3893,3082,200
degree,0.01,29,3881,2902,200
degree,0.01,30,3903,2996,200
degree,0.01,31,3843,3097,200
degree,0.01,32,3885,3218,200
degree,0.01,33,3893,3001,200
degree,0.01,34,3903,3037,200
degree,0.01,35,3893,3032,200
degree,0.01,36,3892,3022,200
degree,0.01,37,3897,3065,200
degree,0.01,38,3894,3080,200
degree,0.01,39,3887,2960,200
degree,0.01,40,3907,3183,200
degree,0.01,41,3890,3057,200
degree,0.01,42,3885,3214,200
degree,0.01,43,3904,3043,200
degree,0.01,44,3908,3197,200
degree,0.01,45,3887,3101,200
degree,0.01,46,3888,3040,200
degree,0.01,47,3886,3110,200
degree,0.01,48,3898,3181,200
degree,0.01,49,3902,3081,200
degree,0.01,50,3887,3163,200
degree,0.01,51,3889,3038,200
degree,0.01,52,3881,3176,200
degree,0.01,53,3908,3057,200
degree,0.01,54,3903,3213,200
degree,0.01,55,3893,3083,200
degree,0.01,56,3901,3017,200
degree,0.01,57,3894,3046,200
degree,0.01,58,3831,3173,200
degree,0.01,59,3883,3204,200
degree,0.01,60,3877,3031,200
degree,0.01,61,3892,3165,200
degree,0.01,62,3914,3194,200
degree,0.01,63,3891,3071,200
degree,0.01,64,3892,2987,200
degree,0.01,65,3903,3174,200
degree,0.01,66,3910,3138,200
degree,0.01,67,3895,3127,200
degree,0.01,68,3900,2917,200
degree,0.01,69,3883,3085,200
degree,0.01,70,3909,3025,200
degree,0.01,71,3901,3245,200
degree,0.01,72,3898,2992,200
degree,0.01,73,3900,2981,200
degree,0.01,74,3889,3113,200
degree,0.01,75,3899,3065,200
degree,0.01,76,3878,3038,200
degree,0.01,77,3905,3108,200
degree,0.01,78,3698,3030,200
degree,0.01,79,3899,3166,200
degree,0.01,80,3880,3115,200
degree,0.01,81,3912,3099,200
degree,0.01,82,3893,3078,200
degree,0.01,83,3889,3017,200
degree,0.01,84,3889,3141,200
degree,0.01,85,3904,3114,200
degree,0.01,86,3899,3046,200
degree,0.01,87,3904,2979,200
degree,0.01,88,3897,3017,200
degree,0.01,89,3907,3059,200
degree,0.01,90,3893,2986,200
degree,0.01,91,3891,3159,200
degree,0.01,92,3895,3132,200
degree,0.01,93,3901,3018,200
degree,0.01,94,3889,3166,200
degree,0.01,95,3879,2998,200
degree,0.01,96,3904,3190,200
degree,0.01,97,3897,3191,200
degree,0.01,98,3899,3101,200
degree,0.01,99,3900,3114,200
degree,0.01,100,3898,3229,200
degree,0.01,101,3898,3097,200
degree,0.01,102,3902,2980,200
degree,0.01,103,3906,2957,200
degree,0.01,104,3878,2968,200
degree,0.01,105,3894,2864,200
degree,0.01,106,3900,3031,200
degree,0.01,107,3872,2994,200
degree,0.01,108,3898,3055,200
degree,0.01,109,3893,3012,200
degree,0.01,110,3886,3161,200
degree,0.01,111,3893,2944,200
degree,0.01,112,3906,2999,200
degree,0.01,113,3908,3145,200
degree,0.01,114,3904,3194,200
degree,0.01,115,3906,3027,200
degree,0.01,116,3898,3108,200
degree,0.01,117,3903,3043,200
degree,0.01,118,3874,3083,200
degree,0.01,119,3880,3130,200
degree,0.01,120,3872,3113,200
degree,0.01,121,3893,3166,200
degree,0.01,122,3849,3087,200
degree,0.01,123,3892,3023,200
degree,0.01,124,3896,3102,200
degree,0.01,125,3909,3008,200
degree,0.01,126,3903,3169,200
degree,0.01,127,3893,3143,200
degree,0.01,128,3897,3056,200
degree,0.01,129,3895,3180,200
degree,0.01,130,3889,3083,200
degree,0.01,131,3906,2982,200
degree,0.01,132,3892,3034,200
degree,0.01,133,3890,3007,200
degree,0.01,134,3892,3135,200
degree,0.01,135,3878,3059,200
degree,0.01,136,3894,3135,200
degree,0.01,137,3892,2998,200
degree,0.01,138,3888,3022,200
degree,0.01,139,3881,3172,200
degree,0.01,140,3873,2961,200
degree,0.01,141,3899,3046,200
degree,0.01,142,3891,2998,200
degree,0.01,143,3883,3020,200
degree,0.01,144,3894,3159,200
degree,0.01,145,3911,3019,200
degree,0.01,146,3891,3186,200
degree,0.01,147,3876,3125,200
degree,0.01,148,3878,3237,200
degree,0.01,149,3896,3157,200
degree,0.01,150,3894,3237,200
degree,0.01,151,3895,3150,200
degree,0.01,152,3892,3154,200
degree,0.01,153,3898,2943,200
degree,0.01,154,3891,3019,200
degree,0.01,155,3895,3207,200
degree,0.01,156,3908,3137,200
degree,0.01,157,3894,3205,200
degree,0.01,158,3897,3050,200
degree,0.01,159,3888,3130,200
degree,0.01,160,3904,3068,200
degree,0.01,161,3886,2971,200
degree,0.01,162,3896,2997,200
degree,0.01,163,3904,3158,200
degree,0.01,164,3888,3019,200
degree,0.01,165,3882,3081,200
degree,0.01,166,3904,2935,200
degree,0.01,167,3895,3226,200
degree,0.01,168,3897,3121,200
degree,0.01,169,3886,3168,200
degree,0.01,170,3890,3166,200
degree,0.01,171,3890,3192,200
degree,0.01,172,3908,3093,200
degree,0.01,173,3914,3094,200
degree,0.01,174,3880,3145,200
degree,0.01,175,3889,2897,200
degree,0.01,176,3909,3228,200
degree,0.01,177,3885,3122,200
degree,0.01,178,3889,3004,200
degree,0.01,179,3911,3158,200
degree,0.01,180,3893,3168,200
degree,0.01,181,3893,3107,200
degree,0.01,182,3901,3124,200
degree,0.01,183,3890,3113,200
degree,0.01,184,3887,3069,200
degree,0.01,185,3886,2970,200
degree,0.01,186,3896,3179,200
degree,0.01,187,3883,2989,200
degree,0.01,188,3910,3155,200
degree,0.01,189,3902,3130,200
degree,0.01,190,3813,3079,200
degree,0.01,191,3902,3072,200
degree,0.01,192,3917,3167,200
degree,0.01,193,3905,3074,200
degree,0.01,194,3903,3082,200
degree,0.01,195,3904,3190,200
degree,0.01,196,3862,3102,200
degree,0.01,197,3885,3207,200
degree,0.01,198,3872,3089,200
degree,0.01,199,3829,3194,200
degree,0.01,200,3899,3033,200
degree,0.01,201,3892,3043,200
degree,0.01,202,3888,2901,200
degree,0.01,203,3902,3252,200
degree,0.01,204,3870,3205,200
degree,0.01,205,3882,3075,200
degree,0.01,206,3897,2922,200
degree,0.01,207,3910,2962,200
degree,0.01,208,3892,2999,200
degree,0.01,209,3897,3197,200
degree,0.01,210,3892,3041,200
degree,0.01,211,3900,3136,200
degree,0.01,212,3894,3055,200
degree,0.01,213,3874,3168,200
degree,0.01,214,3899,3045,200
degree,0.01,215,3900,3142,200
degree,0.01,216,3904,2907,200
degree,0.01,217,3896,3082,200
degree,0.01,218,3869,2994,200
degree,0.01,219,3885,3109,200
degree,0.01,220,3886,3139,200
degree,0.01,221,3897,3179,200
degree,0.01,222,3897,3147,200
degree,0.01,223,3882,2995,200
degree,0.01,224,3889,3019,200
degree,0.01,225,3881,2989,200
degree,0.01,226,3897,2936,200
degree,0.01,227,3900,3135,200
degree,0.01,228,3914,3169,200
degree,0.01,229,3884,3065,200
degree,0.01,230,3883,3125,200
degree,0.01,231,3896,3136,200
degree,0.01,232,3895,3029,200
degree,0.01,233,3908,3053,200
degree,0.01,234,3889,3064,200
degree,0.01,235,3885,3021,200
degree,0.01,236,3892,3093,200
degree,0.01,237,3894,3134,200
degree,0.01,238,3907,3162,200
degree,0.01,239,3892,3053,200
degree,0.01,240,3906,3167,200
degree,0.01,241,3889,3016,200
degree,0.01,242,3899,3116,200
degree,0.01,243,3891,3021,200
degree,0.01,244,3687,2941,200
degree,0.01,245,3874,3167,200
degree,0.01,246,3870,2951,200
degree,0.01,247,3912,3156,200
degree,0.01,248,3841,3070,200
degree,0.01,249,3899,3103,200
degree,0.01,250,3902,3188,200
degree,0.01,251,3892,2984,200
degree,0.01,252,3884,3066,200
degree,0.01,253,3905,3162,200
degree,0.01,254,3894,3165,200
degree,0.01,255,3889,2879,200
degree,0.01,256,3899,3157,200
degree,0.01,257,3906,3183,200
degree,0.01,258,3907,3001,200
degree,0.01,259,3891,3195,200
degree,0.01,260,3885,3214,200
degree,0.01,261,3887,3129,200
degree,0.01,262,3881,3075,200
degree,0.01,263,3839,3151,200
degree,0.01,264,3886,3196,200
degree,0.01,265,3887,3069,200
degree,0.01,266,3869,3110,200
degree,0.01,267,3688,3034,200
degree,0.01,268,3899,3047,200
degree,0.01,269,3887,3128,200
degree,0.01,270,3912,3150,200
degree,0.01,271,3885,3036,200
degree,0.01,272,3896,2978,200
degree,0.01,273,3908,3009,200
degree,0.01,274,3891,3159,200
degree,0.01,275,3822,3148,200
degree,0.01,276,3898,3201,200
degree,0.01,277,3890,3096,200
degree,0.01,278,3901,3203,200
degree,0.01,279,3892,3156,200
degree,0.01,280,3899,3017,200
degree,0.01,281,3908,3020,200
degree,0.01,282,3882,3126,200
degree,0.01,283,3903,2942,200
degree,0.01,284,3884,3131,200
degree,0.01,285,3906,3100,200
degree,0.01,286,3892,3018,200
degree,0.01,287,3889,3127,200
degree,0.01,288,3900,2987,200
degree,0.01,289,3828,3140,200
degree,0.01,290,3907,3151,200
degree,0.01,291,3889,3182,200
degree,0.01,292,3887,2936,200
degree,0.01,293,3899,3113,200
degree,0.01,294,3899,2982,200
degree,0.01,295,3858,3106,200
degree,0.01,296,3893,3178,200
degree,0.01,297,3899,3059,200
degree,0.01,298,3899,3263,200
degree,0.01,299,3884,3029,200
degree,0.01,300,3901,3155,200
degree,0.01,301,3895,2983,200
degree,0.01,302,3889,2909,200
degree,0.01,303,3910,3237,200
degree,0.01,304,3857,3023,200
degree,0.01,305,3887,3071,200
degree,0.01,306,3899,3130,200
degree,0.01,307,3900,3215,200
degree,0.01,308,3889,2984,200
degree,0.01,309,3900,3047,200
degree,0.01,310,3895,3135,200
degree,0.01,311,3885,3073,200
degree,0.01,312,3903,2995,200
degree,0.01,313,3822,3077,200
degree,0.01,314,3886,2934,200
degree,0.01,315,3887,3120,200
degree,0.01,316,3890,3265,200
degree,0.01,317,3900,3125,200
degree,0.01,318,3896,3038,200
degree,0.01,319,3908,2983,200
degree,0.01,320,3881,3096,200
degree,0.01,321,3893,3041,200
degree,0.01,322,3903,3055,200
degree,0.01,323,3889,3079,200
degree,0.01,324,3902,2906,200
degree,0.01,325,3898,2898,200
degree,0.01,326,3877,3136,200
degree,0.01,327,3887,3104,200
degree,0.01,328,3908,3192,200
degree,0.01,329,3906,2947,200
degree,0.01,330,3895,3018,200
degree,0.01,331,3875,3093,200
degree,0.01,332,3898,3192,200
degree,0.01,333,3907,3049,200
degree,0.01,334,3894,3075,200
degree,0.01,335,3887,2944,200
degree,0.01,336,3899,3118,200
degree,0.01,337,3905,3153,200
degree,0.01,338,3908,2993,200
degree,0.01,339,3886,3105,200
degree,0.01,340,3852,3143,200
degree,0.01,341,3895,2990,200
degree,0.01,342,3893,3106,200
degree,0.01,343,3911,3116,200
degree,0.01,344,3885,2839,200
degree,0.01,345,3896,3220,200
degree,0.01,346,3908,3079,200
degree,0.01,347,3903,3121,200
degree,0.01,348,3893,3008,200
degree,0.01,349,3869,3165,200
degree,0.01,350,3905,3081,200
degree,0.01,351,3897,2955,200
degree,0.01,352,3895,3023,200
degree,0.01,353,3907,3003,200
degree,0.01,354,3900,3240,200
degree,0.01,355,3894,3149,200
degree,0.01,356,3882,3129,200
degree,0.01,357,3905,3098,200
degree,0.01,358,3905,2929,200
degree,0.01,359,3891,3008,200
degree,0.01,360,3839,3007,200
degree,0.01,361,3902,3128,200
degree,0.01,362,3870,3092,200
degree,0.01,363,3895,3099,200
degree,0.01,364,3900,3252,200
degree,0.01,365,3873,2964,200
degree,0.01,366,3903,3083,200
degree,0.01,367,3903,3132,200
degree,0.01,368,3894,3075,200
degree,0.01,369,3888,3006,200
degree,0.01,370,3882,3143,200
degree,0.01,371,3895,3179,200
degree,0.01,372,3904,3068,200
degree,0.01,373,3882,3057,200
degree,0.01,374,3900,3173,200
degree,0.01,375,3872,3084,200
degree,0.01,376,3892,2945,200
degree,0.01,377,3886,2926,200
degree,0.01,378,3891,3209,200
degree,0.01,379,3886,2935,200
degree,0.01,380,3892,3083,200
degree,0.01,381,3907,3024,200
degree,0.01,382,3880,3059,200
degree,0.01,383,3864,3173,200
degree,0.01,384,3821,3177,200
degree,0.01,385,3896,3131,200
degree,0.01,386,3903,3162,200
degree,0.01,387,3901,3081,200
degree,0.01,388,3885,3061,200
degree,0.01,389,3903,2959,200
degree,0.01,390,3906,3094,200
degree,0.01,391,3893,3108,200
degree,0.01,392,3898,3097,200
degree,0.01,393,3890,3064,200
degree,0.01,394,3896,3232,200
degree,0.01,395,3888,3122,200
degree,0.01,396,3887,3090,200
degree,0.01,397,3876,2932,200
degree,0.01,398,3899,3087,200
degree,0.01,399,3905,2893,200
degree,0.01,400,3871,3175,200
degree,0.01,401,3899,3057,200
degree,0.01,402,3898,3152,200
degree,0.01,403,3896,3039,200
degree,0.01,404,3890,3073,200
degree,0.01,405,3887,3118,200
degree,0.01,406,3901,3039,200
degree,0.01,407,3879,3199,200
degree,0.01,408,3891,3164,200
degree,0.01,409,3890,3053,200
degree,0.01,410,3875,2938,200
degree,0.01,411,3897,3030,200
degree,0.01,412,3901,3158,200
degree,0.01,413,3905,3013,200
degree,0.01,414,3896,3154,200
degree,0.01,415,3882,3175,200
degree,0.01,416,3889,3032,200
degree,0.01,417,3892,3119,200
degree,0.01,418,3912,3258,200
degree,0.01,419,3904,3103,200
degree,0.01,420,3904,3113,200
degree,0.01,421,3878,2940,200
degree,0.01,422,3906,3146,200
degree,0.01,423,3903,3167,200
degree,0.01,424,3877,2941,200
degree,0.01,425,3879,3095,200
degree,0.01,426,3885,3039,200
degree,0.01,427,3912,2908,200
degree,0.01,428,3842,3108,200
degree,0.01,429,3903,3004,200
degree,0.01,430,3879,3011,200
degree,0.01,431,3905,3086,200
degree,0.01,432,3881,3221,200
degree,0.01,433,3884,3200,200
degree,0.01,434,3873,3117,200
degree,0.01,435,3903,3079,200
degree,0.01,436,3906,2993,200
degree,0.01,437,3896,3055,200
degree,0.01,438,3877,2981,200
degree,0.01,439,3898,3180,200
degree,0.01,440,3872,3030,200
degree,0.01,441,3906,3083,200
degree,0.01,442,3902,3033,200
degree,0.01,443,3899,3062,200
degree,0.01,444,3870,3173,200
degree,0.01,445,3905,3103,200
degree,0.01,446,3892,3032,200
degree,0.01,447,3913,3082,200
degree,0.01,448,3888,2995,200
degree,0.01,449,3907,3047,200
degree,0.01,450,3904,3171,200
degree,0.01,451,3894,3106,200
degree,0.01,452,3898,3033,200
degree,0.01,453,3911,3168,200
degree,0.01,454,3896,2920,200
degree,0.01,455,3895,2979,200
degree,0.01,456,3890,3058,200
degree,0.01,457,3894,3025,200
degree,0.01,458,3889,3150,200
degree,0.01,459,3896,3243,200
degree,0.01,460,3879,2974,200
degree,0.01,461,3900,3209,200
degree,0.01,462,3900,3067,200
degree,0.01,463,3886,3113,200
degree,0.01,464,3896,2945,200
degree,0.01,465,3887,2980,200
degree,0.01,466,3887,3024,200
degree,0.01,467,3897,3012,200
degree,0.01,468,3887,3225,200
degree,0.01,469,3893,3209,200
degree,0.01,470,3908,3063,200
degree,0.01,471,3883,3106,200
degree,0.01,472,3909,3115,200
degree,0.01,473,3888,3114,200
degree,0.01,474,3887,2931,200
degree,0.01,475,3896,3132,200
degree,0.01,476,3887,2968,200
degree,0.01,477,3883,3110,200
degree,0.01,478,3904,3141,200
degree,0.01,479,3898,3131,200
degree,0.01,480,3869,3117,200
degree,0.01,481,3879,3178,200
degree,0.01,482,3880,3045,200
degree,0.01,483,3871,3254,200
degree,0.01,484,3910,3161,200
degree,0.01,485,3876,2985,200
degree,0.01,486,3877,3108,200
degree,0.01,487,3901,2905,200
degree,0.01,488,3893,3207,200
degree,0.01,489,3890,3047,200
degree,0.01,490,3878,3148,200
degree,0.01,491,3907,3153,200
degree,0.01,492,3894,3097,200
degree,0.01,493,3906,2909,200
degree,0.01,494,3899,3144,200
degree,0.01,495,3892,3097,200
degree,0.01,496,3900,3040,200
degree,0.01,497,3882,3111,200
degree,0.01,498,3907,3226,200
degree,0.01,499,3905,3033,200
degree,0.05,0,3722,2911,200
degree,0.05,1,3719,2834,200
degree,0.05,2,3713,3011,200
degree,0.05,3,3707,2847,200
degree,0.05,4,3724,2790,200
degree,0.05,5,3721,2860,200
degree,0.05,6,3659,2885,200
degree,0.05,7,3713,3020,200
degree,0.05,8,3716,2867,200
degree,0.05,9,3720,2901,200
degree,0.05,10,3715,2860,200
degree,0.05,11,3705,2836,200
degree,0.05,12,3715,2939,200
degree,0.05,13,3721,2934,200
degree,0.05,14,3732,3076,200
degree,0.05,15,3655,3002,200
degree,0.05,16,3694,2967,200
degree,0.05,17,3700,2970,200
degree,0.05,18,3726,2836,200
degree,0.05,19,3712,2831,200
degree,0.05,20,3709,2872,200
degree,0.05,21,3725,2940,200
degree,0.05,22,3662,3020,200
degree,0.05,23,3712,2817,200
degree,0.05,24,3720,2856,200
degree,0.05,25,3702,2778,200
degree,0.05,26,3713,3080,200
degree,0.05,27,3719,2947,200
degree,0.05,28,3712,2823,200
degree,0.05,29,3734,2840,200
degree,0.05,30,3732,2982,200
degree,0.05,31,3708,3005,200
degree,0.05,32,3731,2885,200
degree,0.05,33,3731,2989,200
degree,0.05,34,3738,2796,200
degree,0.05,35,3720,2855,200
degree,0.05,36,3733,2962,200
degree,0.05,37,3707,2807,200
degree,0.05,38,3719,2982,200
degree,0.05,39,3716,3015,200
degree,0.05,40,3722,2986,200
degree,0.05,41,3663,2934,200
degree,0.05,42,3726,3014,200
degree,0.05,43,3725,2924,200
degree,0.05,44,3720,2875,200
degree,0.05,45,3713,2868,200
degree,0.05,46,3710,2905,200
degree,0.05,47,3726,2994,200
degree,0.05,48,3670,3013,200
degree,0.05,49,3729,2984,200
degree,0.05,50,3728,2890,200
degree,0.05,51,3719,3012,200
degree,0.05,52,3726,2844,200
degree,0.05,53,3722,2909,200
degree,0.05,54,3731,3015,200
degree,0.05,55,3735,2910,200
degree,0.05,56,3721,2977,200
degree,0.05,57,3718,2793,200
degree,0.05,58,3737,2987,200
degree,0.05,59,3724,2978,200
degree,0.05,60,3711,2961,200
degree,0.05,61,3721,2960,200
degree,0.05,62,3715,2824,200
degree,0.05,63,3722,2936,200
degree,0.05,64,3724,2953,200
degree,0.05,65,3709,2776,200
degree,0.05,66,3711,2897,200
degree,0.05,67,3728,2972,200
degree,0.05,68,3725,2919,200
degree,0.05,69,3722,3023,200
degree,0.05,70,3694,2984,200
degree,0.05,71,3728,2808,200
degree,0.05,72,3715,3045,200
degree,0.05,73,3718,2994,200
degree,0.05,74,3736,2781,200
degree,0.05,75,3712,2903,200
degree,0.05,76,3724,2990,200
degree,0.05,77,3712,2802,200
degree,0.05,78,3734,2985,200
degree,0.05,79,3692,2964,200
degree,0.05,80,3698,2992,200
degree,0.05,81,3716,2912,200
degree,0.05,82,3726,2978,200
degree,0.05,83,3667,2870,200
degree,0.05,84,3693,3049,200
degree,0.05,85,3711,2843,200
degree,0.05,86,3721,2838,200
degree,0.05,87,3726,3021,200
degree,0.05,88,3722,3034,200
degree,0.05,89,3724,2880,200
degree,0.05,90,3726,2764,200
degree,0.05,91,3726,2957,200
degree,0.05,92,3714,2946,200
degree,0.05,93,3714,2989,200
degree,0.05,94,3721,2882,200
degree,0.05,95,3715,2858,200
degree,0.05,96,3730,2901,200
degree,0.05,97,3729,2883,200
degree,0.05,98,3716,2816,200
degree,0.05,99,3721,2838,200
degree,0.05,100,3727,2878,200
degree,0.05,101,3717,3026,200
degree,0.05,102,3718,2959,200
degree,0.05,103,3709,2983,200
degree,0.05,104,3733,2832,200
degree,0.05,105,3734,2965,200
degree,0.05,106,3725,2785,200
degree,0.05,107,3732,2776,200
degree,0.05,108,3654,2927,200
degree,0.05,109,3718,2929,200
degree,0.05,110,3715,3035,200
degree,0.05,111,3724,2849,200
degree,0.05,112,3721,2852,200
degree,0.05,113,3722,2921,200
degree,0.05,114,3729,2878,200
degree,0.05,115,3702,2920,200
degree,0.05,116,3727,3013,200
degree,0.05,117,3726,2895,200
degree,0.05,118,3721,2911,200
degree,0.05,119,3708,3028,200
degree,0.05,120,3704,2867,200
degree,0.05,121,3727,2770,200
degree,0.05,122,3728,2817,200
degree,0.05,123,3734,2841,200
degree,0.05,124,3735,2977,200
degree,0.05,125,3702,3000,200
degree,0.05,126,3735,2799,200
degree,0.05,127,3733,3052,200
degree,0.05,128,3720,2939,200
degree,0.05,129,3727,2812,200
degree,0.05,130,3724,2808,200
degree,0.05,131,3722,2912,200
degree,0.05,132,3734,3033,200
degree,0.05,133,3702,2967,200
degree,0.05,134,3698,2752,200
degree,0.05,135,3732,2935,200
degree,0.05,136,3703,2783,200
degree,0.05,137,3730,2738,200
degree,0.05,138,3709,2972,200
degree,0.05,139,3726,2787,200
degree,0.05,140,3725,2986,200
degree,0.05,141,3657,2888,200
degree,0.05,142,3716,2712,200
degree,0.05,143,3733,3005,200
degree,0.05,144,3716,3034,200
degree,0.05,145,3720,2823,200
degree,0.05,146,3659,2816,200
degree,0.05,147,3727,2989,200
degree,0.05,148,3707,2872,200
degree,0.05,149,3727,2867,200
degree,0.05,150,3709,3022,200
degree,0.05,151,3734,2968,200
degree,0.05,152,3715,2974,200
degree,0.05,153,3711,2859,200
degree,0.05,154,3645,2944,200
degree,0.05,155,3729,3043,200
degree,0.05,156,3716,2851,200
degree,0.05,157,3717,3005,200
degree,0.05,158,3201,2582,200
degree,0.05,159,3699,2895,200
degree,0.05,160,3701,2932,200
degree,0.05,161,3715,2898,200
degree,0.05,162,3717,3066,200
degree,0.05,163,3715,2766,200
degree,0.05,164,3724,2836,200
degree,0.05,165,3697,2854,200
degree,0.05,166,3723,2979,200
degree,0.05,167,3715,2865,200
degree,0.05,168,3710,2959,200
degree,0.05,169,3699,2982,200
degree,0.05,170,3702,2842,200
degree,0.05,171,3734,2921,200
degree,0.05,172,3711,3001,200
degree,0.05,173,3710,2932,200
degree,0.05,174,3655,2934,200
degree,0.05,175,3722,2979,200
degree,0.05,176,3733,2865,200
degree,0.05,177,3726,2897,200
degree,0.05,178,3715,3074,200
degree,0.05,179,3704,2927,200
degree,0.05,180,3732,3120,200
degree,0.05,181,3702,2975,200
degree,0.05,182,3722,3051,200
degree,0.05,183,3725,2977,200
degree,0.05,184,3655,2887,200
degree,0.05,185,3713,2760,200
degree,0.05,186,3646,2900,200
degree,0.05,187,3721,2905,200
degree,0.05,188,3724,2772,200
degree,0.05,189,3714,3035,200
degree,0.05,190,3676,2749,200
degree,0.05,191,3740,2999,200
degree,0.05,192,3714,2834,200
degree,0.05,193,3714,2845,200
degree,0.05,194,3706,3028,200
degree,0.05,195,3728,2912,200
degree,0.05,196,3724,2830,200
degree,0.05,197,3721,2974,200
degree,0.05,198,3720,2924,200
degree,0.05,199,3718,2828,200
degree,0.05,200,3717,2840,200
degree,0.05,201,3721,2931,200
degree,0.05,202,3725,2957,200
degree,0.05,203,3729,2931,200
degree,0.05,204,3718,3028,200
degree,0.05,205,3713,2863,200
degree,0.05,206,3717,2843,200
degree,0.05,207,3725,2940,200
degree,0.05,208,3703,2920,200
degree,0.05,209,3735,3073,200
degree,0.05,210,3728,2904,200
degree,0.05,211,3725,2959,200
degree,0.05,212,3718,3047,200
degree,0.05,213,3731,3044,200
degree,0.05,214,3653,2825,200
degree,0.05,215,3723,2957,200
degree,0.05,216,3710,2820,200
degree,0.05,217,3719,3015,200
degree,0.05,218,3722,2908,200
degree,0.05,219,3723,3019,200
degree,0.05,220,3715,3000,200
degree,0.05,221,3691,3051,200
degree,0.05,222,3734,2940,200
degree,0.05,223,3708,2754,200
degree,0.05,224,3720,2833,200
degree,0.05,225,3718,2944,200
degree,0.05,226,3721,2996,200
degree,0.05,227,3729,2989,200
degree,0.05,228,3713,3009,200
degree,0.05,229,3721,2900,200
degree,0.05,230,3708,2839,200
degree,0.05,231,3731,2951,200
degree,0.05,232,3719,2820,200
degree,0.05,233,3732,3001,200
degree,0.05,234,3713,2956,200
degree,0.05,235,3719,3067,200
degree,0.05,236,3715,2892,200
degree,0.05,237,3729,3005,200
degree,0.05,238,3714,2976,200
degree,0.05,239,3725,2987,200
degree,0.05,240,3708,2835,200
degree,0.05,241,3717,2984,200
degree,0.05,242,3723,2884,200
degree,0.05,243,3730,2929,200
degree,0.05,244,3723,3031,200
degree,0.05,245,3691,2865,200
degree,0.05,246,3727,2962,200
degree,0.05,247,3723,2905,200
degree,0.05,248,3717,3013,200
degree,0.05,249,3726,2979,200
degree,0.05,250,3724,2894,200
degree,0.05,251,3653,2827,200
degree,0.05,252,3723,2991,200
degree,0.05,253,3523,2836,200
degree,0.05,254,3719,2791,200
degree,0.05,255,3717,2982,200
degree,0.05,256,3721,2993,200
degree,0.05,257,3724,2986,200
degree,0.05,258,3717,2959,200
degree,0.05,259,3724,2750,200
degree,0.05,260,3725,2901,200
degree,0.05,261,3711,2997,200
degree,0.05,262,3725,2906,200
degree,0.05,263,3708,2963,200
degree,0.05,264,3718,3074,200
degree,0.05,265,3717,2840,200
degree,0.05,266,3705,2851,200
degree,0.05,267,3717,2897,200
degree,0.05,268,3714,2853,200
degree,0.05,269,3710,2865,200
degree,0.05,270,3691,2943,200
degree,0.05,271,3726,2927,200
degree,0.05,272,3732,2847,200
degree,0.05,273,3717,2949,200
degree,0.05,274,3714,2967,200
degree,0.05,275,3729,2843,200
degree,0.05,276,3703,2923,200
degree,0.05,277,3717,2819,200
degree,0.05,278,3720,2877,200
degree,0.05,279,3673,2842,200
degree,0.05,280,3715,3020,200
degree,0.05,281,3737,2944,200
degree,0.05,282,3697,2927,200
degree,0.05,283,3731,2915,200
degree,0.05,284,3701,3007,200
degree,0.05,285,3703,2950,200
degree,0.05,286,3729,2983,200
degree,0.05,287,3728,2987,200
degree,0.05,288,3734,2895,200
degree,0.05,289,3716,2972,200
degree,0.05,290,3736,2883,200
degree,0.05,291,3721,2905,200
degree,0.05,292,3726,2969,200
degree,0.05,293,3712,3042,200
degree,0.05,294,3726,2980,200
degree,0.05,295,3713,2847,200
degree,0.05,296,3725,2960,200
degree,0.05,297,3651,2813,200
degree,0.05,298,3731,2924,200
degree,0.05,299,3719,2959,200
degree,0.05,300,3707,2991,200
degree,0.05,301,3673,2872,200
degree,0.05,302,3720,2798,200
degree,0.05,303,3724,3038,200
degree,0.05,304,3695,2916,200
degree,0.05,305,3723,2798,200
degree,0.05,306,3715,2978,200
degree,0.05,307,3717,2998,200
degree,0.05,308,3728,2747,200
degree,0.05,309,3725,2970,200
degree,0.05,310,3718,2796,200
degree,0.05,311,3733,2968,200
degree,0.05,312,3711,2933,200
degree,0.05,313,3716,2929,200
degree,0.05,314,3725,2920,200
degree,0.05,315,3700,3005,200
degree,0.05,316,3732,2803,200
degree,0.05,317,3722,2977,200
degree,0.05,318,3726,2918,200
degree,0.05,319,3726,2999,200
degree,0.05,320,3728,2990,200
degree,0.05,321,3709,2934,200
degree,0.05,322,3718,2979,200
degree,0.05,323,3714,2899,200
degree,0.05,324,3722,2918,200
degree,0.05,325,3705,2840,200
degree,0.05,326,3730,2838,200
degree,0.05,327,3717,3066,200
degree,0.05,328,3726,2929,200
degree,0.05,329,3726,2786,200
degree,0.05,330,3712,3005,200
degree,0.05,331,3665,3014,200
degree,0.05,332,3729,2925,200
degree,0.05,333,3718,3044,200
degree,0.05,334,3706,2896,200
degree,0.05,335,3709,2969,200
degree,0.05,336,3719,3050,200
degree,0.05,337,3731,2972,200
degree,0.05,338,3728,2880,200
degree,0.05,339,3717,2999,200
degree,0.05,340,3706,2864,200
degree,0.05,341,3736,2991,200
degree,0.05,342,3730,2930,200
degree,0.05,343,3700,2934,200
degree,0.05,344,3728,3028,200
degree,0.05,345,3725,2955,200
degree,0.05,346,3735,2912,200
degree,0.05,347,3733,2986,200
degree,0.05,348,3720,2854,200
degree,0.05,349,3729,2828,200
degree,0.05,350,3733,2958,200
degree,0.05,351,3733,2832,200
degree,0.05,352,3727,2852,200
degree,0.05,353,3714,2916,200
degree,0.05,354,3712,2909,200
degree,0.05,355,3737,2917,200
degree,0.05,356,3658,2909,200
degree,0.05,357,3690,2896,200
degree,0.05,358,3723,2899,200
degree,0.05,359,3724,2966,200
degree,0.05,360,3722,2893,200
degree,0.05,361,3706,2938,200
degree,0.05,362,3706,2933,200
degree,0.05,363,3703,2990,200
degree,0.05,364,3701,2775,200
degree,0.05,365,3739,2809,200
degree,0.05,366,3712,2832,200
degree,0.05,367,3716,3001,200
degree,0.05,368,3722,2822,200
degree,0.05,369,3709,2715,200
degree,0.05,370,3688,2822,200
degree,0.05,371,3693,2774,200
degree,0.05,372,3719,2997,200
degree,0.05,373,3729,2991,200
degree,0.05,374,3728,3045,200
degree,0.05,375,3714,2996,200
degree,0.05,376,3647,2875,200
degree,0.05,377,3726,2817,200
degree,0.05,378,3704,3030,200
degree,0.05,379,3724,2953,200
degree,0.05,380,3709,2964,200
degree,0.05,381,3713,2856,200
degree,0.05,382,3715,2860,200
degree,0.05,383,3727,2806,200
degree,0.05,384,3693,2930,200
degree,0.05,385,3736,2853,200
degree,0.05,386,3726,2854,200
degree,0.05,387,3713,2990,200
degree,0.05,388,3706,2941,200
degree,0.05,389,3725,2834,200
degree,0.05,390,3727,2924,200
degree,0.05,391,3716,2887,200
degree,0.05,392,3722,2747,200
degree,0.05,393,3712,3023,200
degree,0.05,394,3723,3069,200
degree,0.05,395,3720,2980,200
degree,0.05,396,3729,2940,200
degree,0.05,397,3715,2897,200
degree,0.05,398,3724,2990,200
degree,0.05,399,3729,2845,200
degree,0.05,400,3732,2966,200
degree,0.05,401,3711,2802,200
degree,0.05,402,3713,2832,200
degree,0.05,403,3706,2891,200
degree,0.05,404,3703,3032,200
degree,0.05,405,3735,2951,200
degree,0.05,406,3720,2833,200
degree,0.05,407,3716,2763,200
degree,0.05,408,3730,2948,200
degree,0.05,409,3712,3005,200
degree,0.05,410,3704,2907,200
degree,0.05,411,3718,2896,200
degree,0.05,412,3720,2948,200
degree,0.05,413,3721,3082,200
degree,0.05,414,3718,2958,200
degree,0.05,415,3704,2952,200
degree,0.05,416,3732,2870,200
degree,0.05,417,3729,2990,200
degree,0.05,418,3731,2992,200
degree,0.05,419,3707,2979,200
degree,0.05,420,3722,2751,200
degree,0.05,421,3708,2819,200
degree,0.05,422,3720,2971,200
degree,0.05,423,3725,3002,200
degree,0.05,424,3716,2890,200
degree,0.05,425,3728,2884,200
degree,0.05,426,3732,2862,200
degree,0.05,427,3731,2992,200
degree,0.05,428,3672,2871,200
degree,0.05,429,3729,2974,200
degree,0.05,430,3719,2960,200
degree,0.05,431,3715,3029,200
degree,0.05,432,3698,2913,200
degree,0.05,433,3720,2786,200
degree,0.05,434,3708,3002,200
degree,0.05,435,3729,2889,200
degree,0.05,436,3727,2864,200
degree,0.05,437,3666,2915,200
degree,0.05,438,3666,2796,200
degree,0.05,439,3715,2978,200
degree,0.05,440,3721,2914,200
degree,0.05,441,3710,2932,200
degree,0.05,442,3719,2989,200
degree,0.05,443,3708,2968,200
degree,0.05,444,3726,2998,200
degree,0.05,445,3709,2905,200
degree,0.05,446,3719,3001,200
degree,0.05,447,3669,2913,200
degree,0.05,448,3719,2974,200
degree,0.05,449,3657,2868,200
degree,0.05,450,3712,2950,200
degree,0.05,451,3710,2828,200
degree,0.05,452,3714,2970,200
degree,0.05,453,3722,2895,200
degree,0.05,454,3721,2808,200
degree,0.05,455,3727,2892,200
degree,0.05,456,3733,2801,200
degree,0.05,457,3721,2943,200
degree,0.05,458,3738,2775,200
degree,0.05,459,3690,2733,200
degree,0.05,460,3721,2864,200
degree,0.05,461,3723,2801,200
degree,0.05,462,3719,2888,200
degree,0.05,463,3717,2992,200
degree,0.05,464,3717,2847,200
degree,0.05,465,3727,2853,200
degree,0.05,466,3724,2935,200
degree,0.05,467,3651,2882,200
degree,0.05,468,3724,2986,200
degree,0.05,469,3712,2938,200
degree,0.05,470,3718,2866,200
degree,0.05,471,3717,2993,200
degree,0.05,472,3718,3003,200
degree,0.05,473,3730,2841,200
degree,0.05,474,3713,2947,200
degree,0.05,475,3736,2935,200
degree,0.05,476,3719,3025,200
degree,0.05,477,3516,2877,200
degree,0.05,478,3721,2906,200
degree,0.05,479,3721,2813,200
degree,0.05,480,3709,2928,200
degree,0.05,481,3709,3037,200
degree,0.05,482,3711,3027,200
degree,0.05,483,3725,2816,200
degree,0.05,484,3667,2912,200
degree,0.05,485,3731,2955,200
degree,0.05,486,3720,2745,200
degree,0.05,487,3734,2954,200
degree,0.05,488,3666,2965,200
degree,0.05,489,3721,2980,200
degree,0.05,490,3694,2925,200
degree,0.05,491,3721,2829,200
degree,0.05,492,3714,2803,200
degree,0.05,493,3714,3050,200
degree,0.05,494,3715,3083,200
degree,0.05,495,3701,2747,200
degree,0.05,496,3735,2827,200
degree,0.05,497,3711,2925,200
degree,0.05,498,3712,2825,200
degree,0.05,499,3718,2947,200
degree,0.1,0,3501,2720,200
degree,0.1,1,3457,2790,200
degree,0.1,2,3520,2636,200
degree,0.1,3,3497,2715,200
degree,0.1,4,3522,2747,200
degree,0.1,5,3506,2759,200
degree,0.1,6,3468,2713,200
degree,0.1,7,3528,2737,200
degree,0.1,8,3516,2847,200
degree,0.1,9,3490,2669,200
degree,0.1,10,3530,2552,200
degree,0.1,11,3467,2667,200
degree,0.1,12,3528,2614,200
degree,0.1,13,3510,2541,200
degree,0.1,14,3536,2729,200
degree,0.1,15,3505,2813,200
degree,0.1,16,3521,2689,200
degree,0.1,17,3508,2688,200
degree,0.1,18,3466,2884,200
degree,0.1,19,3510,2626,200
degree,0.1,20,3488,2771,200
degree,0.1,21,3496,2627,200
degree,0.1,22,3521,2823,200
degree,0.1,23,3494,2763,200
degree,0.1,24,3502,2712,200
degree,0.1,25,3511,2812,200
degree,0.1,26,3458,2767,200
degree,0.1,27,3515,2710,200
degree,0.1,28,3503,2706,200
degree,0.1,29,3515,2715,200
degree,0.1,30,3518,2561,200
degree,0.1,31,3520,2561,200
degree,0.1,32,3530,2705,200
degree,0.1,33,3444,2681,200
degree,0.1,34,3513,2577,200
degree,0.1,35,3522,2675,200
degree,0.1,36,3509,2692,200
degree,0.1,37,3502,2725,200
degree,0.1,38,3520,2650,200
degree,0.1,39,3519,2610,200
degree,0.1,40,3499,2646,200
degree,0.1,41,3488,2657,200
degree,0.1,42,3511,2657,200
degree,0.1,43,3508,2751,200
degree,0.1,44,3524,2708,200
degree,0.1,45,3434,2482,200
degree,0.1,46,3438,2573,200
degree,0.1,47,3515,2762,200
degree,0.1,48,3532,2838,200
degree,0.1,49,3438,2466,200
degree,0.1,50,3526,2806,200
degree,0.1,51,3495,2755,200
degree,0.1,52,3517,2714,200
degree,0.1,53,3459,2609,200
degree,0.1,54,3521,2704,200
degree,0.1,55,3512,2800,200
degree,0.1,56,3514,2789,200
degree,0.1,57,3504,2625,200
degree,0.1,58,3508,2663,200
degree,0.1,59,3527,2832,200
degree,0.1,60,3529,2774,200
degree,0.1,61,3511,2566,200
degree,0.1,62,3489,2776,200
degree,0.1,63,3509,2738,200
degree,0.1,64,3509,2571,200
degree,0.1,65,3520,2784,200
degree,0.1,66,3514,2602,200
degree,0.1,67,3514,2655,200
degree,0.1,68,3503,2662,200
degree,0.1,69,3526,2912,200
degree,0.1,70,3524,2519,200
degree,0.1,71,3452,2771,200
degree,0.1,72,3501,2777,200
degree,0.1,73,3470,2732,200
degree,0.1,74,3462,2802,200
degree,0.1,75,3454,2545,200
degree,0.1,76,3428,2512,200
degree,0.1,77,3508,2566,200
degree,0.1,78,3508,2721,200
degree,0.1,79,3527,2803,200
degree,0.1,80,3456,2851,200
degree,0.1,81,3510,2850,200
degree,0.1,82,3513,2655,200
degree,0.1,83,3462,2764,200
degree,0.1,84,3523,2660,200
degree,0.1,85,3507,2716,200
degree,0.1,86,3524,2685,200
degree,0.1,87,3516,2830,200
degree,0.1,88,3440,2669,200
degree,0.1,89,3488,2590,200
degree,0.1,90,3509,2782,200
degree,0.1,91,3523,2632,200
degree,0.1,92,3521,2591,200
degree,0.1,93,3530,2650,200
degree,0.1,94,3507,2541,200
degree,0.1,95,3497,2583,200
degree,0.1,96,3498,2558,200
degree,0.1,97,3508,2598,200
degree,0.1,98,3506,2519,200
degree,0.1,99,3513,2632,200
degree,0.1,100,3523,2675,200
degree,0.1,101,3511,2768,200
degree,0.1,102,3498,2615,200
degree,0.1,103,3492,2631,200
degree,0.1,104,3508,2680,200
degree,0.1,105,3502,2687,200
degree,0.1,106,3463,2724,200
degree,0.1,107,3510,2731,200
degree,0.1,108,3503,2629,200
degree,0.1,109,3455,2720,200
degree,0.1,110,3500,2758,200
degree,0.1,111,3526,2513,200
degree,0.1,112,3523,2766,200
degree,0.1,113,3465,2783,200
degree,0.1,114,3532,2805,200
degree,0.1,115,3521,2868,200
degree,0.1,116,3515,2649,200
degree,0.1,117,3454,2505,200
degree,0.1,118,3507,2835,200
degree,0.1,119,3522,2644,200
degree,0.1,120,3524,2795,200
degree,0.1,121,3515,2667,200
degree,0.1,122,3527,2512,200
degree,0.1,123,3526,2622,200
degree,0.1,124,3528,2622,200
degree,0.1,125,3426,2596,200
degree,0.1,126,3526,2854,200
degree,0.1,127,3515,2452,200
degree,0.1,128,3520,2637,200
degree,0.1,129,3508,2625,200
degree,0.1,130,3510,2631,200
degree,0.1,131,3525,2446,200
degree,0.1,132,3517,2799,200
degree,0.1,133,3518,2648,200
degree,0.1,134,3462,2722,200
degree,0.1,135,3503,2698,200
degree,0.1,136,3513,2716,200
degree,0.1,137,3526,2821,200
degree,0.1,138,3438,2576,200
degree,0.1,139,3461,2717,200
degree,0.1,140,3504,2758,200
degree,0.1,141,3520,2747,200
degree,0.1,142,3515,2606,200
degree,0.1,143,3466,2746,200
degree,0.1,144,3521,2696,200
degree,0.1,145,3532,2789,200
degree,0.1,146,3509,2681,200
degree,0.1,147,3452,2530,200
degree,0.1,148,3500,2597,200
degree,0.1,149,3518,2778,200
degree,0.1,150,3528,2799,200
degree,0.1,151,3495,2553,200
degree,0.1,152,3497,2548,200
degree,0.1,153,3527,2490,200
degree,0.1,154,3529,2771,200
degree,0.1,155,3525,2791,200
degree,0.1,156,3451,2662,200
degree,0.1,157,3517,2485,200
degree,0.1,158,3445,2738,200
degree,0.1,159,3526,2803,200
degree,0.1,160,3503,2674,200
degree,0.1,161,3493,2671,200
degree,0.1,162,3528,2704,200
degree,0.1,163,3459,2817,200
degree,0.1,164,3503,2782,200
degree,0.1,165,3512,2684,200
degree,0.1,166,3514,2549,200
degree,0.1,167,3506,2710,200
degree,0.1,168,3506,2659,200
degree,0.1,169,3507,2692,200
degree,0.1,170,3451,2684,200
degree,0.1,171,3529,2696,200
degree,0.1,172,3522,2626,200
degree,0.1,173,3507,2522,200
degree,0.1,174,3493,2709,200
degree,0.1,175,3511,2612,200
degree,0.1,176,3510,2556,200
degree,0.1,177,3520,2531,200
degree,0.1,178,3516,2833,200
degree,0.1,179,3517,2819,200
degree,0.1,180,3509,2632,200
degree,0.1,181,3510,2713,200
degree,0.1,182,3503,2769,200
degree,0.1,183,3510,2660,200
degree,0.1,184,3296,2515,200
degree,0.1,185,3513,2665,200
degree,0.1,186,3513,2533,200
degree,0.1,187,3510,2663,200
degree,0.1,188,3505,2798,200
degree,0.1,189,3522,2596,200
degree,0.1,190,3515,2764,200
degree,0.1,191,3496,2761,200
degree,0.1,192,3520,2720,200
degree,0.1,193,3512,2743,200
degree,0.1,194,3507,2682,200
degree,0.1,195,3519,2675,200
degree,0.1,196,3515,2680,200
degree,0.1,197,3516,2590,200
degree,0.1,198,3530,2754,200
degree,0.1,199,3452,2512,200
degree,0.1,200,3441,2709,200
degree,0.1,201,3503,2759,200
degree,0.1,202,3520,2754,200
degree,0.1,203,3519,2856,200
degree,0.1,204,3510,2647,200
degree,0.1,205,3519,2623,200
degree,0.1,206,3499,2729,200
degree,0.1,207,3521,2609,200
degree,0.1,208,3521,2630,200
degree,0.1,209,3461,2501,200
degree,0.1,210,3507,2544,200
degree,0.1,211,3522,2797,200
degree,0.1,212,3518,2736,200
degree,0.1,213,3527,2611,200
degree,0.1,214,3511,2631,200
degree,0.1,215,3505,2644,200
degree,0.1,216,3501,2616,200
degree,0.1,217,3533,2657,200
degree,0.1,218,3513,2678,200
degree,0.1,219,3522,2882,200
degree,0.1,220,3515,2580,200
degree,0.1,221,3505,2506,200
degree,0.1,222,3517,2833,200
degree,0.1,223,3499,2644,200
degree,0.1,224,3466,2601,200
degree,0.1,225,3505,2707,200
degree,0.1,226,3500,2806,200
degree,0.1,227,3536,2639,200
degree,0.1,228,3525,2678,200
degree,0.1,229,3462,2823,200
degree,0.1,230,3515,2789,200
degree,0.1,231,3507,2719,200
degree,0.1,232,3523,2806,200
degree,0.1,233,3532,2775,200
degree,0.1,234,3506,2670,200
degree,0.1,235,3517,2770,200
degree,0.1,236,3500,2608,200
degree,0.1,237,3503,2715,200
degree,0.1,238,3524,2754,200
degree,0.1,239,3516,2827,200
degree,0.1,240,3507,2692,200
degree,0.1,241,3430,2578,200
degree,0.1,242,3514,2792,200
degree,0.1,243,3518,2585,200
degree,0.1,244,3461,2805,200
degree,0.1,245,3504,2704,200
degree,0.1,246,3513,2671,200
degree,0.1,247,3514,2732,200
degree,0.1,248,3505,2726,200
degree,0.1,249,3508,2689,200
degree,0.1,250,3508,2682,200
degree,0.1,251,3472,2675,200
degree,0.1,252,3494,2612,200
degree,0.1,253,3528,2779,200
degree,0.1,254,3507,2758,200
degree,0.1,255,3520,2736,200
degree,0.1,256,3468,2802,200
degree,0.1,257,3525,2529,200
degree,0.1,258,3525,2768,200
degree,0.1,259,3489,2730,200
degree,0.1,260,3518,2601,200
degree,0.1,261,3450,2584,200
degree,0.1,262,3513,2737,200
degree,0.1,263,3522,2530,200
degree,0.1,264,3456,2637,200
degree,0.1,265,3507,2595,200
degree,0.1,266,3474,2601,200
degree,0.1,267,3521,2727,200
degree,0.1,268,3469,2535,200
degree,0.1,269,3525,2469,200
degree,0.1,270,3522,2745,200
degree,0.1,271,3512,2749,200
degree,0.1,272,3515,2697,200
degree,0.1,273,3511,2675,200
degree,0.1,274,3527,2676,200
degree,0.1,275,3524,2671,200
degree,0.1,276,3523,2715,200
degree,0.1,277,3502,2637,200
degree,0.1,278,3502,2793,200
degree,0.1,279,3490,2790,200
degree,0.1,280,3520,2708,200
degree,0.1,281,3514,2675,200
degree,0.1,282,3452,2814,200
degree,0.1,283,3464,2536,200
degree,0.1,284,3530,2707,200
degree,0.1,285,3488,2675,200
degree,0.1,286,3470,2623,200
degree,0.1,287,3462,2734,200
degree,0.1,288,3494,2693,200
degree,0.1,289,3506,2642,200
degree,0.1,290,3494,2610,200
degree,0.1,291,3521,2755,200
degree,0.1,292,3501,2637,200
degree,0.1,293,3517,2657,200
degree,0.1,294,3507,2861,200
degree,0.1,295,3516,2885,200
degree,0.1,296,3518,2753,200
degree,0.1,297,3514,2692,200
degree,0.1,298,3506,2632,200
degree,0.1,299,3501,2723,200
degree,0.1,300,3537,2608,200
degree,0.1,301,3517,2771,200
degree,0.1,302,3525,2722,200
degree,0.1,303,3527,2702,200
degree,0.1,304,3514,2800,200
degree,0.1,305,3527,2562,200
degree,0.1,306,3520,2602,200
degree,0.1,307,3498,2788,200
degree,0.1,308,3514,2624,200
degree,0.1,309,3518,2835,200
degree,0.1,310,3448,2773,200
degree,0.1,311,3529,2664,200
degree,0.1,312,3438,2603,200
degree,0.1,313,3522,2702,200
degree,0.1,314,3522,2789,200
degree,0.1,315,3507,2721,200
degree,0.1,316,3468,2693,200
degree,0.1,317,3521,2809,200
degree,0.1,318,3501,2717,200
degree,0.1,319,3521,2704,200
degree,0.1,320,3518,2510,200
degree,0.1,321,3512,2737,200
degree,0.1,322,3524,2663,200
degree,0.1,323,3529,2705,200
degree,0.1,324,3518,2847,200
degree,0.1,325,3508,2696,200
degree,0.1,326,3336,2649,200
degree,0.1,327,3505,2814,200
degree,0.1,328,3519,2758,200
degree,0.1,329,3454,2579,200
degree,0.1,330,3497,2728,200
degree,0.1,331,3512,2569,200
degree,0.1,332,3458,2664,200
degree,0.1,333,3478,2535,200
degree,0.1,334,3518,2674,200
degree,0.1,335,3521,2587,200
degree,0.1,336,3502,2681,200
degree,0.1,337,3513,2579,200
degree,0.1,338,3526,2770,200
degree,0.1,339,3537,2737,200
degree,0.1,340,3465,2701,200
degree,0.1,341,3515,2763,200
degree,0.1,342,3525,2715,200
degree,0.1,343,3521,2536,200
degree,0.1,344,3518,2699,200
degree,0.1,345,3525,2639,200
degree,0.1,346,3522,2714,200
degree,0.1,347,3511,2535,200
degree,0.1,348,3524,2633,200
degree,0.1,349,3517,2714,200
degree,0.1,350,3513,2587,200
degree,0.1,351,3510,2716,200
degree,0.1,352,3517,2792,200
degree,0.1,353,3517,2735,200
degree,0.1,354,3496,2817,200
degree,0.1,355,3510,2487,200
degree,0.1,356,3524,2717,200
degree,0.1,357,3519,2744,200
degree,0.1,358,3519,2780,200
degree,0.1,359,3493,2644,200
degree,0.1,360,3463,2788,200
degree,0.1,361,3522,2663,200
degree,0.1,362,3490,2764,200
degree,0.1,363,3492,2592,200
degree,0.1,364,3514,2571,200
degree,0.1,365,3479,2564,200
degree,0.1,366,3530,2661,200
degree,0.1,367,3503,2688,200
degree,0.1,368,3440,2770,200
degree,0.1,369,3532,2587,200
degree,0.1,370,3500,2637,200
degree,0.1,371,3515,2728,200
degree,0.1,372,3512,2654,200
degree,0.1,373,3466,2600,200
degree,0.1,374,3516,2754,200
degree,0.1,375,3513,2868,200
degree,0.1,376,3523,2739,200
degree,0.1,377,3524,2562,200
degree,0.1,378,3514,2766,200
degree,0.1,379,3514,2566,200
degree,0.1,380,3503,2715,200
degree,0.1,381,3511,2730,200
degree,0.1,382,3511,2844,200
degree,0.1,383,3462,2661,200
degree,0.1,384,3525,2671,200
degree,0.1,385,3509,2721,200
degree,0.1,386,3493,2549,200
degree,0.1,387,3521,2770,200
degree,0.1,388,3526,2642,200
degree,0.1,389,3502,2785,200
degree,0.1,390,3517,2663,200
degree,0.1,391,3458,2490,200
degree,0.1,392,3522,2726,200
degree,0.1,393,3497,2777,200
degree,0.1,394,3527,2675,200
degree,0.1,395,3504,2580,200
degree,0.1,396,3513,2503,200
degree,0.1,397,3517,2612,200
degree,0.1,398,3523,2699,200
degree,0.1,399,3523,2733,200
degree,0.1,400,3512,2833,200
degree,0.1,401,3516,2704,200
degree,0.1,402,3509,2532,200
degree,0.1,403,3505,2776,200
degree,0.1,404,3517,2816,200
degree,0.1,405,3524,2795,200
degree,0.1,406,3515,2825,200
degree,0.1,407,3436,2667,200
degree,0.1,408,3517,2698,200
degree,0.1,409,3452,2625,200
degree,0.1,410,3510,2658,200
degree,0.1,411,3444,2730,200
degree,0.1,412,3515,2780,200
degree,0.1,413,3442,2601,200
degree,0.1,414,3526,2734,200
degree,0.1,415,3498,2691,200
degree,0.1,416,3453,2651,200
degree,0.1,417,3520,2748,200
degree,0.1,418,3527,2554,200
degree,0.1,419,3497,2641,200
degree,0.1,420,3497,2642,200
degree,0.1,421,3451,2624,200
degree,0.1,422,3514,2718,200
degree,0.1,423,3454,2737,200
degree,0.1,424,3517,2735,200
degree,0.1,425,3484,2571,200
degree,0.1,426,3525,2640,200
degree,0.1,427,3303,2543,200
degree,0.1,428,3519,2800,200
degree,0.1,429,3514,2645,200
degree,0.1,430,3508,2602,200
degree,0.1,431,3516,2697,200
degree,0.1,432,3519,2629,200
degree,0.1,433,3526,2704,200
degree,0.1,434,3464,2768,200
degree,0.1,435,3513,2707,200
degree,0.1,436,3516,2715,200
degree,0.1,437,3495,2698,200
degree,0.1,438,3494,2653,200
degree,0.1,439,3498,2714,200
degree,0.1,440,3527,2773,200
degree,0.1,441,3526,2632,200
degree,0.1,442,3521,2659,200
degree,0.1,443,3502,2754,200
degree,0.1,444,3516,2696,200
degree,0.1,445,3450,2595,200
degree,0.1,446,3454,2588,200
degree,0.1,447,3529,2768,200
degree,0.1,448,3503,2673,200
degree,0.1,449,3446,2705,200
degree,0.1,450,3449,2679,200
degree,0.1,451,3518,2740,200
degree,0.1,452,3497,2769,200
degree,0.1,453,3471,2643,200
degree,0.1,454,3508,2640,200
degree,0.1,455,3439,2666,200
degree,0.1,456,3519,2735,200
degree,0.1,457,3510,2768,200
degree,0.1,458,3448,2548,200
degree,0.1,459,3529,2817,200
degree,0.1,460,3492,2678,200
degree,0.1,461,3492,2624,200
degree,0.1,462,3501,2787,200
degree,0.1,463,3528,2811,200
degree,0.1,464,3503,2822,200
degree,0.1,465,3527,2745,200
degree,0.1,466,3526,2669,200
degree,0.1,467,3521,2595,200
degree,0.1,468,3507,2602,200
degree,0.1,469,3515,2740,200
degree,0.1,470,3523,2762,200
degree,0.1,471,3524,2624,200
degree,0.1,472,3521,2741,200
degree,0.1,473,3517,2507,200
degree,0.1,474,3498,2497,200
degree,0.1,475,3466,2690,200
degree,0.1,476,3505,2802,200
degree,0.1,477,3536,2744,200
degree,0.1,478,3446,2608,200
degree,0.1,479,3451,2701,200
degree,0.1,480,3516,2756,200
degree,0.1,481,3511,2680,200
degree,0.1,482,3510,2688,200
degree,0.1,483,3506,2741,200
degree,0.1,484,3503,2738,200
degree,0.1,485,3502,2444,200
degree,0.1,486,3483,2789,200
degree,0.1,487,3525,2568,200
degree,0.1,488,3457,2593,200
degree,0.1,489,3442,2582,200
degree,0.1,490,3496,2643,200
degree,0.1,491,3500,2666,200
degree,0.1,492,3516,2736,200
degree,0.1,493,3518,2619,200
degree,0.1,494,3534,2863,200
degree,0.1,495,3516,2615,200
degree,0.1,496,3465,2640,200
degree,0.1,497,3510,2796,200
degree,0.1,498,3528,2761,200
degree,0.1,499,3535,2734,200
degree,0.15,0,3209,2592,200
degree,0.15,1,3227,2604,200
degree,0.15,2,2715,2110,200
degree,0.15,3,2813,2227,200
degree,0.15,4,3210,2416,200
degree,0.15,5,2780,2299,200
degree,0.15,6,3217,2525,200
degree,0.15,7,3226,2439,200
degree,0.15,8,2872,2252,200
degree,0.15,9,3227,2529,200
degree,0.15,10,2794,2057,200
degree,0.15,11,2808,2158,200
degree,0.15,12,3230,2479,200
degree,0.15,13,3215,2435,200
degree,0.15,14,2793,2181,200
degree,0.15,15,3201,2585,200
degree,0.15,16,2798,2015,200
degree,0.15,17,3220,2532,200
degree,0.15,18,2812,2194,200
degree,0.15,19,2813,2157,200
degree,0.15,20,3188,2502,200
degree,0.15,21,2821,2078,200
degree,0.15,22,2810,2129,200
degree,0.15,23,2785,2155,200
degree,0.15,24,3297,2541,200
degree,0.15,25,2805,2201,200
degree,0.15,26,3225,2584,200
degree,0.15,27,2807,2222,200
degree,0.15,28,2811,2189,200
degree,0.15,29,2789,2244,200
degree,0.15,30,2801,2092,200
degree,0.15,31,2876,2167,200
degree,0.15,32,3232,2385,200
degree,0.15,33,2778,2226,200
degree,0.15,34,3232,2449,200
degree,0.15,35,2815,2224,200
degree,0.15,36,3221,2431,200
degree,0.15,37,2809,2020,200
degree,0.15,38,2787,2071,200
degree,0.15,39,3268,2617,200
degree,0.15,40,2800,2137,200
degree,0.15,41,3198,2494,200
degree,0.15,42,2813,2216,200
degree,0.15,43,3236,2385,200
degree,0.15,44,3229,2544,200
degree,0.15,45,2779,2145,200
degree,0.15,46,2811,2161,200
degree,0.15,47,2867,2206,200
degree,0.15,48,2809,2134,200
degree,0.15,49,3231,2574,200
degree,0.15,50,2802,2171,200
degree,0.15,51,3236,2474,200
degree,0.15,52,2857,2141,200
degree,0.15,53,2809,1969,200
degree,0.15,54,2814,2304,200
degree,0.15,55,2793,2076,200
degree,0.15,56,2791,2023,200
degree,0.15,57,2805,2219,200
degree,0.15,58,3230,2321,200
degree,0.15,59,2811,2159,200
degree,0.15,60,3205,2455,200
degree,0.15,61,3272,2584,200
degree,0.15,62,3207,2521,200
degree,0.15,63,2804,2023,200
degree,0.15,64,2804,2223,200
degree,0.15,65,3228,2538,200
degree,0.15,66,3234,2490,200
degree,0.15,67,3220,2473,200
degree,0.15,68,3218,2417,200
degree,0.15,69,3215,2396,200
degree,0.15,70,3230,2441,200
degree,0.15,71,2784,2139,200
degree,0.15,72,2802,2188,200
degree,0.15,73,2817,2174,200
degree,0.15,74,3220,2367,200
degree,0.15,75,2809,2172,200
degree,0.15,76,2801,2082,200
degree,0.15,77,3223,2596,200
degree,0.15,78,2801,2159,200
degree,0.15,79,2796,2213,200
degree,0.15,80,3220,2411,200
degree,0.15,81,3207,2400,200
degree,0.15,82,2800,2137,200
degree,0.15,83,2811,2044,200
degree,0.15,84,3221,2555,200
degree,0.15,85,2807,2100,200
degree,0.15,86,2815,2085,200
degree,0.15,87,3236,2592,200
degree,0.15,88,2818,2085,200
degree,0.15,89,3226,2643,200
degree,0.15,90,2795,2174,200
degree,0.15,91,2778,2098,200
degree,0.15,92,2782,2177,200
degree,0.15,93,3239,2520,200
degree,0.15,94,3227,2287,200
degree,0.15,95,2803,2237,200
degree,0.15,96,3220,2495,200
degree,0.15,97,2808,2220,200
degree,0.15,98,3232,2457,200
degree,0.15,99,2804,2076,200
degree,0.15,100,3219,2555,200
degree,0.15,101,2820,2199,200
degree,0.15,102,3307,2544,200
degree,0.15,103,3234,2478,200
degree,0.15,104,3226,2669,200
degree,0.15,105,3215,2455,200
degree,0.15,106,2791,2152,200
degree,0.15,107,2794,2089,200
degree,0.15,108,2806,2169,200
degree,0.15,109,2789,2219,200
degree,0.15,110,3223,2574,200
degree,0.15,111,3212,2080,200
degree,0.15,112,2802,2160,200
degree,0.15,113,3222,2509,200
degree,0.15,114,3204,2582,200
degree,0.15,115,3229,2367,200
degree,0.15,116,3298,2621,200
degree,0.15,117,2782,2282,200
degree,0.15,118,2867,2155,200
degree,0.15,119,2814,2125,200
degree,0.15,120,2813,2036,200
degree,0.15,121,2823,2089,200
degree,0.15,122,3228,2404,200
degree,0.15,123,2802,2149,200
degree,0.15,124,3230,2521,200
degree,0.15,125,2795,2098,200
degree,0.15,126,3213,2438,200
degree,0.15,127,3227,2525,200
degree,0.15,128,3202,2453,200
degree,0.15,129,3219,2379,200
degree,0.15,130,3240,2513,200
degree,0.15,131,2790,2115,200
degree,0.15,132,2817,2111,200
degree,0.15,133,3221,2510,200
degree,0.15,134,3200,2564,200
degree,0.15,135,2791,2275,200
degree,0.15,136,3214,2540,200
degree,0.15,137,3284,2370,200
degree,0.15,138,3218,2266,200
degree,0.15,139,2788,2188,200
degree,0.15,140,2811,2197,200
degree,0.15,141,3218,2384,200
degree,0.15,142,2819,2156,200
degree,0.15,143,2800,2168,200
degree,0.15,144,3224,2497,200
degree,0.15,145,2806,2216,200
degree,0.15,146,3229,2464,200
degree,0.15,147,3220,2333,200
degree,0.15,148,2807,2121,200
degree,0.15,149,2790,2259,200
degree,0.15,150,3217,2595,200
degree,0.15,151,2811,2234,200
degree,0.15,152,2801,2211,200
degree,0.15,153,3220,2386,200
degree,0.15,154,2792,2179,200
degree,0.15,155,2804,2016,200
degree,0.15,156,2811,2202,200
degree,0.15,157,2805,2086,200
degree,0.15,158,3223,2359,200
degree,0.15,159,3217,2577,200
degree,0.15,160,2795,2156,200
degree,0.15,161,2813,2156,200
degree,0.15,162,2813,2052,200
degree,0.15,163,3232,2453,200
degree,0.15,164,3235,2376,200
degree,0.15,165,2815,2063,200
degree,0.15,166,2887,2083,200
degree,0.15,167,2809,2083,200
degree,0.15,168,3229,2463,200
degree,0.15,169,3220,2423,200
degree,0.15,170,2874,2142,200
degree,0.15,171,2818,2095,200
degree,0.15,172,3201,2464,200
degree,0.15,173,2807,2160,200
degree,0.15,174,2814,2179,200
degree,0.15,175,3228,2297,200
degree,0.15,176,2824,2036,200
degree,0.15,177,3202,2438,200
degree,0.15,178,2788,2173,200
degree,0.15,179,2806,2060,200
degree,0.15,180,2806,2192,200
degree,0.15,181,3229,2555,200
degree,0.15,182,3219,2454,200
degree,0.15,183,3235,2446,200
degree,0.15,184,3231,2415,200
degree,0.15,185,2804,2143,200
degree,0.15,186,2800,2133,200
degree,0.15,187,2815,2143,200
degree,0.15,188,2794,2165,200
degree,0.15,189,3227,2501,200
degree,0.15,190,2817,2259,200
degree,0.15,191,3232,2406,200
degree,0.15,192,2787,2208,200
degree,0.15,193,3222,2578,200
degree,0.15,194,2862,2300,200
degree,0.15,195,2850,2024,200
degree,0.15,196,2814,2118,200
degree,0.15,197,2798,2059,200
degree,0.15,198,2806,2169,200
degree,0.15,199,3216,2295,200
degree,0.15,200,3230,2586,200
degree,0.15,201,3228,2456,200
degree,0.15,202,3215,2444,200
degree,0.15,203,2810,2176,200
degree,0.15,204,2804,2264,200
degree,0.15,205,2804,2109,200
degree,0.15,206,3226,2601,200
degree,0.15,207,2810,2052,200
degree,0.15,208,2809,2163,200
degree,0.15,209,2813,2160,200
degree,0.15,210,3222,2513,200
degree,0.15,211,2811,2105,200
degree,0.15,212,2801,2128,200
degree,0.15,213,3202,2499,200
degree,0.15,214,2815,2194,200
degree,0.15,215,3216,2424,200
degree,0.15,216,3217,2498,200
degree,0.15,217,2812,2153,200
degree,0.15,218,3218,2442,200
degree,0.15,219,2805,2106,200
degree,0.15,220,3209,2526,200
degree,0.15,221,2821,2176,200
degree,0.15,222,2819,2284,200
degree,0.15,223,2808,2155,200
degree,0.15,224,2811,2133,200
degree,0.15,225,2786,2170,200
degree,0.15,226,3236,2649,200
degree,0.15,227,2800,2294,200
degree,0.15,228,2811,2210,200
degree,0.15,229,2811,2156,200
degree,0.15,230,3212,2547,200
degree,0.15,231,2806,2199,200
degree,0.15,232,3223,2512,200
degree,0.15,233,3217,2425,200
degree,0.15,234,3211,2375,200
degree,0.15,235,3261,2642,200
degree,0.15,236,2789,2188,200
degree,0.15,237,3207,2558,200
degree,0.15,238,2795,2139,200
degree,0.15,239,3219,2494,200
degree,0.15,240,2796,2103,200
degree,0.15,241,2775,2170,200
degree,0.15,242,2854,2229,200
degree,0.15,243,2801,2208,200
degree,0.15,244,3280,2579,200
degree,0.15,245,3230,2413,200
degree,0.15,246,2813,2253,200
degree,0.15,247,2807,2128,200
degree,0.15,248,2818,2219,200
degree,0.15,249,3225,2456,200
degree,0.15,250,3232,2484,200
degree,0.15,251,2804,2263,200
degree,0.15,252,2800,2151,200
degree,0.15,253,3193,2504,200
degree,0.15,254,3229,2550,200
degree,0.15,255,2805,2146,200
degree,0.15,256,3233,2566,200
degree,0.15,257,2779,2158,200
degree,0.15,258,3219,2402,200
degree,0.15,259,2859,2158,200
degree,0.15,260,2804,2246,200
degree,0.15,261,2821,2145,200
degree,0.15,262,3206,2378,200
degree,0.15,263,2865,2237,200
degree,0.15,264,3230,2580,200
degree,0.15,265,3235,2436,200
degree,0.15,266,3223,2501,200
degree,0.15,267,2811,2216,200
degree,0.15,268,2851,2302,200
degree,0.15,269,3225,2579,200
degree,0.15,270,2811,2253,200
degree,0.15,271,3210,2520,200
degree,0.15,272,3217,2495,200
degree,0.15,273,3214,2508,200
degree,0.15,274,2817,2248,200
degree,0.15,275,2812,2198,200
degree,0.15,276,2795,2045,200
degree,0.15,277,2790,2298,200
degree,0.15,278,2774,2239,200
degree,0.15,279,2803,2150,200
degree,0.15,280,2817,2202,200
degree,0.15,281,3224,2517,200
degree,0.15,282,2807,2303,200
degree,0.15,283,3233,2584,200
degree,0.15,284,3209,2425,200
degree,0.15,285,3228,2542,200
degree,0.15,286,3223,2442,200
degree,0.15,287,3234,2372,200
degree,0.15,288,2814,2227,200
degree,0.15,289,3225,2526,200
degree,0.15,290,2815,2207,200
degree,0.15,291,3234,2570,200
degree,0.15,292,2799,2225,200
degree,0.15,293,3286,2567,200
degree,0.15,294,3218,2424,200
degree,0.15,295,3224,2397,200
degree,0.15,296,3208,2484,200
degree,0.15,297,3225,2499,200
degree,0.15,298,2793,2146,200
degree,0.15,299,3205,2561,200
degree,0.15,300,2802,2117,200
degree,0.15,301,2808,2324,200
degree,0.15,302,3213,2370,200
degree,0.15,303,2809,2034,200
degree,0.15,304,2789,2190,200
degree,0.15,305,2811,2162,200
degree,0.15,306,2807,2154,200
degree,0.15,307,2798,2221,200
degree,0.15,308,2800,2128,200
degree,0.15,309,3215,2368,200
degree,0.15,310,3210,2458,200
degree,0.15,311,2816,2095,200
degree,0.15,312,2795,2084,200
degree,0.15,313,2806,2225,200
degree,0.15,314,2862,2204,200
degree,0.15,315,3221,2539,200
degree,0.15,316,2799,2206,200
degree,0.15,317,3217,2544,200
degree,0.15,318,3258,2493,200
degree,0.15,319,3234,2513,200
degree,0.15,320,2821,2119,200
degree,0.15,321,2808,2268,200
degree,0.15,322,3223,2570,200
degree,0.15,323,2795,2135,200
degree,0.15,324,2793,2109,200
degree,0.15,325,2780,2253,200
degree,0.15,326,3218,2573,200
degree,0.15,327,2807,2200,200
degree,0.15,328,2794,2186,200
degree,0.15,329,2796,1967,200
degree,0.15,330,2801,2247,200
degree,0.15,331,2805,2252,200
degree,0.15,332,3204,2556,200
degree,0.15,333,2803,2104,200
degree,0.15,334,2802,2058,200
degree,0.15,335,3230,2527,200
degree,0.15,336,2823,2219,200
degree,0.15,337,3225,2503,200
degree,0.15,338,3231,2414,200
degree,0.15,339,2817,2077,200
degree,0.15,340,3285,2534,200
degree,0.15,341,3204,2448,200
degree,0.15,342,2892,2155,200
degree,0.15,343,3224,2544,200
degree,0.15,344,3213,2391,200
degree,0.15,345,3322,2550,200
degree,0.15,346,2802,2014,200
degree,0.15,347,2793,2204,200
degree,0.15,348,2812,2226,200
degree,0.15,349,3206,2361,200
degree,0.15,350,3235,2270,200
degree,0.15,351,2804,2015,200
degree,0.15,352,2811,2140,200
degree,0.15,353,2797,2196,200
degree,0.15,354,3227,2493,200
degree,0.15,355,3240,2314,200
degree,0.15,356,2868,2188,200
degree,0.15,357,3198,2582,200
degree,0.15,358,2874,2170,200
degree,0.15,359,2790,2186,200
degree,0.15,360,2810,2025,200
degree,0.15,361,3230,2382,200
degree,0.15,362,2820,2132,200
degree,0.15,363,3212,2500,200
degree,0.15,364,2819,2133,200
degree,0.15,365,3229,2558,200
degree,0.15,366,2807,2140,200
degree,0.15,367,3186,2438,200
degree,0.15,368,2807,2096,200
degree,0.15,369,2804,2190,200
degree,0.15,370,3198,2459,200
degree,0.15,371,2804,2140,200
degree,0.15,372,2824,2183,200
degree,0.15,373,3224,2361,200
degree,0.15,374,3195,2277,200
degree,0.15,375,2797,2039,200
degree,0.15,376,3223,2545,200
degree,0.15,377,2804,2104,200
degree,0.15,378,2793,2225,200
degree,0.15,379,2868,2266,200
degree,0.15,380,2818,2182,200
degree,0.15,381,2807,2117,200
degree,0.15,382,3217,2523,200
degree,0.15,383,3224,2439,200
degree,0.15,384,3207,2546,200
degree,0.15,385,2810,2131,200
degree,0.15,386,3289,2495,200
degree,0.15,387,2848,2223,200
degree,0.15,388,3224,2555,200
degree,0.15,389,2788,2313,200
degree,0.15,390,2878,2198,200
degree,0.15,391,2823,2256,200
degree,0.15,392,2794,2101,200
degree,0.15,393,3216,2555,200
degree,0.15,394,2803,2088,200
degree,0.15,395,2791,2256,200
degree,0.15,396,2814,2215,200
degree,0.15,397,3291,2407,200
degree,0.15,398,3229,2546,200
degree,0.15,399,3219,2629,200
degree,0.15,400,2799,2085,200
degree,0.15,401,2795,2210,200
degree,0.15,402,3212,2429,200
degree,0.15,403,3219,2516,200
degree,0.15,404,2805,2045,200
degree,0.15,405,3235,2561,200
degree,0.15,406,2803,2272,200
degree,0.15,407,2793,2051,200
degree,0.15,408,3238,2511,200
degree,0.15,409,3215,2463,200
degree,0.15,410,2786,2083,200
degree,0.15,411,3211,2528,200
degree,0.15,412,2787,2177,200
degree,0.15,413,2787,2177,200
degree,0.15,414,3229,2456,200
degree,0.15,415,2816,2137,200
degree,0.15,416,2800,2058,200
degree,0.15,417,3229,2365,200
degree,0.15,418,3201,2385,200
degree,0.15,419,3237,2443,200
degree,0.15,420,2793,2157,200
degree,0.15,421,2874,2269,200
degree,0.15,422,3203,2638,200
degree,0.15,423,2804,2175,200
degree,0.15,424,3289,2497,200
degree,0.15,425,3221,2508,200
degree,0.15,426,3222,2421,200
degree,0.15,427,2793,2056,200
degree,0.15,428,3200,2453,200
degree,0.15,429,2789,2277,200
degree,0.15,430,2811,2154,200
degree,0.15,431,2787,1995,200
degree,0.15,432,2809,2161,200
degree,0.15,433,2786,2182,200
degree,0.15,434,2804,2224,200
degree,0.15,435,2856,2285,200
degree,0.15,436,3210,2504,200
degree,0.15,437,3239,2588,200
degree,0.15,438,3205,2414,200
degree,0.15,439,2809,2201,200
degree,0.15,440,3225,2510,200
degree,0.15,441,2804,2035,200
degree,0.15,442,3199,2428,200
degree,0.15,443,3220,2499,200
degree,0.15,444,2819,2256,200
degree,0.15,445,2802,2175,200
degree,0.15,446,3214,2572,200
degree,0.15,447,2871,2118,200
degree,0.15,448,2763,2127,200
degree,0.15,449,3226,2526,200
degree,0.15,450,2810,2110,200
degree,0.15,451,3215,2385,200
degree,0.15,452,2819,2257,200
degree,0.15,453,2824,2038,200
degree,0.15,454,2811,2264,200
degree,0.15,455,2815,2178,200
degree,0.15,456,3223,2438,200
degree,0.15,457,3178,2437,200
degree,0.15,458,3204,2542,200
degree,0.15,459,2813,2240,200
degree,0.15,460,3213,2403,200
degree,0.15,461,2833,2143,200
degree,0.15,462,3210,2500,200
degree,0.15,463,2801,2104,200
degree,0.15,464,3233,2568,200
degree,0.15,465,2873,2285,200
degree,0.15,466,2792,2241,200
degree,0.15,467,3233,2425,200
degree,0.15,468,3216,2577,200
degree,0.15,469,3237,2451,200
degree,0.15,470,3219,2549,200
degree,0.15,471,3240,2471,200
degree,0.15,472,3221,2435,200
degree,0.15,473,3207,2504,200
degree,0.15,474,3226,2495,200
degree,0.15,475,3232,2458,200
degree,0.15,476,2812,2167,200
degree,0.15,477,2779,2134,200
degree,0.15,478,2784,2047,200
degree,0.15,479,2795,2077,200
degree,0.15,480,3274,2365,200
degree,0.15,481,3231,2550,200
degree,0.15,482,2798,2263,200
degree,0.15,483,3221,2409,200
degree,0.15,484,2799,2233,200
degree,0.15,485,3223,2405,200
degree,0.15,486,3207,2533,200
degree,0.15,487,3224,2483,200
degree,0.15,488,3232,2452,200
degree,0.15,489,2810,2176,200
degree,0.15,490,3204,2535,200
degree,0.15,491,2805,2144,200
degree,0.15,492,3224,2381,200
degree,0.15,493,3213,2544,200
degree,0.15,494,2794,2206,200
degree,0.15,495,2810,2138,200
degree,0.15,496,2814,2189,200
degree,0.15,497,3238,2474,200
degree,0.15,498,2809,2123,200
degree,0.15,499,3211,2645,200
degree,0.2,0,3073,2411,200
degree,0.2,1,3011,2369,200
degree,0.2,2,3006,2400,200
degree,0.2,3,2631,2007,200
degree,0.2,4,2633,1982,200
degree,0.2,5,2635,1990,200
degree,0.2,6,3015,2229,200
degree,0.2,7,3009,2093,200
degree,0.2,8,2626,1947,200
degree,0.2,9,3013,2372,200
degree,0.2,10,2982,2298,200
degree,0.2,11,3011,2337,200
degree,0.2,12,2991,2405,200
degree,0.2,13,3016,2274,200
degree,0.2,14,2972,2345,200
degree,0.2,15,3015,2382,200
degree,0.2,16,2615,1914,200
degree,0.2,17,3010,2336,200
degree,0.2,18,3012,2211,200
degree,0.2,19,2995,2236,200
degree,0.2,20,3002,2319,200
degree,0.2,21,2620,1914,200
degree,0.2,22,2621,2132,200
degree,0.2,23,2671,2000,200
degree,0.2,24,2630,1920,200
degree,0.2,25,2635,2076,200
degree,0.2,26,3008,2127,200
degree,0.2,27,2990,2235,200
degree,0.2,28,2683,1965,200
degree,0.2,29,3002,2317,200
degree,0.2,30,3022,2391,200
degree,0.2,31,2988,2183,200
degree,0.2,32,3011,2297,200
degree,0.2,33,2634,1977,200
degree,0.2,34,2629,1932,200
degree,0.2,35,2640,1995,200
degree,0.2,36,2637,2121,200
degree,0.2,37,2628,2143,200
degree,0.2,38,2686,2085,200
degree,0.2,39,2634,1906,200
degree,0.2,40,2994,2356,200
degree,0.2,41,2631,1998,200
degree,0.2,42,2598,2016,200
degree,0.2,43,2618,2016,200
degree,0.2,44,3024,2304,200
degree,0.2,45,2632,1990,200
degree,0.2,46,3019,2340,200
degree,0.2,47,2638,2045,200
degree,0.2,48,2621,2007,200
degree,0.2,49,3002,2391,200
degree,0.2,50,2638,2080,200
degree,0.2,51,2998,2388,200
degree,0.2,52,2986,2331,200
degree,0.2,53,2627,2026,200
degree,0.2,54,2607,2044,200
degree,0.2,55,3019,2100,200
degree,0.2,56,3012,2298,200
degree,0.2,57,3017,2337,200
degree,0.2,58,2622,2065,200
degree,0.2,59,2995,2121,200
degree,0.2,60,2625,1911,200
degree,0.2,61,2641,2023,200
degree,0.2,62,2637,2100,200
degree,0.2,63,2997,2234,200
degree,0.2,64,2615,2080,200
degree,0.2,65,3007,2229,200
degree,0.2,66,2640,2017,200
degree,0.2,67,2998,2279,200
degree,0.2,68,2627,1982,200
degree,0.2,69,2637,1921,200
degree,0.2,70,2605,1846,200
degree,0.2,71,3002,2291,200
degree,0.2,72,2538,2070,200
degree,0.2,73,2987,2190,200
degree,0.2,74,2999,2326,200
degree,0.2,75,2981,2367,200
degree,0.2,76,3020,2289,200
degree,0.2,77,3006,2265,200
degree,0.2,78,2644,1987,200
degree,0.2,79,2927,2307,200
degree,0.2,80,3023,2273,200
degree,0.2,81,2614,1952,200
degree,0.2,82,2614,2030,200
degree,0.2,83,3013,2383,200
degree,0.2,84,3019,2295,200
degree,0.2,85,2692,2108,200
degree,0.2,86,2629,1812,200
degree,0.2,87,3007,2373,200
degree,0.2,88,3004,2279,200
degree,0.2,89,2981,2337,200
degree,0.2,90,3014,2276,200
degree,0.2,91,3007,2278,200
degree,0.2,92,2624,2071,200
degree,0.2,93,2992,2297,200
degree,0.2,94,2625,1884,200
degree,0.2,95,3014,2227,200
degree,0.2,96,3003,2346,200
degree,0.2,97,3018,2274,200
degree,0.2,98,3012,2337,200
degree,0.2,99,3019,2164,200
degree,0.2,100,2632,1918,200
degree,0.2,101,2632,2062,200
degree,0.2,102,3000,2298,200
degree,0.2,103,2643,2033,200
degree,0.2,104,3006,2404,200
degree,0.2,105,2629,1990,200
degree,0.2,106,3024,2309,200
degree,0.2,107,2984,2287,200
degree,0.2,108,2618,1966,200
degree,0.2,109,2606,1916,200
degree,0.2,110,3008,2256,200
degree,0.2,111,2599,2043,200
degree,0.2,112,2988,2149,200
degree,0.2,113,3001,2344,200
degree,0.2,114,2613,2021,200
degree,0.2,115,2984,2390,200
degree,0.2,116,2635,1895,200
degree,0.2,117,3009,2130,200
degree,0.2,118,2631,2023,200
degree,0.2,119,2624,2073,200
degree,0.2,120,2616,2088,200
degree,0.2,121,2602,1851,200
degree,0.2,122,2646,2020,200
degree,0.2,123,2632,2053,200
degree,0.2,124,3027,2340,200
degree,0.2,125,3030,2296,200
degree,0.2,126,2625,2000,200
degree,0.2,127,3016,2291,200
degree,0.2,128,2976,2144,200
degree,0.2,129,2633,2026,200
degree,0.2,130,2625,2072,200
degree,0.2,131,2634,1984,200
degree,0.2,132,2613,1880,200
degree,0.2,133,2624,1879,200
degree,0.2,134,3014,2378,200
degree,0.2,135,2628,2098,200
degree,0.2,136,2650,2129,200
degree,0.2,137,3006,2319,200
degree,0.2,138,2981,2194,200
degree,0.2,139,2979,2172,200
degree,0.2,140,2615,1996,200
degree,0.2,141,3013,2383,200
degree,0.2,142,3020,2270,200
degree,0.2,143,3008,2265,200
degree,0.2,144,3012,2299,200
degree,0.2,145,2999,2381,200
degree,0.2,146,2597,2072,200
degree,0.2,147,2630,2029,200
degree,0.2,148,3012,2289,200
degree,0.2,149,2994,2330,200
degree,0.2,150,2631,2060,200
degree,0.2,151,2624,2067,200
degree,0.2,152,2634,1992,200
degree,0.2,153,3014,2295,200
degree,0.2,154,3012,2344,200
degree,0.2,155,2996,2314,200
degree,0.2,156,2639,2016,200
degree,0.2,157,3012,2375,200
degree,0.2,158,2624,1988,200
degree,0.2,159,2629,1893,200
degree,0.2,160,2426,1882,200
degree,0.2,161,2636,1927,200
degree,0.2,162,3077,2350,200
degree,0.2,163,2996,2320,200
degree,0.2,164,2681,2095,200
degree,0.2,165,2640,1938,200
degree,0.2,166,3016,2265,200
degree,0.2,167,2615,1919,200
degree,0.2,168,2657,1922,200
degree,0.2,169,2613,2021,200
degree,0.2,170,2649,2157,200
degree,0.2,171,3071,2309,200
degree,0.2,172,2631,2038,200
degree,0.2,173,2638,1842,200
degree,0.2,174,2628,2096,200
degree,0.2,175,2624,2034,200
degree,0.2,176,2982,2279,200
degree,0.2,177,2639,1890,200
degree,0.2,178,3018,2384,200
degree,0.2,179,3022,2259,200
degree,0.2,180,2636,2052,200
degree,0.2,181,2974,2199,200
degree,0.2,182,3010,2257,200
degree,0.2,183,2998,2352,200
degree,0.2,184,3002,2241,200
degree,0.2,185,2679,1982,200
degree,0.2,186,3030,2279,200
degree,0.2,187,2621,1972,200
degree,0.2,188,2604,1927,200
degree,0.2,189,3054,2365,200
degree,0.2,190,2635,2076,200
degree,0.2,191,2638,2092,200
degree,0.2,192,3011,2179,200
degree,0.2,193,2622,2010,200
degree,0.2,194,2630,1952,200
degree,0.2,195,2643,2015,200
degree,0.2,196,2624,2023,200
degree,0.2,197,3018,2291,200
degree,0.2,198,3014,2405,200
degree,0.2,199,2980,2343,200
degree,0.2,200,2644,2052,200
degree,0.2,201,2637,2008,200
degree,0.2,202,3020,2378,200
degree,0.2,203,3008,2130,200
degree,0.2,204,2607,2068,200
degree,0.2,205,2982,2355,200
degree,0.2,206,2637,2082,200
degree,0.2,207,2630,2005,200
degree,0.2,208,2616,2023,200
degree,0.2,209,2616,1982,200
degree,0.2,210,3021,2274,200
degree,0.2,211,2628,2006,200
degree,0.2,212,2625,1968,200
degree,0.2,213,2685,2157,200
degree,0.2,214,3001,2202,200
degree,0.2,215,3011,2294,200
degree,0.2,216,3003,2358,200
degree,0.2,217,3009,2310,200
degree,0.2,218,2628,2018,200
degree,0.2,219,2622,2020,200
degree,0.2,220,3009,2370,200
degree,0.2,221,2636,1925,200
degree,0.2,222,3014,2362,200
degree,0.2,223,3019,2219,200
degree,0.2,224,2673,2140,200
degree,0.2,225,2602,2132,200
degree,0.2,226,3051,2084,200
degree,0.2,227,3006,2371,200
degree,0.2,228,3011,2400,200
degree,0.2,229,2642,2013,200
degree,0.2,230,2620,2051,200
degree,0.2,231,3082,2355,200
degree,0.2,232,2632,2068,200
degree,0.2,233,2616,2053,200
degree,0.2,234,2624,2032,200
degree,0.2,235,2637,1998,200
degree,0.2,236,2631,2035,200
degree,0.2,237,2632,1881,200
degree,0.2,238,2647,1973,200
degree,0.2,239,2631,2014,200
degree,0.2,240,3014,2309,200
degree,0.2,241,2631,2050,200
degree,0.2,242,2991,2334,200
degree,0.2,243,3024,2108,200
degree,0.2,244,2636,2070,200
degree,0.2,245,3040,2312,200
degree,0.2,246,3004,2292,200
degree,0.2,247,3002,2215,200
degree,0.2,248,2625,2141,200
degree,0.2,249,3001,2203,200
degree,0.2,250,2628,2018,200
degree,0.2,251,3001,2309,200
degree,0.2,252,2646,2094,200
degree,0.2,253,3011,2388,200
degree,0.2,254,2637,2029,200
degree,0.2,255,2632,1957,200
degree,0.2,256,2680,2039,200
degree,0.2,257,2630,1926,200
degree,0.2,258,2625,2017,200
degree,0.2,259,3006,2206,200
degree,0.2,260,2637,1884,200
degree,0.2,261,2984,2137,200
degree,0.2,262,2679,1928,200
degree,0.2,263,2641,1925,200
degree,0.2,264,2680,2103,200
degree,0.2,265,3084,2263,200
degree,0.2,266,2616,2056,200
degree,0.2,267,3021,2245,200
degree,0.2,268,2683,2013,200
degree,0.2,269,2992,2276,200
degree,0.2,270,2626,2073,200
degree,0.2,271,2626,2058,200
degree,0.2,272,2637,1984,200
degree,0.2,273,3019,2439,200
degree,0.2,274,2998,2299,200
degree,0.2,275,2638,2045,200
degree,0.2,276,3008,2254,200
degree,0.2,277,3014,2314,200
degree,0.2,278,2636,1899,200
degree,0.2,279,2629,2016,200
degree,0.2,280,3017,2339,200
degree,0.2,281,3003,2302,200
degree,0.2,282,2621,1990,200
degree,0.2,283,2639,1978,200
degree,0.2,284,2628,2038,200
degree,0.2,285,2636,1955,200
degree,0.2,286,3006,2186,200
degree,0.2,287,3030,2314,200
degree,0.2,288,2623,2049,200
degree,0.2,289,2608,1986,200
degree,0.2,290,2632,1937,200
degree,0.2,291,2617,1981,200
degree,0.2,292,3002,2208,200
degree,0.2,293,2621,2007,200
degree,0.2,294,2638,1954,200
degree,0.2,295,2612,2091,200
degree,0.2,296,2664,2077,200
degree,0.2,297,3002,2217,200
degree,0.2,298,2673,1971,200
degree,0.2,299,2634,1798,200
degree,0.2,300,2636,2004,200
degree,0.2,301,2631,2079,200
degree,0.2,302,2661,1999,200
degree,0.2,303,2656,2049,200
degree,0.2,304,2628,1909,200
degree,0.2,305,2588,1980,200
degree,0.2,306,3001,2439,200
degree,0.2,307,2632,1923,200
degree,0.2,308,2638,1946,200
degree,0.2,309,2632,2039,200
degree,0.2,310,2591,1969,200
degree,0.2,311,2626,2056,200
degree,0.2,312,3022,2294,200
degree,0.2,313,2625,2104,200
degree,0.2,314,2624,2030,200
degree,0.2,315,2646,2010,200
degree,0.2,316,2993,2194,200
degree,0.2,317,2628,2110,200
degree,0.2,318,3016,2212,200
degree,0.2,319,3017,2340,200
degree,0.2,320,3064,2026,200
degree,0.2,321,2662,2043,200
degree,0.2,322,3000,2215,200
degree,0.2,323,2651,2039,200
degree,0.2,324,2626,2059,200
degree,0.2,325,2613,2017,200
degree,0.2,326,3058,2148,200
degree,0.2,327,3013,2273,200
degree,0.2,328,2636,2063,200
degree,0.2,329,2625,1995,200
degree,0.2,330,2629,2055,200
degree,0.2,331,3014,2384,200
degree,0.2,332,2612,1956,200
degree,0.2,333,2635,1938,200
degree,0.2,334,3012,2337,200
degree,0.2,335,3007,2129,200
degree,0.2,336,2622,2002,200
degree,0.2,337,2610,1953,200
degree,0.2,338,3011,2083,200
degree,0.2,339,2983,2340,200
degree,0.2,340,2616,2099,200
degree,0.2,341,2979,2260,200
degree,0.2,342,3010,2232,200
degree,0.2,343,2623,2073,200
degree,0.2,344,3063,2334,200
degree,0.2,345,2632,2114,200
degree,0.2,346,2627,2001,200
degree,0.2,347,2607,1993,200
degree,0.2,348,2631,2106,200
degree,0.2,349,2637,2000,200
degree,0.2,350,2610,1961,200
degree,0.2,351,2618,2052,200
degree,0.2,352,3019,2230,200
degree,0.2,353,2992,2389,200
degree,0.2,354,2631,2043,200
degree,0.2,355,2684,1937,200
degree,0.2,356,3017,2347,200
degree,0.2,357,3002,2362,200
degree,0.2,358,3002,2186,200
degree,0.2,359,2622,2105,200
degree,0.2,360,2991,2321,200
degree,0.2,361,3015,2333,200
degree,0.2,362,2621,1970,200
degree,0.2,363,2619,2084,200
degree,0.2,364,3016,2353,200
degree,0.2,365,3019,2282,200
degree,0.2,366,2992,2230,200
degree,0.2,367,2652,1923,200
degree,0.2,368,2631,2109,200
degree,0.2,369,2669,2094,200
degree,0.2,370,2999,2133,200
degree,0.2,371,3010,2191,200
degree,0.2,372,2614,1959,200
degree,0.2,373,2577,2053,200
degree,0.2,374,2640,2038,200
degree,0.2,375,2605,1992,200
degree,0.2,376,3024,2182,200
degree,0.2,377,2624,1983,200
degree,0.2,378,3008,2219,200
degree,0.2,379,2655,1997,200
degree,0.2,380,2632,1961,200
degree,0.2,381,2675,2186,200
degree,0.2,382,3055,2313,200
degree,0.2,383,2631,2085,200
degree,0.2,384,2648,2019,200
degree,0.2,385,2632,1929,200
degree,0.2,386,3012,2157,200
degree,0.2,387,2625,1891,200
degree,0.2,388,3015,2208,200
degree,0.2,389,3023,2436,200
degree,0.2,390,3006,2259,200
degree,0.2,391,3009,2158,200
degree,0.2,392,2684,2054,200
degree,0.2,393,3020,2323,200
degree,0.2,394,2611,1917,200
degree,0.2,395,2609,2009,200
degree,0.2,396,2625,1947,200
degree,0.2,397,2993,2162,200
degree,0.2,398,2615,2037,200
degree,0.2,399,2638,1964,200
degree,0.2,400,2688,2103,200
degree,0.2,401,2568,2038,200
degree,0.2,402,2608,1904,200
degree,0.2,403,2620,2096,200
degree,0.2,404,2986,2319,200
degree,0.2,405,3009,2324,200
degree,0.2,406,2617,2088,200
degree,0.2,407,3007,2304,200
degree,0.2,408,2615,2122,200
degree,0.2,409,2995,2175,200
degree,0.2,410,2627,1990,200
degree,0.2,411,3012,2296,200
degree,0.2,412,2630,1857,200
degree,0.2,413,3002,2280,200
degree,0.2,414,2615,2093,200
degree,0.2,415,2998,2340,200
degree,0.2,416,2994,2389,200
degree,0.2,417,3015,2300,200
degree,0.2,418,3013,2305,200
degree,0.2,419,3016,2279,200
degree,0.2,420,3005,2271,200
degree,0.2,421,2622,2048,200
degree,0.2,422,3006,2276,200
degree,0.2,423,2698,2014,200
degree,0.2,424,2624,1900,200
degree,0.2,425,2623,2066,200
degree,0.2,426,2623,1925,200
degree,0.2,427,2612,2038,200
degree,0.2,428,2630,2107,200
degree,0.2,429,2623,1962,200
degree,0.2,430,2628,2027,200
degree,0.2,431,3014,2196,200
degree,0.2,432,2610,1928,200
degree,0.2,433,2632,2156,200
degree,0.2,434,2621,1967,200
degree,0.2,435,2611,1920,200
degree,0.2,436,2689,1908,200
degree,0.2,437,2631,1955,200
degree,0.2,438,2634,2054,200
degree,0.2,439,3009,2284,200
degree,0.2,440,3002,2365,200
degree,0.2,441,2636,1946,200
degree,0.2,442,2637,2093,200
degree,0.2,443,2609,2033,200
degree,0.2,444,2586,1999,200
degree,0.2,445,2623,2006,200
degree,0.2,446,3080,2419,200
degree,0.2,447,3061,2379,200
degree,0.2,448,2639,2067,200
degree,0.2,449,2630,2018,200
degree,0.2,450,2623,2019,200
degree,0.2,451,3011,2449,200
degree,0.2,452,3081,2420,200
degree,0.2,453,3016,2266,200
degree,0.2,454,2998,2327,200
degree,0.2,455,2997,2309,200
degree,0.2,456,3004,2278,200
degree,0.2,457,2629,1951,200
degree,0.2,458,2634,2066,200
degree,0.2,459,3086,2332,200
degree,0.2,460,3003,2254,200
degree,0.2,461,2644,2141,200
degree,0.2,462,3018,2271,200
degree,0.2,463,2699,2097,200
degree,0.2,464,2628,1885,200
degree,0.2,465,3076,2387,200
degree,0.2,466,3011,2319,200
degree,0.2,467,2619,1781,200
degree,0.2,468,2629,2010,200
degree,0.2,469,2615,1991,200
degree,0.2,470,2611,2016,200
degree,0.2,471,3017,2324,200
degree,0.2,472,3004,2314,200
degree,0.2,473,2630,2077,200
degree,0.2,474,2996,2231,200
degree,0.2,475,3023,2341,200
degree,0.2,476,2632,1998,200
degree,0.2,477,2632,2005,200
degree,0.2,478,2971,2309,200
degree,0.2,479,2614,2025,200
degree,0.2,480,2626,2097,200
degree,0.2,481,3012,2227,200
degree,0.2,482,2991,2159,200
degree,0.2,483,3003,2226,200
degree,0.2,484,3005,2321,200
degree,0.2,485,3009,2088,200
degree,0.2,486,2623,1882,200
degree,0.2,487,2637,2076,200
degree,0.2,488,3017,2248,200
degree,0.2,489,2699,2015,200
degree,0.2,490,3012,2341,200
degree,0.2,491,3023,2402,200
degree,0.2,492,2637,2064,200
degree,0.2,493,2612,2076,200
degree,0.2,494,2631,2028,200
degree,0.2,495,2621,1936,200
degree,0.2,496,2624,1867,200
degree,0.2,497,2634,2139,200
degree,0.2,498,2632,1997,200
degree,0.2,499,3003,2284,200
betweenness,0.01,0,2347,1888,200
betweenness,0.01,1,3094,2529,200
betweenness,0.01,2,2050,1745,200
betweenness,0.01,3,3298,2739,200
betweenness,0.01,4,2734,2252,200
betweenness,0.01,5,3278,2719,200
betweenness,0.01,6,2859,2113,200
betweenness,0.01,7,3617,2873,200
betweenness,0.01,8,3279,2769,200
betweenness,0.01,9,2779,2394,200
betweenness,0.01,10,3605,2813,200
betweenness,0.01,11,2862,2342,200
betweenness,0.01,12,2956,2488,200
betweenness,0.01,13,2542,2063,200
betweenness,0.01,14,1421,1145,200
betweenness,0.01,15,3300,2771,200
betweenness,0.01,16,2773,2368,200
betweenness,0.01,17,2790,2386,200
betweenness,0.01,18,3149,2370,200
betweenness,0.01,19,2776,2364,200
betweenness,0.01,20,2864,2075,200
betweenness,0.01,21,3616,2991,200
betweenness,0.01,22,2778,2432,200
betweenness,0.01,23,3289,2746,200
betweenness,0.01,24,2550,2150,200
betweenness,0.01,25,2794,2347,200
betweenness,0.01,26,2345,1762,200
betweenness,0.01,27,3276,2680,200
betweenness,0.01,28,3599,2748,200
betweenness,0.01,29,2793,2408,200
betweenness,0.01,30,2557,2115,200
betweenness,0.01,31,3092,2583,200
betweenness,0.01,32,2732,2283,200
betweenness,0.01,33,2565,1935,200
betweenness,0.01,34,2358,1763,200
betweenness,0.01,35,3074,2304,200
betweenness,0.01,36,3100,2565,200
betweenness,0.01,37,3301,2758,200
betweenness,0.01,38,3290,2732,200
betweenness,0.01,39,3598,2799,200
betweenness,0.01,40,2873,2319,200
betweenness,0.01,41,3609,2771,200
betweenness,0.01,42,2862,2362,200
betweenness,0.01,43,3097,2617,200
betweenness,0.01,44,3038,2492,200
betweenness,0.01,45,3580,2768,200
betweenness,0.01,46,3432,2810,200
betweenness,0.01,47,2781,2388,200
betweenness,0.01,48,3605,2988,200
betweenness,0.01,49,3107,2546,200
betweenness,0.01,50,1247,1015,200
betweenness,0.01,51,3048,2459,200
betweenness,0.01,52,3260,2455,200
betweenness,0.01,53,3537,2780,200
betweenness,0.01,54,3471,2715,200
betweenness,0.01,55,3087,2330,200
betweenness,0.01,56,3611,2745,200
betweenness,0.01,57,3611,2744,200
betweenness,0.01,58,3271,2552,200
betweenness,0.01,59,2853,2275,200
betweenness,0.01,60,3098,2005,200
betweenness,0.01,61,2044,1700,200
betweenness,0.01,62,1246,1019,200
betweenness,0.01,63,3100,2408,200
betweenness,0.01,64,3582,2905,200
betweenness,0.01,65,2789,2371,200
betweenness,0.01,66,3285,2737,200
betweenness,0.01,67,3088,2360,200
betweenness,0.01,68,3094,2630,200
betweenness,0.01,69,2357,1932,200
betweenness,0.01,70,2727,2215,200
betweenness,0.01,71,2871,2351,200
betweenness,0.01,72,3475,2847,200
betweenness,0.01,73,2556,2133,200
betweenness,0.01,74,3104,2646,200
betweenness,0.01,75,2856,2153,200
betweenness,0.01,76,2057,1736,200
betweenness,0.01,77,3081,2220,200
betweenness,0.01,78,3108,2442,200
betweenness,0.01,79,3086,2582,200
betweenness,0.01,80,3614,2766,200
betweenness,0.01,81,3042,2274,200
betweenness,0.01,82,3287,2668,200
betweenness,0.01,83,1292,1048,200
betweenness,0.01,84,3092,2373,200
betweenness,0.01,85,3301,2620,200
betweenness,0.01,86,2786,2364,200
betweenness,0.01,87,2763,2391,200
betweenness,0.01,88,2865,2188,200
betweenness,0.01,89,3609,2786,200
betweenness,0.01,90,2867,2157,200
betweenness,0.01,91,3263,2471,200
betweenness,0.01,92,2558,2117,200
betweenness,0.01,93,3776,2769,200
betweenness,0.01,94,3302,2736,200
betweenness,0.01,95,2230,1884,200
betweenness,0.01,96,2872,2162,200
betweenness,0.01,97,2356,1752,200
betweenness,0.01,98,3613,2772,200
betweenness,0.01,99,2783,2454,200
betweenness,0.01,100,2358,1753,200
betweenness,0.01,101,2353,1800,200
betweenness,0.01,102,2353,1755,200
betweenness,0.01,103,2857,2318,200
betweenness,0.01,104,3262,2541,200
betweenness,0.01,105,3295,2772,200
betweenness,0.01,106,3250,2523,200
betweenness,0.01,107,3089,2434,200
betweenness,0.01,108,3462,2536,200
betweenness,0.01,109,2365,1781,200
betweenness,0.01,110,3613,2648,200
betweenness,0.01,111,3291,2743,200
betweenness,0.01,112,3609,2733,200
betweenness,0.01,113,3791,2850,200
betweenness,0.01,114,3036,2229,200
betweenness,0.01,115,2562,2149,200
betweenness,0.01,116,3616,2937,200
betweenness,0.01,117,2574,2100,200
betweenness,0.01,118,3149,2420,200
betweenness,0.01,119,2957,2546,200
betweenness,0.01,120,3088,2466,200
betweenness,0.01,121,3076,2595,200
betweenness,0.01,122,3103,2309,200
betweenness,0.01,123,2037,1754,200
betweenness,0.01,124,2353,1946,200
betweenness,0.01,125,2798,2333,200
betweenness,0.01,126,2787,2385,200
betweenness,0.01,127,2365,1951,200
betweenness,0.01,128,3238,2367,200
betweenness,0.01,129,3103,2374,200
betweenness,0.01,130,2874,2315,200
betweenness,0.01,131,2517,2067,200
betweenness,0.01,132,3126,2441,200
betweenness,0.01,133,2744,2145,200
betweenness,0.01,134,3306,2759,200
betweenness,0.01,135,2789,2361,200
betweenness,0.01,136,3473,2837,200
betweenness,0.01,137,3608,2698,200
betweenness,0.01,138,2551,2103,200
betweenness,0.01,139,2035,1775,200
betweenness,0.01,140,2885,2115,200
betweenness,0.01,141,3780,2813,200
betweenness,0.01,142,3099,2310,200
betweenness,0.01,143,3286,2776,200
betweenness,0.01,144,2362,1792,200
betweenness,0.01,145,2740,2231,200
betweenness,0.01,146,2786,2374,200
betweenness,0.01,147,3041,2258,200
betweenness,0.01,148,2058,1756,200
betweenness,0.01,149,2797,2339,200
betweenness,0.01,150,3602,2821,200
betweenness,0.01,151,2859,2274,200
betweenness,0.01,152,3643,2953,200
betweenness,0.01,153,2871,2129,200
betweenness,0.01,154,3614,2207,200
betweenness,0.01,155,3120,2430,200
betweenness,0.01,156,2858,2166,200
betweenness,0.01,157,2878,1895,200
betweenness,0.01,158,2272,1914,200
betweenness,0.01,159,3094,2517,200
betweenness,0.01,160,3107,2522,200
betweenness,0.01,161,3614,2729,200
betweenness,0.01,162,2866,2032,200
betweenness,0.01,163,2372,1895,200
betweenness,0.01,164,3099,2363,200
betweenness,0.01,165,2552,2142,200
betweenness,0.01,166,3299,2733,200
betweenness,0.01,167,3048,2279,200
betweenness,0.01,168,2551,2056,200
betweenness,0.01,169,3608,2794,200
betweenness,0.01,170,2368,1951,200
betweenness,0.01,171,2561,1997,200
betweenness,0.01,172,2235,1895,200
betweenness,0.01,173,2869,2158,200
betweenness,0.01,174,2599,2163,200
betweenness,0.01,175,3601,2770,200
betweenness,0.01,176,2367,1781,200
betweenness,0.01,177,3582,2639,200
betweenness,0.01,178,2778,2310,200
betweenness,0.01,179,2961,2506,200
betweenness,0.01,180,3303,2741,200
betweenness,0.01,181,3592,2773,200
betweenness,0.01,182,2532,2091,200
betweenness,0.01,183,3110,2508,200
betweenness,0.01,184,3098,2423,200
betweenness,0.01,185,2536,1869,200
betweenness,0.01,186,2561,2097,200
betweenness,0.01,187,2410,1782,200
betweenness,0.01,188,3093,2345,200
betweenness,0.01,189,3600,2931,200
betweenness,0.01,190,2358,1915,200
betweenness,0.01,191,1259,1025,200
betweenness,0.01,192,3098,2388,200
betweenness,0.01,193,3259,2503,200
betweenness,0.01,194,2822,2389,200
betweenness,0.01,195,2785,2346,200
betweenness,0.01,196,2360,1942,200
betweenness,0.01,197,1248,1016,200
betweenness,0.01,198,2784,2423,200
betweenness,0.01,199,3090,2427,200
betweenness,0.01,200,3251,2505,200
betweenness,0.01,201,2961,2520,200
betweenness,0.01,202,3600,2363,200
betweenness,0.01,203,2966,2526,200
betweenness,0.01,204,3106,2368,200
betweenness,0.01,205,2786,2372,200
betweenness,0.01,206,3108,2319,200
betweenness,0.01,207,2792,2165,200
betweenness,0.01,208,2775,2364,200
betweenness,0.01,209,3081,2594,200
betweenness,0.01,210,2963,2475,200
betweenness,0.01,211,2794,2434,200
betweenness,0.01,212,2352,1759,200
betweenness,0.01,213,2743,2300,200
betweenness,0.01,214,3281,2550,200
betweenness,0.01,215,2822,2391,200
betweenness,0.01,216,3614,2820,200
betweenness,0.01,217,2776,2414,200
betweenness,0.01,218,2785,2414,200
betweenness,0.01,219,2552,2117,200
betweenness,0.01,220,2213,1871,200
betweenness,0.01,221,3607,2782,200
betweenness,0.01,222,2783,2383,200
betweenness,0.01,223,3618,3009,200
betweenness,0.01,224,3085,2373,200
betweenness,0.01,225,2872,2351,200
betweenness,0.01,226,2548,2111,200
betweenness,0.01,227,2055,1724,200
betweenness,0.01,228,2782,2323,200
betweenness,0.01,229,2539,2146,200
betweenness,0.01,230,3103,2404,200
betweenness,0.01,231,3345,2848,200
betweenness,0.01,232,3622,2400,200
betweenness,0.01,233,2796,2400,200
betweenness,0.01,234,2792,2415,200
betweenness,0.01,235,2359,1751,200
betweenness,0.01,236,2562,2164,200
betweenness,0.01,237,3285,2426,200
betweenness,0.01,238,3592,2918,200
betweenness,0.01,239,2874,2139,200
betweenness,0.01,240,2873,2104,200
betweenness,0.01,241,2367,1766,200
betweenness,0.01,242,2570,2125,200
betweenness,0.01,243,2792,2359,200
betweenness,0.01,244,3609,2603,200
betweenness,0.01,245,2355,1930,200
betweenness,0.01,246,3296,2728,200
betweenness,0.01,247,3091,2344,200
betweenness,0.01,248,2353,1812,200
betweenness,0.01,249,3277,2451,200
betweenness,0.01,250,3607,2934,200
betweenness,0.01,251,2798,2385,200
betweenness,0.01,252,2873,2261,200
betweenness,0.01,253,2360,1864,200
betweenness,0.01,254,3052,2431,200
betweenness,0.01,255,2350,1756,200
betweenness,0.01,256,2970,2475,200
betweenness,0.01,257,2360,1875,200
betweenness,0.01,258,3098,2379,200
betweenness,0.01,259,3607,2793,200
betweenness,0.01,260,3094,2387,200
betweenness,0.01,261,2532,2063,200
betweenness,0.01,262,2753,2347,200
betweenness,0.01,263,2877,2255,200
betweenness,0.01,264,1556,1013,200
betweenness,0.01,265,2543,2044,200
betweenness,0.01,266,3781,2910,200
betweenness,0.01,267,2549,2073,200
betweenness,0.01,268,3650,2737,200
betweenness,0.01,269,2048,1744,200
betweenness,0.01,270,2780,2444,200
betweenness,0.01,271,3087,2342,200
betweenness,0.01,272,3046,2405,200
betweenness,0.01,273,3306,2745,200
betweenness,0.01,274,2365,1930,200
betweenness,0.01,275,3591,2948,200
betweenness,0.01,276,2784,2387,200
betweenness,0.01,277,3105,2648,200
betweenness,0.01,278,3275,2445,200
betweenness,0.01,279,2875,2150,200
betweenness,0.01,280,2382,1917,200
betweenness,0.01,281,2793,2380,200
betweenness,0.01,282,3292,2712,200
betweenness,0.01,283,2784,2396,200
betweenness,0.01,284,3291,2737,200
betweenness,0.01,285,3606,2864,200
betweenness,0.01,286,3077,2642,200
betweenness,0.01,287,2881,1910,200
betweenness,0.01,288,3279,2753,200
betweenness,0.01,289,2860,2262,200
betweenness,0.01,290,3611,2985,200
betweenness,0.01,291,2878,2095,200
betweenness,0.01,292,3104,2389,200
betweenness,0.01,293,2375,1735,200
betweenness,0.01,294,2780,2395,200
betweenness,0.01,295,2785,2402,200
betweenness,0.01,296,2785,2406,200
betweenness,0.01,297,2371,1946,200
betweenness,0.01,298,1248,1021,200
betweenness,0.01,299,3280,2737,200
betweenness,0.01,300,3294,2731,200
betweenness,0.01,301,2795,2328,200
betweenness,0.01,302,3773,2708,200
betweenness,0.01,303,2565,2088,200
betweenness,0.01,304,2568,1929,200
betweenness,0.01,305,2561,2119,200
betweenness,0.01,306,3619,2727,200
betweenness,0.01,307,2795,2299,200
betweenness,0.01,308,3578,2767,200
betweenness,0.01,309,3614,2898,200
betweenness,0.01,310,3304,2682,200
betweenness,0.01,311,2383,1933,200
betweenness,0.01,312,2549,2125,200
betweenness,0.01,313,2867,2387,200
betweenness,0.01,314,2785,2440,200
betweenness,0.01,315,2779,2397,200
betweenness,0.01,316,3097,2584,200
betweenness,0.01,317,3268,2456,200
betweenness,0.01,318,3289,2765,200
betweenness,0.01,319,2566,2106,200
betweenness,0.01,320,3468,2879,200
betweenness,0.01,321,2364,1955,200
betweenness,0.01,322,2781,2376,200
betweenness,0.01,323,2861,2123,200
betweenness,0.01,324,3101,2618,200
betweenness,0.01,325,2871,1820,200
betweenness,0.01,326,3593,2745,200
betweenness,0.01,327,3607,2746,200
betweenness,0.01,328,2797,2350,200
betweenness,0.01,329,3609,2920,200
betweenness,0.01,330,2434,1901,200
betweenness,0.01,331,2206,1919,200
betweenness,0.01,332,3299,2670,200
betweenness,0.01,333,3095,2352,200
betweenness,0.01,334,2209,1891,200
betweenness,0.01,335,2365,1733,200
betweenness,0.01,336,2596,2126,200
betweenness,0.01,337,3763,3172,200
betweenness,0.01,338,2555,1996,200
betweenness,0.01,339,3284,2651,200
betweenness,0.01,340,2568,2087,200
betweenness,0.01,341,3294,2739,200
betweenness,0.01,342,3613,2866,200
betweenness,0.01,343,2856,2263,200
betweenness,0.01,344,3307,2820,200
betweenness,0.01,345,2882,2354,200
betweenness,0.01,346,2772,2424,200
betweenness,0.01,347,3585,2676,200
betweenness,0.01,348,3597,2733,200
betweenness,0.01,349,3598,2715,200
betweenness,0.01,350,3792,2854,200
betweenness,0.01,351,3607,2947,200
betweenness,0.01,352,3103,2530,200
betweenness,0.01,353,2777,2338,200
betweenness,0.01,354,3103,2350,200
betweenness,0.01,355,3275,2607,200
betweenness,0.01,356,2038,1758,200
betweenness,0.01,357,2873,2334,200
betweenness,0.01,358,3079,2388,200
betweenness,0.01,359,2562,2104,200
betweenness,0.01,360,2270,1938,200
betweenness,0.01,361,3106,2587,200
betweenness,0.01,362,3611,2788,200
betweenness,0.01,363,3099,2393,200
betweenness,0.01,364,2873,2174,200
betweenness,0.01,365,3610,2837,200
betweenness,0.01,366,2363,1742,200
betweenness,0.01,367,2563,2119,200
betweenness,0.01,368,3605,2819,200
betweenness,0.01,369,3602,2718,200
betweenness,0.01,370,2799,2406,200
betweenness,0.01,371,3587,2958,200
betweenness,0.01,372,3772,3176,200
betweenness,0.01,373,2364,1742,200
betweenness,0.01,374,2037,1733,200
betweenness,0.01,375,2789,2384,200
betweenness,0.01,376,2864,2106,200
betweenness,0.01,377,2366,1744,200
betweenness,0.01,378,2798,2440,200
betweenness,0.01,379,3100,2349,200
betweenness,0.01,380,2359,1968,200
betweenness,0.01,381,3100,2372,200
betweenness,0.01,382,3478,2621,200
betweenness,0.01,383,3270,2742,200
betweenness,0.01,384,3086,2411,200
betweenness,0.01,385,2551,2115,200
betweenness,0.01,386,3301,2710,200
betweenness,0.01,387,3297,2705,200
betweenness,0.01,388,2358,1963,200
betweenness,0.01,389,2799,2339,200
betweenness,0.01,390,3104,2599,200
betweenness,0.01,391,3479,2747,200
betweenness,0.01,392,2879,2295,200
betweenness,0.01,393,2794,2381,200
betweenness,0.01,394,3796,2935,200
betweenness,0.01,395,2054,1712,200
betweenness,0.01,396,2911,2356,200
betweenness,0.01,397,3303,2770,200
betweenness,0.01,398,2561,2135,200
betweenness,0.01,399,2868,2157,200
betweenness,0.01,400,3618,2715,200
betweenness,0.01,401,3604,2764,200
betweenness,0.01,402,3604,2994,200
betweenness,0.01,403,3104,2546,200
betweenness,0.01,404,3274,2668,200
betweenness,0.01,405,2526,1880,200
betweenness,0.01,406,3612,2587,200
betweenness,0.01,407,3101,2535,200
betweenness,0.01,408,2866,2131,200
betweenness,0.01,409,3589,2411,200
betweenness,0.01,410,2792,2357,200
betweenness,0.01,411,1559,1221,200
betweenness,0.01,412,1251,1027,200
betweenness,0.01,413,3603,2786,200
betweenness,0.01,414,2359,1779,200
betweenness,0.01,415,3083,2319,200
betweenness,0.01,416,2875,2260,200
betweenness,0.01,417,2779,2376,200
betweenness,0.01,418,2866,2339,200
betweenness,0.01,419,2784,2341,200
betweenness,0.01,420,3597,2722,200
betweenness,0.01,421,2263,1898,200
betweenness,0.01,422,3266,2734,200
betweenness,0.01,423,2058,1759,200
betweenness,0.01,424,3090,2558,200
betweenness,0.01,425,3289,2777,200
betweenness,0.01,426,3578,2763,200
betweenness,0.01,427,2870,2127,200
betweenness,0.01,428,3101,2420,200
betweenness,0.01,429,3043,2279,200
betweenness,0.01,430,3783,2334,200
betweenness,0.01,431,2346,1760,200
betweenness,0.01,432,2874,2299,200
betweenness,0.01,433,2555,2097,200
betweenness,0.01,434,3602,2600,200
betweenness,0.01,435,3613,2703,200
betweenness,0.01,436,3088,2355,200
betweenness,0.01,437,2060,1739,200
betweenness,0.01,438,3099,2570,200
betweenness,0.01,439,3576,2757,200
betweenness,0.01,440,2862,2115,200
betweenness,0.01,441,2775,2406,200
betweenness,0.01,442,2053,1758,200
betweenness,0.01,443,2775,2403,200
betweenness,0.01,444,3301,2808,200
betweenness,0.01,445,2778,2374,200
betweenness,0.01,446,3092,2560,200
betweenness,0.01,447,3102,2448,200
betweenness,0.01,448,3100,2401,200
betweenness,0.01,449,2344,1970,200
betweenness,0.01,450,2784,2354,200
betweenness,0.01,451,2855,2081,200
betweenness,0.01,452,2741,2270,200
betweenness,0.01,453,3618,2761,200
betweenness,0.01,454,3286,2750,200
betweenness,0.01,455,2718,2228,200
betweenness,0.01,456,3602,2957,200
betweenness,0.01,457,2901,2135,200
betweenness,0.01,458,2734,2219,200
betweenness,0.01,459,2920,2322,200
betweenness,0.01,460,3619,2702,200
betweenness,0.01,461,2360,1755,200
betweenness,0.01,462,3604,2930,200
betweenness,0.01,463,3091,2278,200
betweenness,0.01,464,2872,2317,200
betweenness,0.01,465,3596,2941,200
betweenness,0.01,466,3091,2564,200
betweenness,0.01,467,2969,2465,200
betweenness,0.01,468,3107,2538,200
betweenness,0.01,469,3320,2749,200
betweenness,0.01,470,3271,2620,200
betweenness,0.01,471,3099,2360,200
betweenness,0.01,472,3308,2725,200
betweenness,0.01,473,2874,2151,200
betweenness,0.01,474,3286,2817,200
betweenness,0.01,475,2556,2054,200
betweenness,0.01,476,3602,2754,200
betweenness,0.01,477,3100,2545,200
betweenness,0.01,478,680,572,200
betweenness,0.01,479,3096,2475,200
betweenness,0.01,480,2840,2142,200
betweenness,0.01,481,2993,2460,200
betweenness,0.01,482,3569,2896,200
betweenness,0.01,483,2540,1848,200
betweenness,0.01,484,2867,2108,200
betweenness,0.01,485,2551,2117,200
betweenness,0.01,486,2723,2269,200
betweenness,0.01,487,3441,2735,200
betweenness,0.01,488,2366,1893,200
betweenness,0.01,489,3300,2749,200
betweenness,0.01,490,2052,1746,200
betweenness,0.01,491,3102,2380,200
betweenness,0.01,492,3086,2424,200
betweenness,0.01,493,2782,2385,200
betweenness,0.01,494,3607,2809,200
betweenness,0.01,495,3097,2511,200
betweenness,0.01,496,2807,2383,200
betweenness,0.01,497,3087,2560,200
betweenness,0.01,498,2865,2036,200
betweenness,0.01,499,3295,2748,200
betweenness,0.05,0,3167,2246,200
betweenness,0.05,1,1464,1274,200
betweenness,0.05,2,2054,1604,200
betweenness,0.05,3,1522,1032,200
betweenness,0.05,4,2663,2068,200
betweenness,0.05,5,2086,1563,200
betweenness,0.05,6,2424,1814,200
betweenness,0.05,7,2054,1750,200
betweenness,0.05,8,2395,1959,200
betweenness,0.05,9,1518,1201,200
betweenness,0.05,10,2395,1981,200
betweenness,0.05,11,2117,1462,200
betweenness,0.05,12,2407,2114,200
betweenness,0.05,13,1464,1335,200
betweenness,0.05,14,3430,2551,200
betweenness,0.05,15,3266,2645,200
betweenness,0.05,16,2677,2182,200
betweenness,0.05,17,1910,1626,200
betweenness,0.05,18,2088,1784,200
betweenness,0.05,19,2671,2072,200
betweenness,0.05,20,2673,1828,200
betweenness,0.05,21,1946,1434,200
betweenness,0.05,22,1928,1400,200
betweenness,0.05,23,2387,1801,200
betweenness,0.05,24,3107,2347,200
betweenness,0.05,25,2395,1866,200
betweenness,0.05,26,1460,1283,200
betweenness,0.05,27,1973,1170,200
betweenness,0.05,28,1823,1562,200
betweenness,0.05,29,2252,1668,200
betweenness,0.05,30,1920,1550,200
betweenness,0.05,31,1466,1287,200
betweenness,0.05,32,2454,1885,200
betweenness,0.05,33,2658,1561,200
betweenness,0.05,34,2218,1673,200
betweenness,0.05,35,2870,2324,200
betweenness,0.05,36,2716,2173,200
betweenness,0.05,37,2565,1835,200
betweenness,0.05,38,2674,2116,200
betweenness,0.05,39,2466,1875,200
betweenness,0.05,40,2056,1726,200
betweenness,0.05,41,3446,2595,200
betweenness,0.05,42,2483,2018,200
betweenness,0.05,43,2961,2088,200
betweenness,0.05,44,1731,1467,200
betweenness,0.05,45,2121,1651,200
betweenness,0.05,46,1975,1485,200
betweenness,0.05,47,1915,1517,200
betweenness,0.05,48,2060,1519,200
betweenness,0.05,49,1476,1288,200
betweenness,0.05,50,2871,2441,200
betweenness,0.05,51,2420,1938,200
betweenness,0.05,52,2669,2060,200
betweenness,0.05,53,2057,1562,200
betweenness,0.05,54,1972,1441,200
betweenness,0.05,55,1452,1250,200
betweenness,0.05,56,2532,2205,200
betweenness,0.05,57,2390,1680,200
betweenness,0.05,58,2657,2004,200
betweenness,0.05,59,1352,1070,200
betweenness,0.05,60,2964,2216,200
betweenness,0.05,61,1462,1249,200
betweenness,0.05,62,2675,2066,200
betweenness,0.05,63,2690,2086,200
betweenness,0.05,64,1925,1494,200
betweenness,0.05,65,2681,2073,200
betweenness,0.05,66,2974,1988,200
betweenness,0.05,67,2833,2232,200
betweenness,0.05,68,1977,1414,200
betweenness,0.05,69,1959,1643,200
betweenness,0.05,70,2225,1831,200
betweenness,0.05,71,2678,2282,200
betweenness,0.05,72,1928,1601,200
betweenness,0.05,73,1972,1525,200
betweenness,0.05,74,1465,1263,200
betweenness,0.05,75,1465,1259,200
betweenness,0.05,76,2707,1985,200
betweenness,0.05,77,1010,803,200
betweenness,0.05,78,2682,2010,200
betweenness,0.05,79,1206,998,200
betweenness,0.05,80,2217,1581,200
betweenness,0.05,81,2393,1790,200
betweenness,0.05,82,2426,1966,200
betweenness,0.05,83,1926,1419,200
betweenness,0.05,84,2433,1886,200
betweenness,0.05,85,2077,1635,200
betweenness,0.05,86,2996,2500,200
betweenness,0.05,87,1745,1433,200
betweenness,0.05,88,2675,1972,200
betweenness,0.05,89,2806,2138,200
betweenness,0.05,90,2101,1632,200
betweenness,0.05,91,2688,2070,200
betweenness,0.05,92,2724,1874,200
betweenness,0.05,93,2970,2200,200
betweenness,0.05,94,2385,1750,200
betweenness,0.05,95,2667,2130,200
betweenness,0.05,96,761,532,200
betweenness,0.05,97,2697,1738,200
betweenness,0.05,98,2204,1799,200
betweenness,0.05,99,2524,1983,200
betweenness,0.05,100,1957,1467,200
betweenness,0.05,101,2249,1775,200
betweenness,0.05,102,2415,1700,200
betweenness,0.05,103,1586,1368,200
betweenness,0.05,104,1932,1591,200
betweenness,0.05,105,2418,2024,200
betweenness,0.05,106,2675,2064,200
betweenness,0.05,107,1968,1535,200
betweenness,0.05,108,3142,2358,200
betweenness,0.05,109,2744,2014,200
betweenness,0.05,110,3139,2399,200
betweenness,0.05,111,1599,1378,200
betweenness,0.05,112,1248,1048,200
betweenness,0.05,113,2211,1619,200
betweenness,0.05,114,2444,1821,200
betweenness,0.05,115,2213,1778,200
betweenness,0.05,116,2673,1892,200
betweenness,0.05,117,2523,1999,200
betweenness,0.05,118,3273,2459,200
betweenness,0.05,119,1975,1453,200
betweenness,0.05,120,2423,1956,200
betweenness,0.05,121,2674,2142,200
betweenness,0.05,122,2229,1652,200
betweenness,0.05,123,3138,2366,200
betweenness,0.05,124,1962,1606,200
betweenness,0.05,125,2810,2352,200
betweenness,0.05,126,1921,1405,200
betweenness,0.05,127,2677,2262,200
betweenness,0.05,128,2686,2123,200
betweenness,0.05,129,1963,1566,200
betweenness,0.05,130,2587,2039,200
betweenness,0.05,131,2690,1946,200
betweenness,0.05,132,2530,2203,200
betweenness,0.05,133,2422,1899,200
betweenness,0.05,134,2671,2010,200
betweenness,0.05,135,3133,2364,200
betweenness,0.05,136,2963,2084,200
betweenness,0.05,137,2673,1636,200
betweenness,0.05,138,3418,2547,200
betweenness,0.05,139,2675,2300,200
betweenness,0.05,140,1505,1018,200
betweenness,0.05,141,2250,1690,200
betweenness,0.05,142,2398,2072,200
betweenness,0.05,143,2066,1422,200
betweenness,0.05,144,1927,1638,200
betweenness,0.05,145,1785,1451,200
betweenness,0.05,146,2427,1729,200
betweenness,0.05,147,2386,1996,200
betweenness,0.05,148,2785,2019,200
betweenness,0.05,149,1956,1483,200
betweenness,0.05,150,2128,1615,200
betweenness,0.05,151,2382,1585,200
betweenness,0.05,152,1741,1459,200
betweenness,0.05,153,2679,2006,200
betweenness,0.05,154,2722,1901,200
betweenness,0.05,155,2405,2071,200
betweenness,0.05,156,2229,1732,200
betweenness,0.05,157,2121,1716,200
betweenness,0.05,158,2223,1585,200
betweenness,0.05,159,1931,1573,200
betweenness,0.05,160,2976,2378,200
betweenness,0.05,161,1215,996,200
betweenness,0.05,162,2429,1770,200
betweenness,0.05,163,1679,1152,200
betweenness,0.05,164,2416,1920,200
betweenness,0.05,165,1953,1611,200
betweenness,0.05,166,1504,1196,200
betweenness,0.05,167,2419,1877,200
betweenness,0.05,168,1759,1267,200
betweenness,0.05,169,1206,1012,200
betweenness,0.05,170,2255,1774,200
betweenness,0.05,171,2198,1743,200
betweenness,0.05,172,2957,2244,200
betweenness,0.05,173,1967,1540,200
betweenness,0.05,174,2079,1552,200
betweenness,0.05,175,1239,1050,200
betweenness,0.05,176,2403,2112,200
betweenness,0.05,177,2403,2053,200
betweenness,0.05,178,2676,2016,200
betweenness,0.05,179,2733,1866,200
betweenness,0.05,180,1946,1578,200
betweenness,0.05,181,3131,2487,200
betweenness,0.05,182,2670,1948,200
betweenness,0.05,183,1754,1260,200
betweenness,0.05,184,3144,2303,200
betweenness,0.05,185,1674,1296,200
betweenness,0.05,186,1928,1515,200
betweenness,0.05,187,1968,1557,200
betweenness,0.05,188,2566,1890,200
betweenness,0.05,189,2678,2028,200
betweenness,0.05,190,2429,1890,200
betweenness,0.05,191,1207,1027,200
betweenness,0.05,192,1678,1267,200
betweenness,0.05,193,2390,1808,200
betweenness,0.05,194,2864,2249,200
betweenness,0.05,195,2810,2093,200
betweenness,0.05,196,3137,2651,200
betweenness,0.05,197,1465,1295,200
betweenness,0.05,198,2225,1739,200
betweenness,0.05,199,2668,2282,200
betweenness,0.05,200,2431,1775,200
betweenness,0.05,201,1533,1130,200
betweenness,0.05,202,1965,1552,200
betweenness,0.05,203,2388,1954,200
betweenness,0.05,204,1979,1643,200
betweenness,0.05,205,2946,2264,200
betweenness,0.05,206,2423,1985,200
betweenness,0.05,207,2671,2091,200
betweenness,0.05,208,2533,2187,200
betweenness,0.05,209,2424,1747,200
betweenness,0.05,210,3175,2447,200
betweenness,0.05,211,2803,2356,200
betweenness,0.05,212,3186,2441,200
betweenness,0.05,213,2546,1877,200
betweenness,0.05,214,2001,1463,200
betweenness,0.05,215,1675,1296,200
betweenness,0.05,216,1212,808,200
betweenness,0.05,217,1927,1459,200
betweenness,0.05,218,2441,1871,200
betweenness,0.05,219,1715,1397,200
betweenness,0.05,220,2654,2156,200
betweenness,0.05,221,2395,1772,200
betweenness,0.05,222,2081,1545,200
betweenness,0.05,223,1515,1070,200
betweenness,0.05,224,1631,1077,200
betweenness,0.05,225,2677,1973,200
betweenness,0.05,226,3141,2396,200
betweenness,0.05,227,2202,1762,200
betweenness,0.05,228,2408,1959,200
betweenness,0.05,229,1772,1185,200
betweenness,0.05,230,2385,1760,200
betweenness,0.05,231,2041,1714,200
betweenness,0.05,232,2953,2158,200
betweenness,0.05,233,1470,1145,200
betweenness,0.05,234,2823,2155,200
betweenness,0.05,235,1466,1260,200
betweenness,0.05,236,1664,1303,200
betweenness,0.05,237,3142,2320,200
betweenness,0.05,238,2716,1930,200
betweenness,0.05,239,2242,1575,200
betweenness,0.05,240,2342,1561,200
betweenness,0.05,241,2673,2008,200
betweenness,0.05,242,2681,2164,200
betweenness,0.05,243,2066,1732,200
betweenness,0.05,244,1988,1463,200
betweenness,0.05,245,1506,849,200
betweenness,0.05,246,1967,1408,200
betweenness,0.05,247,2384,1806,200
betweenness,0.05,248,2871,2396,200
betweenness,0.05,249,2224,1820,200
betweenness,0.05,250,1599,1352,200
betweenness,0.05,251,1950,1678,200
betweenness,0.05,252,3138,2560,200
betweenness,0.05,253,1760,1408,200
betweenness,0.05,254,2063,1726,200
betweenness,0.05,255,2226,1499,200
betweenness,0.05,256,2692,1959,200
betweenness,0.05,257,2872,2142,200
betweenness,0.05,258,2709,1628,200
betweenness,0.05,259,2096,1442,200
betweenness,0.05,260,2963,2397,200
betweenness,0.05,261,3446,2492,200
betweenness,0.05,262,2646,1670,200
betweenness,0.05,263,3122,2511,200
betweenness,0.05,264,1962,1433,200
betweenness,0.05,265,2813,2311,200
betweenness,0.05,266,2220,1761,200
betweenness,0.05,267,2385,2028,200
betweenness,0.05,268,2089,1566,200
betweenness,0.05,269,2058,1652,200
betweenness,0.05,270,2385,1722,200
betweenness,0.05,271,2665,2031,200
betweenness,0.05,272,2397,1887,200
betweenness,0.05,273,2670,2208,200
betweenness,0.05,274,1209,900,200
betweenness,0.05,275,1928,1664,200
betweenness,0.05,276,2803,2008,200
betweenness,0.05,277,2675,2069,200
betweenness,0.05,278,3139,2333,200
betweenness,0.05,279,1495,1173,200
betweenness,0.05,280,1930,1670,200
betweenness,0.05,281,1484,974,200
betweenness,0.05,282,2404,2033,200
betweenness,0.05,283,1465,1280,200
betweenness,0.05,284,1511,1169,200
betweenness,0.05,285,2667,2091,200
betweenness,0.05,286,2392,1959,200
betweenness,0.05,287,2677,2049,200
betweenness,0.05,288,1955,1647,200
betweenness,0.05,289,1671,1253,200
betweenness,0.05,290,1964,1482,200
betweenness,0.05,291,2454,1700,200
betweenness,0.05,292,2675,2070,200
betweenness,0.05,293,2725,2153,200
betweenness,0.05,294,2550,1890,200
betweenness,0.05,295,3116,2400,200
betweenness,0.05,296,1788,1550,200
betweenness,0.05,297,2212,1768,200
betweenness,0.05,298,2870,2395,200
betweenness,0.05,299,1060,803,200
betweenness,0.05,300,2544,2162,200
betweenness,0.05,301,846,736,200
betweenness,0.05,302,1031,811,200
betweenness,0.05,303,2657,2035,200
betweenness,0.05,304,1362,1105,200
betweenness,0.05,305,1926,1546,200
betweenness,0.05,306,2659,2043,200
betweenness,0.05,307,2676,2071,200
betweenness,0.05,308,2390,1973,200
betweenness,0.05,309,2381,1823,200
betweenness,0.05,310,1925,1585,200
betweenness,0.05,311,2675,2076,200
betweenness,0.05,312,2563,2041,200
betweenness,0.05,313,1932,1597,200
betweenness,0.05,314,1849,1431,200
betweenness,0.05,315,2246,1619,200
betweenness,0.05,316,3124,2416,200
betweenness,0.05,317,1304,1054,200
betweenness,0.05,318,1454,1278,200
betweenness,0.05,319,1766,1349,200
betweenness,0.05,320,2671,2276,200
betweenness,0.05,321,1547,1261,200
betweenness,0.05,322,1977,1460,200
betweenness,0.05,323,3129,2434,200
betweenness,0.05,324,2099,1461,200
betweenness,0.05,325,1521,1228,200
betweenness,0.05,326,2122,1666,200
betweenness,0.05,327,1592,1376,200
betweenness,0.05,328,2432,1769,200
betweenness,0.05,329,2528,2125,200
betweenness,0.05,330,2670,2049,200
betweenness,0.05,331,1357,1085,200
betweenness,0.05,332,1475,1139,200
betweenness,0.05,333,2380,1887,200
betweenness,0.05,334,1921,1626,200
betweenness,0.05,335,1926,1491,200
betweenness,0.05,336,2384,1937,200
betweenness,0.05,337,1918,1445,200
betweenness,0.05,338,1870,1518,200
betweenness,0.05,339,1213,982,200
betweenness,0.05,340,2409,2096,200
betweenness,0.05,341,2225,1644,200
betweenness,0.05,342,1975,1312,200
betweenness,0.05,343,1683,1230,200
betweenness,0.05,344,1921,1619,200
betweenness,0.05,345,2407,2080,200
betweenness,0.05,346,1926,1525,200
betweenness,0.05,347,2162,1781,200
betweenness,0.05,348,2960,1708,200
betweenness,0.05,349,2092,1560,200
betweenness,0.05,350,2430,1740,200
betweenness,0.05,351,1927,1651,200
betweenness,0.05,352,1969,1386,200
betweenness,0.05,353,1496,1194,200
betweenness,0.05,354,1466,1289,200
betweenness,0.05,355,2260,1855,200
betweenness,0.05,356,2668,2190,200
betweenness,0.05,357,2060,1635,200
betweenness,0.05,358,2366,1794,200
betweenness,0.05,359,1926,1635,200
betweenness,0.05,360,2850,1969,200
betweenness,0.05,361,1917,1660,200
betweenness,0.05,362,1740,1439,200
betweenness,0.05,363,2268,1592,200
betweenness,0.05,364,2857,2128,200
betweenness,0.05,365,2458,1861,200
betweenness,0.05,366,2685,1645,200
betweenness,0.05,367,1147,888,200
betweenness,0.05,368,2229,1594,200
betweenness,0.05,369,2061,1695,200
betweenness,0.05,370,1236,1015,200
betweenness,0.05,371,2969,2253,200
betweenness,0.05,372,2429,1835,200
betweenness,0.05,373,2433,1877,200
betweenness,0.05,374,1678,1219,200
betweenness,0.05,375,1931,1582,200
betweenness,0.05,376,1524,1160,200
betweenness,0.05,377,1593,1351,200
betweenness,0.05,378,3178,2439,200
betweenness,0.05,379,1779,1313,200
betweenness,0.05,380,2381,1978,200
betweenness,0.05,381,2422,1477,200
betweenness,0.05,382,2224,1585,200
betweenness,0.05,383,2969,2239,200
betweenness,0.05,384,2675,1702,200
betweenness,0.05,385,2722,1938,200
betweenness,0.05,386,1253,975,200
betweenness,0.05,387,2434,1521,200
betweenness,0.05,388,2249,1774,200
betweenness,0.05,389,2802,1766,200
betweenness,0.05,390,3142,2415,200
betweenness,0.05,391,2430,1983,200
betweenness,0.05,392,1922,1428,200
betweenness,0.05,393,2366,1796,200
betweenness,0.05,394,2394,1744,200
betweenness,0.05,395,1678,1365,200
betweenness,0.05,396,1229,959,200
betweenness,0.05,397,2673,2039,200
betweenness,0.05,398,3129,2369,200
betweenness,0.05,399,1985,1662,200
betweenness,0.05,400,2811,2191,200
betweenness,0.05,401,2423,1958,200
betweenness,0.05,402,3131,1759,200
betweenness,0.05,403,1941,1651,200
betweenness,0.05,404,1678,1344,200
betweenness,0.05,405,2394,1870,200
betweenness,0.05,406,2420,1803,200
betweenness,0.05,407,3136,2323,200
betweenness,0.05,408,2649,2244,200
betweenness,0.05,409,1354,1098,200
betweenness,0.05,410,2559,1934,200
betweenness,0.05,411,2427,1466,200
betweenness,0.05,412,2805,2187,200
betweenness,0.05,413,1684,1456,200
betweenness,0.05,414,2415,2050,200
betweenness,0.05,415,2960,2335,200
betweenness,0.05,416,1043,839,200
betweenness,0.05,417,1922,1612,200
betweenness,0.05,418,1013,820,200
betweenness,0.05,419,1655,1439,200
betweenness,0.05,420,2434,1853,200
betweenness,0.05,421,1540,1260,200
betweenness,0.05,422,2130,1456,200
betweenness,0.05,423,2246,1832,200
betweenness,0.05,424,2263,1712,200
betweenness,0.05,425,2859,2392,200
betweenness,0.05,426,2809,2151,200
betweenness,0.05,427,1044,809,200
betweenness,0.05,428,2552,2122,200
betweenness,0.05,429,3147,2485,200
betweenness,0.05,430,3182,2120,200
betweenness,0.05,431,2388,1744,200
betweenness,0.05,432,1953,1480,200
betweenness,0.05,433,1938,1544,200
betweenness,0.05,434,1520,1302,200
betweenness,0.05,435,1541,1219,200
betweenness,0.05,436,1922,1504,200
betweenness,0.05,437,3137,2599,200
betweenness,0.05,438,2255,1639,200
betweenness,0.05,439,2402,2087,200
betweenness,0.05,440,1986,1473,200
betweenness,0.05,441,1945,1578,200
betweenness,0.05,442,2214,1620,200
betweenness,0.05,443,2365,1749,200
betweenness,0.05,444,1804,1319,200
betweenness,0.05,445,1493,1139,200
betweenness,0.05,446,2679,2101,200
betweenness,0.05,447,3132,2350,200
betweenness,0.05,448,2960,2205,200
betweenness,0.05,449,2220,1604,200
betweenness,0.05,450,2105,1683,200
betweenness,0.05,451,2449,2015,200
betweenness,0.05,452,2430,1413,200
betweenness,0.05,453,1648,1244,200
betweenness,0.05,454,3428,2581,200
betweenness,0.05,455,2420,1774,200
betweenness,0.05,456,2422,2044,200
betweenness,0.05,457,3133,2473,200
betweenness,0.05,458,1961,1488,200
betweenness,0.05,459,2417,1993,200
betweenness,0.05,460,2179,1796,200
betweenness,0.05,461,1967,1347,200
betweenness,0.05,462,1692,1441,200
betweenness,0.05,463,1875,1536,200
betweenness,0.05,464,1390,1141,200
betweenness,0.05,465,1927,1566,200
betweenness,0.05,466,2398,1788,200
betweenness,0.05,467,1508,1021,200
betweenness,0.05,468,1476,1065,200
betweenness,0.05,469,2404,2098,200
betweenness,0.05,470,2672,2062,200
betweenness,0.05,471,1958,1478,200
betweenness,0.05,472,1317,1045,200
betweenness,0.05,473,2379,1738,200
betweenness,0.05,474,2409,2101,200
betweenness,0.05,475,2959,2113,200
betweenness,0.05,476,2224,1854,200
betweenness,0.05,477,3435,2247,200
betweenness,0.05,478,2388,1734,200
betweenness,0.05,479,2216,1606,200
betweenness,0.05,480,1964,1471,200
betweenness,0.05,481,2970,2301,200
betweenness,0.05,482,2402,2081,200
betweenness,0.05,483,1058,807,200
betweenness,0.05,484,2657,2241,200
betweenness,0.05,485,2419,2033,200
betweenness,0.05,486,2676,1979,200
betweenness,0.05,487,2673,2195,200
betweenness,0.05,488,3152,2406,200
betweenness,0.05,489,3130,2392,200
betweenness,0.05,490,1489,1106,200
betweenness,0.05,491,2199,1790,200
betweenness,0.05,492,3142,2427,200
betweenness,0.05,493,1210,974,200
betweenness,0.05,494,2406,2084,200
betweenness,0.05,495,2392,1780,200
betweenness,0.05,496,3137,2074,200
betweenness,0.05,497,1941,1372,200
betweenness,0.05,498,2400,1978,200
betweenness,0.05,499,1908,1681,200
betweenness,0.1,0,2451,1963,200
betweenness,0.1,1,2266,1691,200
betweenness,0.1,2,1844,1470,200
betweenness,0.1,3,2708,2271,200
betweenness,0.1,4,1925,1521,200
betweenness,0.1,5,2214,1647,200
betweenness,0.1,6,2315,1963,200
betweenness,0.1,7,1201,944,200
betweenness,0.1,8,2192,1680,200
betweenness,0.1,9,1713,1418,200
betweenness,0.1,10,1835,1457,200
betweenness,0.1,11,2161,1673,200
betweenness,0.1,12,1712,1277,200
betweenness,0.1,13,2721,1883,200
betweenness,0.1,14,1806,1347,200
betweenness,0.1,15,1932,1371,200
betweenness,0.1,16,1466,1129,200
betweenness,0.1,17,1649,1274,200
betweenness,0.1,18,1515,1274,200
betweenness,0.1,19,2719,2034,200
betweenness,0.1,20,1843,1503,200
betweenness,0.1,21,2266,1727,200
betweenness,0.1,22,1567,1295,200
betweenness,0.1,23,1013,694,200
betweenness,0.1,24,1704,1284,200
betweenness,0.1,25,2442,1891,200
betweenness,0.1,26,1718,1294,200
betweenness,0.1,27,2906,2253,200
betweenness,0.1,28,1844,1485,200
betweenness,0.1,29,2232,1761,200
betweenness,0.1,30,2433,1379,200
betweenness,0.1,31,1350,935,200
betweenness,0.1,32,770,672,200
betweenness,0.1,33,1925,1539,200
betweenness,0.1,34,2703,2050,200
betweenness,0.1,35,2904,2284,200
betweenness,0.1,36,1842,1478,200
betweenness,0.1,37,2915,2252,200
betweenness,0.1,38,2141,1709,200
betweenness,0.1,39,2905,2258,200
betweenness,0.1,40,2704,2075,200
betweenness,0.1,41,2732,2074,200
betweenness,0.1,42,2267,1808,200
betweenness,0.1,43,1818,1486,200
betweenness,0.1,44,1809,1503,200
betweenness,0.1,45,2301,1797,200
betweenness,0.1,46,2167,1686,200
betweenness,0.1,47,1830,1404,200
betweenness,0.1,48,2615,2015,200
betweenness,0.1,49,1576,1209,200
betweenness,0.1,50,2162,1605,200
betweenness,0.1,51,2546,1874,200
betweenness,0.1,52,2120,1530,200
betweenness,0.1,53,1336,1013,200
betweenness,0.1,54,2451,1349,200
betweenness,0.1,55,1513,1174,200
betweenness,0.1,56,2170,1685,200
betweenness,0.1,57,1568,1123,200
betweenness,0.1,58,2181,1621,200
betweenness,0.1,59,1493,1130,200
betweenness,0.1,60,2080,1617,200
betweenness,0.1,61,2704,2221,200
betweenness,0.1,62,2123,1714,200
betweenness,0.1,63,1066,729,200
betweenness,0.1,64,1937,1562,200
betweenness,0.1,65,2439,1908,200
betweenness,0.1,66,2283,1772,200
betweenness,0.1,67,2770,2228,200
betweenness,0.1,68,1990,1470,200
betweenness,0.1,69,3023,2118,200
betweenness,0.1,70,2443,1671,200
betweenness,0.1,71,2172,1592,200
betweenness,0.1,72,1410,1190,200
betweenness,0.1,73,2571,1920,200
betweenness,0.1,74,1576,1258,200
betweenness,0.1,75,1193,936,200
betweenness,0.1,76,2389,2027,200
betweenness,0.1,77,1689,1361,200
betweenness,0.1,78,2187,1635,200
betweenness,0.1,79,1937,1483,200
betweenness,0.1,80,1238,1012,200
betweenness,0.1,81,2343,1922,200
betweenness,0.1,82,1112,784,200
betweenness,0.1,83,2492,2042,200
betweenness,0.1,84,682,558,200
betweenness,0.1,85,2758,2210,200
betweenness,0.1,86,2434,1739,200
betweenness,0.1,87,1466,1161,200
betweenness,0.1,88,1513,1311,200
betweenness,0.1,89,1877,1527,200
betweenness,0.1,90,1107,831,200
betweenness,0.1,91,2443,2008,200
betweenness,0.1,92,2086,1648,200
betweenness,0.1,93,1989,1492,200
betweenness,0.1,94,2268,1733,200
betweenness,0.1,95,1985,1400,200
betweenness,0.1,96,2432,1755,200
betweenness,0.1,97,2537,1989,200
betweenness,0.1,98,2217,1211,200
betweenness,0.1,99,3174,2392,200
betweenness,0.1,100,2067,1363,200
betweenness,0.1,101,2269,1704,200
betweenness,0.1,102,1657,1351,200
betweenness,0.1,103,2082,1424,200
betweenness,0.1,104,2082,1586,200
betweenness,0.1,105,2450,1936,200
betweenness,0.1,106,2444,1895,200
betweenness,0.1,107,2070,1712,200
betweenness,0.1,108,1816,1180,200
betweenness,0.1,109,2168,1578,200
betweenness,0.1,110,2257,1712,200
betweenness,0.1,111,2582,2044,200
betweenness,0.1,112,2447,1864,200
betweenness,0.1,113,2161,1711,200
betweenness,0.1,114,2264,1685,200
betweenness,0.1,115,2169,1570,200
betweenness,0.1,116,2427,1915,200
betweenness,0.1,117,2449,1888,200
betweenness,0.1,118,2074,1311,200
betweenness,0.1,119,1878,1460,200
betweenness,0.1,120,1710,1276,200
betweenness,0.1,121,1803,1373,200
betweenness,0.1,122,2572,2029,200
betweenness,0.1,123,1712,1260,200
betweenness,0.1,124,2449,1932,200
betweenness,0.1,125,1415,1012,200
betweenness,0.1,126,1802,1258,200
betweenness,0.1,127,2585,1994,200
betweenness,0.1,128,1120,913,200
betweenness,0.1,129,2436,1869,200
betweenness,0.1,130,2425,1834,200
betweenness,0.1,131,2075,1602,200
betweenness,0.1,132,2275,1768,200
betweenness,0.1,133,1663,1403,200
betweenness,0.1,134,1984,1509,200
betweenness,0.1,135,2209,1580,200
betweenness,0.1,136,2587,2119,200
betweenness,0.1,137,1370,995,200
betweenness,0.1,138,1985,1380,200
betweenness,0.1,139,2086,1646,200
betweenness,0.1,140,2429,1785,200
betweenness,0.1,141,1843,1440,200
betweenness,0.1,142,1740,1476,200
betweenness,0.1,143,2436,1645,200
betweenness,0.1,144,1239,1035,200
betweenness,0.1,145,2457,1913,200
betweenness,0.1,146,2445,1977,200
betweenness,0.1,147,1991,1436,200
betweenness,0.1,148,1662,1181,200
betweenness,0.1,149,2720,2106,200
betweenness,0.1,150,2460,1922,200
betweenness,0.1,151,2070,1691,200
betweenness,0.1,152,1369,1039,200
betweenness,0.1,153,1846,1362,200
betweenness,0.1,154,2265,1757,200
betweenness,0.1,155,1383,1188,200
betweenness,0.1,156,1842,1422,200
betweenness,0.1,157,1218,872,200
betweenness,0.1,158,2079,1548,200
betweenness,0.1,159,1617,1362,200
betweenness,0.1,160,1647,1326,200
betweenness,0.1,161,2249,1804,200
betweenness,0.1,162,1834,1470,200
betweenness,0.1,163,3036,2451,200
betweenness,0.1,164,1839,1521,200
betweenness,0.1,165,1847,1392,200
betweenness,0.1,166,2447,1836,200
betweenness,0.1,167,2125,1706,200
betweenness,0.1,168,2452,1987,200
betweenness,0.1,169,1740,1281,200
betweenness,0.1,170,2273,1784,200
betweenness,0.1,171,2259,1636,200
betweenness,0.1,172,2906,1949,200
betweenness,0.1,173,1474,1142,200
betweenness,0.1,174,2028,1622,200
betweenness,0.1,175,2039,1574,200
betweenness,0.1,176,1490,944,200
betweenness,0.1,177,2453,1978,200
betweenness,0.1,178,2755,2222,200
betweenness,0.1,179,1836,1448,200
betweenness,0.1,180,1975,1621,200
betweenness,0.1,181,1932,1396,200
betweenness,0.1,182,1828,1405,200
betweenness,0.1,183,2579,1595,200
betweenness,0.1,184,2490,1907,200
betweenness,0.1,185,2118,1707,200
betweenness,0.1,186,2258,1723,200
betweenness,0.1,187,1479,972,200
betweenness,0.1,188,1799,1367,200
betweenness,0.1,189,2306,1784,200
betweenness,0.1,190,2259,1872,200
betweenness,0.1,191,910,705,200
betweenness,0.1,192,1660,1204,200
betweenness,0.1,193,872,715,200
betweenness,0.1,194,2269,1734,200
betweenness,0.1,195,1526,1113,200
betweenness,0.1,196,1792,1363,200
betweenness,0.1,197,1980,1431,200
betweenness,0.1,198,2448,1912,200
betweenness,0.1,199,1370,1062,200
betweenness,0.1,200,2891,2263,200
betweenness,0.1,201,2456,1948,200
betweenness,0.1,202,1810,1357,200
betweenness,0.1,203,1844,1542,200
betweenness,0.1,204,2115,1764,200
betweenness,0.1,205,1536,1093,200
betweenness,0.1,206,1455,1154,200
betweenness,0.1,207,2388,1735,200
betweenness,0.1,208,1729,1381,200
betweenness,0.1,209,1932,1574,200
betweenness,0.1,210,1709,1283,200
betweenness,0.1,211,1842,1444,200
betweenness,0.1,212,2256,1702,200
betweenness,0.1,213,2277,1580,200
betweenness,0.1,214,2301,1728,200
betweenness,0.1,215,2401,1843,200
betweenness,0.1,216,2453,1910,200
betweenness,0.1,217,1847,1559,200
betweenness,0.1,218,2447,1963,200
betweenness,0.1,219,1495,1173,200
betweenness,0.1,220,1718,1265,200
betweenness,0.1,221,2450,1942,200
betweenness,0.1,222,1803,1480,200
betweenness,0.1,223,2892,2231,200
betweenness,0.1,224,1842,1397,200
betweenness,0.1,225,2088,1590,200
betweenness,0.1,226,2672,2057,200
betweenness,0.1,227,1981,1307,200
betweenness,0.1,228,1577,1256,200
betweenness,0.1,229,1655,1326,200
betweenness,0.1,230,1078,765,200
betweenness,0.1,231,2264,1702,200
betweenness,0.1,232,2403,1829,200
betweenness,0.1,233,2536,1822,200
betweenness,0.1,234,1796,1363,200
betweenness,0.1,235,2900,2052,200
betweenness,0.1,236,2530,1906,200
betweenness,0.1,237,1556,1295,200
betweenness,0.1,238,2658,1800,200
betweenness,0.1,239,2568,1937,200
betweenness,0.1,240,1670,1282,200
betweenness,0.1,241,1548,1315,200
betweenness,0.1,242,3047,2395,200
betweenness,0.1,243,2074,1607,200
betweenness,0.1,244,2706,1996,200
betweenness,0.1,245,2728,2013,200
betweenness,0.1,246,1858,1543,200
betweenness,0.1,247,1659,1345,200
betweenness,0.1,248,2397,1709,200
betweenness,0.1,249,2253,1666,200
betweenness,0.1,250,1660,1334,200
betweenness,0.1,251,2451,1915,200
betweenness,0.1,252,1203,957,200
betweenness,0.1,253,2450,1908,200
betweenness,0.1,254,2300,1661,200
betweenness,0.1,255,2102,1642,200
betweenness,0.1,256,1940,1383,200
betweenness,0.1,257,2256,1849,200
betweenness,0.1,258,2437,1944,200
betweenness,0.1,259,2701,2098,200
betweenness,0.1,260,2622,1661,200
betweenness,0.1,261,2346,1844,200
betweenness,0.1,262,2544,1504,200
betweenness,0.1,263,2304,1694,200
betweenness,0.1,264,2094,1515,200
betweenness,0.1,265,1782,1457,200
betweenness,0.1,266,2167,1619,200
betweenness,0.1,267,2438,1960,200
betweenness,0.1,268,1372,1182,200
betweenness,0.1,269,1712,1358,200
betweenness,0.1,270,1832,1347,200
betweenness,0.1,271,1074,735,200
betweenness,0.1,272,1067,797,200
betweenness,0.1,273,1094,889,200
betweenness,0.1,274,2250,1937,200
betweenness,0.1,275,2080,1556,200
betweenness,0.1,276,2887,2198,200
betweenness,0.1,277,1838,1372,200
betweenness,0.1,278,2085,1185,200
betweenness,0.1,279,2083,1706,200
betweenness,0.1,280,2929,2362,200
betweenness,0.1,281,2164,1737,200
betweenness,0.1,282,1228,834,200
betweenness,0.1,283,2299,1936,200
betweenness,0.1,284,1793,1229,200
betweenness,0.1,285,1564,1303,200
betweenness,0.1,286,1346,906,200
betweenness,0.1,287,1996,1533,200
betweenness,0.1,288,1808,1262,200
betweenness,0.1,289,2763,2203,200
betweenness,0.1,290,1844,1408,200
betweenness,0.1,291,1747,1302,200
betweenness,0.1,292,2912,2229,200
betweenness,0.1,293,3164,2418,200
betweenness,0.1,294,1337,1047,200
betweenness,0.1,295,1887,1386,200
betweenness,0.1,296,2164,1580,200
betweenness,0.1,297,1990,1430,200
betweenness,0.1,298,1381,1209,200
betweenness,0.1,299,1403,1162,200
betweenness,0.1,300,2532,1677,200
betweenness,0.1,301,1466,1102,200
betweenness,0.1,302,2076,1381,200
betweenness,0.1,303,1991,1474,200
betweenness,0.1,304,1528,1114,200
betweenness,0.1,305,2178,1500,200
betweenness,0.1,306,1480,1139,200
betweenness,0.1,307,2389,1985,200
betweenness,0.1,308,1794,1421,200
betweenness,0.1,309,2308,1926,200
betweenness,0.1,310,1588,1365,200
betweenness,0.1,311,2444,2001,200
betweenness,0.1,312,2445,1923,200
betweenness,0.1,313,1845,1451,200
betweenness,0.1,314,1838,1400,200
betweenness,0.1,315,2450,1983,200
betweenness,0.1,316,2437,2000,200
betweenness,0.1,317,2664,1902,200
betweenness,0.1,318,2535,1886,200
betweenness,0.1,319,1855,1368,200
betweenness,0.1,320,1661,1187,200
betweenness,0.1,321,2169,1691,200
betweenness,0.1,322,2444,1898,200
betweenness,0.1,323,2286,1672,200
betweenness,0.1,324,1979,1476,200
betweenness,0.1,325,2066,1562,200
betweenness,0.1,326,1706,1293,200
betweenness,0.1,327,1524,1281,200
betweenness,0.1,328,1515,1263,200
betweenness,0.1,329,2093,1623,200
betweenness,0.1,330,1961,1474,200
betweenness,0.1,331,2308,1805,200
betweenness,0.1,332,2425,1842,200
betweenness,0.1,333,1782,1433,200
betweenness,0.1,334,2080,1514,200
betweenness,0.1,335,1942,1466,200
betweenness,0.1,336,1703,1398,200
betweenness,0.1,337,2390,1949,200
betweenness,0.1,338,2028,1641,200
betweenness,0.1,339,2580,2003,200
betweenness,0.1,340,1519,1254,200
betweenness,0.1,341,2121,1559,200
betweenness,0.1,342,2255,1703,200
betweenness,0.1,343,1538,1101,200
betweenness,0.1,344,1920,1191,200
betweenness,0.1,345,1080,766,200
betweenness,0.1,346,1605,1257,200
betweenness,0.1,347,1106,835,200
betweenness,0.1,348,2456,1990,200
betweenness,0.1,349,1797,1245,200
betweenness,0.1,350,1840,1501,200
betweenness,0.1,351,2759,2274,200
betweenness,0.1,352,2253,1729,200
betweenness,0.1,353,2165,1604,200
betweenness,0.1,354,1804,1346,200
betweenness,0.1,355,2268,1624,200
betweenness,0.1,356,1402,1183,200
betweenness,0.1,357,2453,1890,200
betweenness,0.1,358,2170,1722,200
betweenness,0.1,359,2080,1615,200
betweenness,0.1,360,2687,1939,200
betweenness,0.1,361,1473,1083,200
betweenness,0.1,362,1503,1324,200
betweenness,0.1,363,2082,1330,200
betweenness,0.1,364,2246,1715,200
betweenness,0.1,365,1667,1338,200
betweenness,0.1,366,1977,1609,200
betweenness,0.1,367,1559,1083,200
betweenness,0.1,368,2293,1651,200
betweenness,0.1,369,2308,1817,200
betweenness,0.1,370,2026,1550,200
betweenness,0.1,371,885,742,200
betweenness,0.1,372,1386,1114,200
betweenness,0.1,373,1658,1286,200
betweenness,0.1,374,1061,618,200
betweenness,0.1,375,2169,1625,200
betweenness,0.1,376,1715,1303,200
betweenness,0.1,377,1379,1181,200
betweenness,0.1,378,2449,1719,200
betweenness,0.1,379,1602,1247,200
betweenness,0.1,380,2719,2160,200
betweenness,0.1,381,1978,1367,200
betweenness,0.1,382,2257,1874,200
betweenness,0.1,383,2066,1690,200
betweenness,0.1,384,1069,785,200
betweenness,0.1,385,2916,2073,200
betweenness,0.1,386,2073,1743,200
betweenness,0.1,387,1345,980,200
betweenness,0.1,388,1670,1232,200
betweenness,0.1,389,2718,1900,200
betweenness,0.1,390,1514,1334,200
betweenness,0.1,391,2551,1943,200
betweenness,0.1,392,2272,1762,200
betweenness,0.1,393,2162,1697,200
betweenness,0.1,394,2518,1974,200
betweenness,0.1,395,2908,2270,200
betweenness,0.1,396,1679,1207,200
betweenness,0.1,397,2309,1931,200
betweenness,0.1,398,2216,1640,200
betweenness,0.1,399,2725,2145,200
betweenness,0.1,400,2498,1945,200
betweenness,0.1,401,1608,1307,200
betweenness,0.1,402,2900,2238,200
betweenness,0.1,403,1661,1141,200
betweenness,0.1,404,2252,1819,200
betweenness,0.1,405,1469,1014,200
betweenness,0.1,406,1524,1089,200
betweenness,0.1,407,2435,1983,200
betweenness,0.1,408,2249,1790,200
betweenness,0.1,409,1978,1478,200
betweenness,0.1,410,1385,1175,200
betweenness,0.1,411,1384,1213,200
betweenness,0.1,412,2268,1847,200
betweenness,0.1,413,2711,2239,200
betweenness,0.1,414,2334,1683,200
betweenness,0.1,415,2082,1497,200
betweenness,0.1,416,2265,1754,200
betweenness,0.1,417,1013,849,200
betweenness,0.1,418,1641,1375,200
betweenness,0.1,419,1803,1527,200
betweenness,0.1,420,1463,1166,200
betweenness,0.1,421,1712,1375,200
betweenness,0.1,422,2172,1642,200
betweenness,0.1,423,1150,915,200
betweenness,0.1,424,2909,2145,200
betweenness,0.1,425,1788,1329,200
betweenness,0.1,426,2730,1948,200
betweenness,0.1,427,1847,1504,200
betweenness,0.1,428,2169,1615,200
betweenness,0.1,429,1571,1129,200
betweenness,0.1,430,2538,1722,200
betweenness,0.1,431,1934,1345,200
betweenness,0.1,432,2449,2033,200
betweenness,0.1,433,1466,1143,200
betweenness,0.1,434,1654,1324,200
betweenness,0.1,435,759,659,200
betweenness,0.1,436,3028,2372,200
betweenness,0.1,437,1100,885,200
betweenness,0.1,438,1235,1024,200
betweenness,0.1,439,2690,1928,200
betweenness,0.1,440,2274,1723,200
betweenness,0.1,441,2371,1796,200
betweenness,0.1,442,2719,2029,200
betweenness,0.1,443,1016,799,200
betweenness,0.1,444,1936,1476,200
betweenness,0.1,445,1843,1381,200
betweenness,0.1,446,2070,1535,200
betweenness,0.1,447,1715,1314,200
betweenness,0.1,448,2449,1934,200
betweenness,0.1,449,1390,1070,200
betweenness,0.1,450,2903,2237,200
betweenness,0.1,451,2259,1790,200
betweenness,0.1,452,1212,1024,200
betweenness,0.1,453,1836,1430,200
betweenness,0.1,454,2280,1768,200
betweenness,0.1,455,1804,1374,200
betweenness,0.1,456,2460,1866,200
betweenness,0.1,457,2734,1966,200
betweenness,0.1,458,1806,1376,200
betweenness,0.1,459,2451,1796,200
betweenness,0.1,460,2539,1591,200
betweenness,0.1,461,2901,2246,200
betweenness,0.1,462,1811,1328,200
betweenness,0.1,463,1122,911,200
betweenness,0.1,464,2713,2200,200
betweenness,0.1,465,1879,1503,200
betweenness,0.1,466,1412,1109,200
betweenness,0.1,467,2254,1686,200
betweenness,0.1,468,665,609,200
betweenness,0.1,469,2546,1904,200
betweenness,0.1,470,2443,1881,200
betweenness,0.1,471,1691,1246,200
betweenness,0.1,472,1990,1486,200
betweenness,0.1,473,2271,1631,200
betweenness,0.1,474,872,741,200
betweenness,0.1,475,2292,1693,200
betweenness,0.1,476,1803,1272,200
betweenness,0.1,477,2304,1757,200
betweenness,0.1,478,2721,2249,200
betweenness,0.1,479,1846,1503,200
betweenness,0.1,480,1843,1390,200
betweenness,0.1,481,3037,2268,200
betweenness,0.1,482,1986,1500,200
betweenness,0.1,483,2910,2108,200
betweenness,0.1,484,1820,1332,200
betweenness,0.1,485,1724,1174,200
betweenness,0.1,486,1196,982,200
betweenness,0.1,487,1867,1553,200
betweenness,0.1,488,2292,1438,200
betweenness,0.1,489,1925,1550,200
betweenness,0.1,490,1884,1466,200
betweenness,0.1,491,2257,1657,200
betweenness,0.1,492,2168,1639,200
betweenness,0.1,493,2383,1754,200
betweenness,0.1,494,2111,1670,200
betweenness,0.1,495,2453,1949,200
betweenness,0.1,496,2718,2027,200
betweenness,0.1,497,2260,1802,200
betweenness,0.1,498,1564,1258,200
betweenness,0.1,499,1532,1170,200
betweenness,0.15,0,2368,1805,200
betweenness,0.15,1,1545,1181,200
betweenness,0.15,2,1741,1434,200
betweenness,0.15,3,1074,865,200
betweenness,0.15,4,1419,1158,200
betweenness,0.15,5,1546,1254,200
betweenness,0.15,6,1419,1160,200
betweenness,0.15,7,1547,1271,200
betweenness,0.15,8,1579,1258,200
betweenness,0.15,9,2754,2236,200
betweenness,0.15,10,973,752,200
betweenness,0.15,11,1694,1336,200
betweenness,0.15,12,1719,1287,200
betweenness,0.15,13,2807,2208,200
betweenness,0.15,14,1674,1296,200
betweenness,0.15,15,1651,1290,200
betweenness,0.15,16,1998,1462,200
betweenness,0.15,17,1771,1383,200
betweenness,0.15,18,1999,1626,200
betweenness,0.15,19,2006,1554,200
betweenness,0.15,20,2546,2102,200
betweenness,0.15,21,1841,1493,200
betweenness,0.15,22,951,748,200
betweenness,0.15,23,1078,843,200
betweenness,0.15,24,1761,1347,200
betweenness,0.15,25,1740,1385,200
betweenness,0.15,26,1523,1262,200
betweenness,0.15,27,1259,933,200
betweenness,0.15,28,1965,1595,200
betweenness,0.15,29,2071,1703,200
betweenness,0.15,30,1650,1271,200
betweenness,0.15,31,2236,1792,200
betweenness,0.15,32,1178,978,200
betweenness,0.15,33,2492,1847,200
betweenness,0.15,34,1383,1150,200
betweenness,0.15,35,1648,1383,200
betweenness,0.15,36,1494,1231,200
betweenness,0.15,37,1856,1403,200
betweenness,0.15,38,1689,1333,200
betweenness,0.15,39,1739,1405,200
betweenness,0.15,40,1524,1218,200
betweenness,0.15,41,2211,1520,200
betweenness,0.15,42,2231,1369,200
betweenness,0.15,43,2321,1895,200
betweenness,0.15,44,2078,1729,200
betweenness,0.15,45,2072,1716,200
betweenness,0.15,46,1752,1426,200
betweenness,0.15,47,1915,1256,200
betweenness,0.15,48,2086,1744,200
betweenness,0.15,49,2550,2017,200
betweenness,0.15,50,1518,1148,200
betweenness,0.15,51,1321,1005,200
betweenness,0.15,52,2543,2082,200
betweenness,0.15,53,2539,1946,200
betweenness,0.15,54,1829,1506,200
betweenness,0.15,55,1973,1584,200
betweenness,0.15,56,1492,1204,200
betweenness,0.15,57,1398,1105,200
betweenness,0.15,58,2539,2047,200
betweenness,0.15,59,1748,1267,200
betweenness,0.15,60,2218,1726,200
betweenness,0.15,61,1975,1516,200
betweenness,0.15,62,2237,1767,200
betweenness,0.15,63,2171,1624,200
betweenness,0.15,64,1667,1246,200
betweenness,0.15,65,2228,1742,200
betweenness,0.15,66,2105,1662,200
betweenness,0.15,67,1658,1176,200
betweenness,0.15,68,2537,2072,200
betweenness,0.15,69,1945,1506,200
betweenness,0.15,70,1762,1258,200
betweenness,0.15,71,2127,1708,200
betweenness,0.15,72,2008,1545,200
betweenness,0.15,73,1157,881,200
betweenness,0.15,74,1958,1519,200
betweenness,0.15,75,1889,1574,200
betweenness,0.15,76,625,466,200
betweenness,0.15,77,1517,1239,200
betweenness,0.15,78,1954,1455,200
betweenness,0.15,79,2080,1724,200
betweenness,0.15,80,1875,1473,200
betweenness,0.15,81,2066,1377,200
betweenness,0.15,82,1956,1490,200
betweenness,0.15,83,1639,1328,200
betweenness,0.15,84,1678,1343,200
betweenness,0.15,85,2086,1741,200
betweenness,0.15,86,2248,1645,200
betweenness,0.15,87,953,709,200
betweenness,0.15,88,1515,1210,200
betweenness,0.15,89,2089,1695,200
betweenness,0.15,90,1872,1484,200
betweenness,0.15,91,970,735,200
betweenness,0.15,92,1173,920,200
betweenness,0.15,93,749,576,200
betweenness,0.15,94,1433,1147,200
betweenness,0.15,95,2020,1563,200
betweenness,0.15,96,1289,992,200
betweenness,0.15,97,1974,1590,200
betweenness,0.15,98,1909,1538,200
betweenness,0.15,99,1877,1491,200
betweenness,0.15,100,2222,1542,200
betweenness,0.15,101,1995,1558,200
betweenness,0.15,102,1622,1342,200
betweenness,0.15,103,1845,1496,200
betweenness,0.15,104,1549,1263,200
betweenness,0.15,105,1975,1617,200
betweenness,0.15,106,1769,1369,200
betweenness,0.15,107,2215,1844,200
betweenness,0.15,108,1500,1251,200
betweenness,0.15,109,1282,861,200
betweenness,0.15,110,2080,1716,200
betweenness,0.15,111,1549,1279,200
betweenness,0.15,112,1433,1111,200
betweenness,0.15,113,2090,1751,200
betweenness,0.15,114,2080,1709,200
betweenness,0.15,115,2232,1694,200
betweenness,0.15,116,1268,1026,200
betweenness,0.15,117,1616,1230,200
betweenness,0.15,118,1041,857,200
betweenness,0.15,119,2349,1749,200
betweenness,0.15,120,839,599,200
betweenness,0.15,121,2539,2062,200
betweenness,0.15,122,1950,1518,200
betweenness,0.15,123,1333,1100,200
betweenness,0.15,124,1842,1484,200
betweenness,0.15,125,1250,982,200
betweenness,0.15,126,1551,1243,200
betweenness,0.15,127,2542,2087,200
betweenness,0.15,128,2082,1719,200
betweenness,0.15,129,964,745,200
betweenness,0.15,130,1499,1243,200
betweenness,0.15,131,2242,1716,200
betweenness,0.15,132,2249,1818,200
betweenness,0.15,133,2206,1729,200
betweenness,0.15,134,1863,1513,200
betweenness,0.15,135,1430,1076,200
betweenness,0.15,136,1866,1468,200
betweenness,0.15,137,2088,1685,200
betweenness,0.15,138,1389,955,200
betweenness,0.15,139,1205,929,200
betweenness,0.15,140,2302,1805,200
betweenness,0.15,141,1154,909,200
betweenness,0.15,142,2086,1762,200
betweenness,0.15,143,989,746,200
betweenness,0.15,144,2353,1880,200
betweenness,0.15,145,2081,1642,200
betweenness,0.15,146,1020,783,200
betweenness,0.15,147,1841,1456,200
betweenness,0.15,148,1529,1060,200
betweenness,0.15,149,1803,1383,200
betweenness,0.15,150,1759,1406,200
betweenness,0.15,151,1947,1608,200
betweenness,0.15,152,1949,1574,200
betweenness,0.15,153,2686,2096,200
betweenness,0.15,154,1834,1466,200
betweenness,0.15,155,1765,1259,200
betweenness,0.15,156,1261,969,200
betweenness,0.15,157,1432,1159,200
betweenness,0.15,158,1547,1267,200
betweenness,0.15,159,1276,1091,200
betweenness,0.15,160,1944,1561,200
betweenness,0.15,161,1305,1019,200
betweenness,0.15,162,1894,1431,200
betweenness,0.15,163,2807,2241,200
betweenness,0.15,164,1390,1136,200
betweenness,0.15,165,1949,1573,200
betweenness,0.15,166,1876,1534,200
betweenness,0.15,167,2013,1647,200
betweenness,0.15,168,1062,828,200
betweenness,0.15,169,1769,1415,200
betweenness,0.15,170,1952,1567,200
betweenness,0.15,171,2531,2019,200
betweenness,0.15,172,1737,1373,200
betweenness,0.15,173,2085,1697,200
betweenness,0.15,174,1766,1337,200
betweenness,0.15,175,1473,1232,200
betweenness,0.15,176,1644,1263,200
betweenness,0.15,177,1739,1406,200
betweenness,0.15,178,1428,1153,200
betweenness,0.15,179,1514,1202,200
betweenness,0.15,180,2107,1673,200
betweenness,0.15,181,2360,1716,200
betweenness,0.15,182,1501,1242,200
betweenness,0.15,183,1991,1424,200
betweenness,0.15,184,1951,1618,200
betweenness,0.15,185,2114,1241,200
betweenness,0.15,186,2011,1587,200
betweenness,0.15,187,2242,1754,200
betweenness,0.15,188,2059,1674,200
betweenness,0.15,189,2513,2064,200
betweenness,0.15,190,1809,1404,200
betweenness,0.15,191,1321,1036,200
betweenness,0.15,192,1612,1234,200
betweenness,0.15,193,1768,1407,200
betweenness,0.15,194,1750,1394,200
betweenness,0.15,195,1283,1069,200
betweenness,0.15,196,1417,1160,200
betweenness,0.15,197,2114,1733,200
betweenness,0.15,198,1193,870,200
betweenness,0.15,199,1517,1160,200
betweenness,0.15,200,2659,2083,200
betweenness,0.15,201,2789,1881,200
betweenness,0.15,202,2105,1638,200
betweenness,0.15,203,1391,1172,200
betweenness,0.15,204,1768,1450,200
betweenness,0.15,205,1469,1108,200
betweenness,0.15,206,1462,1031,200
betweenness,0.15,207,1008,689,200
betweenness,0.15,208,1841,1493,200
betweenness,0.15,209,700,578,200
betweenness,0.15,210,2539,2064,200
betweenness,0.15,211,2205,1665,200
betweenness,0.15,212,2820,2075,200
betweenness,0.15,213,1411,1217,200
betweenness,0.15,214,799,642,200
betweenness,0.15,215,1551,1248,200
betweenness,0.15,216,1518,1200,200
betweenness,0.15,217,1086,810,200
betweenness,0.15,218,2104,1728,200
betweenness,0.15,219,1286,1072,200
betweenness,0.15,220,627,511,200
betweenness,0.15,221,1497,1229,200
betweenness,0.15,222,1284,1074,200
betweenness,0.15,223,1975,1555,200
betweenness,0.15,224,1769,1274,200
betweenness,0.15,225,1651,1140,200
betweenness,0.15,226,1655,1320,200
betweenness,0.15,227,2001,1590,200
betweenness,0.15,228,1650,1378,200
betweenness,0.15,229,1841,1465,200
betweenness,0.15,230,1708,1284,200
betweenness,0.15,231,1789,1405,200
betweenness,0.15,232,967,724,200
betweenness,0.15,233,2121,1720,200
betweenness,0.15,234,1555,1244,200
betweenness,0.15,235,1739,1233,200
betweenness,0.15,236,2069,1753,200
betweenness,0.15,237,1851,1481,200
betweenness,0.15,238,2084,1689,200
betweenness,0.15,239,1744,1381,200
betweenness,0.15,240,1413,1070,200
betweenness,0.15,241,1717,1400,200
betweenness,0.15,242,1892,1467,200
betweenness,0.15,243,1644,1343,200
betweenness,0.15,244,2494,1929,200
betweenness,0.15,245,1496,1256,200
betweenness,0.15,246,990,703,200
betweenness,0.15,247,1426,1123,200
betweenness,0.15,248,1309,1129,200
betweenness,0.15,249,2115,1526,200
betweenness,0.15,250,1227,873,200
betweenness,0.15,251,2500,1940,200
betweenness,0.15,252,1410,1068,200
betweenness,0.15,253,1548,1242,200
betweenness,0.15,254,1654,1260,200
betweenness,0.15,255,1838,1406,200
betweenness,0.15,256,2106,1631,200
betweenness,0.15,257,1546,1088,200
betweenness,0.15,258,2072,1691,200
betweenness,0.15,259,1910,1406,200
betweenness,0.15,260,1405,1072,200
betweenness,0.15,261,1509,1233,200
betweenness,0.15,262,2671,2156,200
betweenness,0.15,263,1040,848,200
betweenness,0.15,264,1761,1443,200
betweenness,0.15,265,1957,1588,200
betweenness,0.15,266,1955,1585,200
betweenness,0.15,267,1868,1522,200
betweenness,0.15,268,1523,1165,200
betweenness,0.15,269,1845,1485,200
betweenness,0.15,270,1620,1244,200
betweenness,0.15,271,1092,820,200
betweenness,0.15,272,2195,1740,200
betweenness,0.15,273,1380,1152,200
betweenness,0.15,274,1619,1342,200
betweenness,0.15,275,1653,1313,200
betweenness,0.15,276,1528,1195,200
betweenness,0.15,277,1997,1467,200
betweenness,0.15,278,1874,1569,200
betweenness,0.15,279,1636,1350,200
betweenness,0.15,280,2491,1962,200
betweenness,0.15,281,2472,2001,200
betweenness,0.15,282,1417,1141,200
betweenness,0.15,283,1849,1433,200
betweenness,0.15,284,1786,1333,200
betweenness,0.15,285,2576,1899,200
betweenness,0.15,286,1834,1518,200
betweenness,0.15,287,1948,1529,200
betweenness,0.15,288,1287,1085,200
betweenness,0.15,289,1768,1369,200
betweenness,0.15,290,2550,1852,200
betweenness,0.15,291,1391,1119,200
betweenness,0.15,292,1700,1253,200
betweenness,0.15,293,2700,2072,200
betweenness,0.15,294,1517,1286,200
betweenness,0.15,295,1391,1153,200
betweenness,0.15,296,2072,1699,200
betweenness,0.15,297,1286,1054,200
betweenness,0.15,298,1667,1279,200
betweenness,0.15,299,1653,1301,200
betweenness,0.15,300,1677,1189,200
betweenness,0.15,301,1495,1236,200
betweenness,0.15,302,2004,1444,200
betweenness,0.15,303,1141,819,200
betweenness,0.15,304,2092,1717,200
betweenness,0.15,305,2541,2094,200
betweenness,0.15,306,1405,1179,200
betweenness,0.15,307,1037,826,200
betweenness,0.15,308,1699,1236,200
betweenness,0.15,309,1667,1259,200
betweenness,0.15,310,1953,1536,200
betweenness,0.15,311,1045,778,200
betweenness,0.15,312,1060,853,200
betweenness,0.15,313,1543,1276,200
betweenness,0.15,314,1413,1163,200
betweenness,0.15,315,1067,793,200
betweenness,0.15,316,2012,1482,200
betweenness,0.15,317,1911,1436,200
betweenness,0.15,318,2060,1671,200
betweenness,0.15,319,2220,1856,200
betweenness,0.15,320,1834,1456,200
betweenness,0.15,321,1796,1256,200
betweenness,0.15,322,1886,1527,200
betweenness,0.15,323,969,730,200
betweenness,0.15,324,1943,1590,200
betweenness,0.15,325,2530,1927,200
betweenness,0.15,326,2222,1655,200
betweenness,0.15,327,1549,1259,200
betweenness,0.15,328,1501,1261,200
betweenness,0.15,329,1875,1454,200
betweenness,0.15,330,1838,1488,200
betweenness,0.15,331,2085,1711,200
betweenness,0.15,332,1653,1303,200
betweenness,0.15,333,1389,1180,200
betweenness,0.15,334,1879,1495,200
betweenness,0.15,335,1969,1574,200
betweenness,0.15,336,2084,1555,200
betweenness,0.15,337,1833,1424,200
betweenness,0.15,338,2074,1383,200
betweenness,0.15,339,1393,1097,200
betweenness,0.15,340,1843,1441,200
betweenness,0.15,341,2340,1886,200
betweenness,0.15,342,2578,2010,200
betweenness,0.15,343,2536,2033,200
betweenness,0.15,344,2109,1755,200
betweenness,0.15,345,1740,1391,200
betweenness,0.15,346,1388,1088,200
betweenness,0.15,347,1898,1540,200
betweenness,0.15,348,1416,1166,200
betweenness,0.15,349,1295,1107,200
betweenness,0.15,350,1705,1330,200
betweenness,0.15,351,1334,998,200
betweenness,0.15,352,736,570,200
betweenness,0.15,353,1524,1217,200
betweenness,0.15,354,1432,1100,200
betweenness,0.15,355,1153,954,200
betweenness,0.15,356,1732,1436,200
betweenness,0.15,357,1954,1444,200
betweenness,0.15,358,1876,1506,200
betweenness,0.15,359,2084,1709,200
betweenness,0.15,360,1763,1388,200
betweenness,0.15,361,1535,1262,200
betweenness,0.15,362,1546,1182,200
betweenness,0.15,363,1525,1235,200
betweenness,0.15,364,1760,1469,200
betweenness,0.15,365,1741,1375,200
betweenness,0.15,366,707,597,200
betweenness,0.15,367,1283,1075,200
betweenness,0.15,368,1714,1332,200
betweenness,0.15,369,1397,1070,200
betweenness,0.15,370,1638,1304,200
betweenness,0.15,371,1667,1329,200
betweenness,0.15,372,2548,2076,200
betweenness,0.15,373,1159,919,200
betweenness,0.15,374,1445,1129,200
betweenness,0.15,375,1909,1304,200
betweenness,0.15,376,1906,1402,200
betweenness,0.15,377,2081,1781,200
betweenness,0.15,378,1215,942,200
betweenness,0.15,379,1946,1496,200
betweenness,0.15,380,1385,1129,200
betweenness,0.15,381,949,713,200
betweenness,0.15,382,1413,1042,200
betweenness,0.15,383,1554,1247,200
betweenness,0.15,384,1741,1452,200
betweenness,0.15,385,2343,1799,200
betweenness,0.15,386,1722,1253,200
betweenness,0.15,387,1869,1336,200
betweenness,0.15,388,1420,1162,200
betweenness,0.15,389,2541,2067,200
betweenness,0.15,390,1985,1621,200
betweenness,0.15,391,2528,1788,200
betweenness,0.15,392,1959,1564,200
betweenness,0.15,393,1562,1126,200
betweenness,0.15,394,2545,2001,200
betweenness,0.15,395,1251,1030,200
betweenness,0.15,396,1530,1136,200
betweenness,0.15,397,2355,1865,200
betweenness,0.15,398,1146,943,200
betweenness,0.15,399,1327,1044,200
betweenness,0.15,400,1902,1438,200
betweenness,0.15,401,724,563,200
betweenness,0.15,402,1495,1273,200
betweenness,0.15,403,1670,1265,200
betweenness,0.15,404,981,740,200
betweenness,0.15,405,2361,1825,200
betweenness,0.15,406,2785,2204,200
betweenness,0.15,407,1923,1496,200
betweenness,0.15,408,1257,904,200
betweenness,0.15,409,2098,1689,200
betweenness,0.15,410,2353,1800,200
betweenness,0.15,411,1189,986,200
betweenness,0.15,412,2215,1735,200
betweenness,0.15,413,2540,2089,200
betweenness,0.15,414,966,773,200
betweenness,0.15,415,2120,1770,200
betweenness,0.15,416,1295,1038,200
betweenness,0.15,417,1160,929,200
betweenness,0.15,418,2109,1673,200
betweenness,0.15,419,2691,2159,200
betweenness,0.15,420,1928,1512,200
betweenness,0.15,421,1259,964,200
betweenness,0.15,422,1387,1176,200
betweenness,0.15,423,1953,1525,200
betweenness,0.15,424,2387,1695,200
betweenness,0.15,425,1682,1218,200
betweenness,0.15,426,2121,1703,200
betweenness,0.15,427,1053,850,200
betweenness,0.15,428,2537,2107,200
betweenness,0.15,429,1677,1412,200
betweenness,0.15,430,2203,1610,200
betweenness,0.15,431,2477,1873,200
betweenness,0.15,432,855,707,200
betweenness,0.15,433,1563,1185,200
betweenness,0.15,434,2086,1740,200
betweenness,0.15,435,1547,1211,200
betweenness,0.15,436,1426,1106,200
betweenness,0.15,437,607,496,200
betweenness,0.15,438,1521,1273,200
betweenness,0.15,439,1427,1210,200
betweenness,0.15,440,2093,1734,200
betweenness,0.15,441,2345,1812,200
betweenness,0.15,442,1347,1082,200
betweenness,0.15,443,1426,909,200
betweenness,0.15,444,2080,1727,200
betweenness,0.15,445,1559,1127,200
betweenness,0.15,446,1790,1394,200
betweenness,0.15,447,2002,1518,200
betweenness,0.15,448,1953,1518,200
betweenness,0.15,449,1970,1610,200
betweenness,0.15,450,1688,1351,200
betweenness,0.15,451,2108,1705,200
betweenness,0.15,452,1790,1427,200
betweenness,0.15,453,1517,1121,200
betweenness,0.15,454,1267,851,200
betweenness,0.15,455,2106,1648,200
betweenness,0.15,456,1285,1086,200
betweenness,0.15,457,2548,2084,200
betweenness,0.15,458,2216,1859,200
betweenness,0.15,459,2101,1752,200
betweenness,0.15,460,1743,1368,200
betweenness,0.15,461,1861,1473,200
betweenness,0.15,462,2489,2029,200
betweenness,0.15,463,2540,1989,200
betweenness,0.15,464,2224,1812,200
betweenness,0.15,465,1275,996,200
betweenness,0.15,466,2543,2068,200
betweenness,0.15,467,2088,1669,200
betweenness,0.15,468,1378,1119,200
betweenness,0.15,469,2358,1864,200
betweenness,0.15,470,1489,1245,200
betweenness,0.15,471,2362,1762,200
betweenness,0.15,472,1874,1496,200
betweenness,0.15,473,1311,993,200
betweenness,0.15,474,1302,851,200
betweenness,0.15,475,1800,1312,200
betweenness,0.15,476,1561,1246,200
betweenness,0.15,477,2103,1602,200
betweenness,0.15,478,1259,1002,200
betweenness,0.15,479,2799,2227,200
betweenness,0.15,480,988,693,200
betweenness,0.15,481,816,663,200
betweenness,0.15,482,1554,1265,200
betweenness,0.15,483,1748,1353,200
betweenness,0.15,484,2225,1726,200
betweenness,0.15,485,1893,1475,200
betweenness,0.15,486,1835,1492,200
betweenness,0.15,487,2080,1655,200
betweenness,0.15,488,2226,1722,200
betweenness,0.15,489,1242,1011,200
betweenness,0.15,490,2539,1911,200
betweenness,0.15,491,1636,1372,200
betweenness,0.15,492,1892,1358,200
betweenness,0.15,493,1742,1417,200
betweenness,0.15,494,2231,1679,200
betweenness,0.15,495,1416,1122,200
betweenness,0.15,496,1949,1573,200
betweenness,0.15,497,2222,1658,200
betweenness,0.15,498,1383,1075,200
betweenness,0.15,499,1046,840,200
betweenness,0.2,0,590,479,200
betweenness,0.2,1,2341,1842,200
betweenness,0.2,2,1454,1011,200
betweenness,0.2,3,2075,1521,200
betweenness,0.2,4,1960,1477,200
betweenness,0.2,5,1965,1401,200
betweenness,0.2,6,2020,1247,200
betweenness,0.2,7,1537,1176,200
betweenness,0.2,8,1910,1584,200
betweenness,0.2,9,1897,1459,200
betweenness,0.2,10,1253,931,200
betweenness,0.2,11,1853,1465,200
betweenness,0.2,12,1293,973,200
betweenness,0.2,13,1378,1095,200
betweenness,0.2,14,1940,1567,200
betweenness,0.2,15,1030,757,200
betweenness,0.2,16,1640,1318,200
betweenness,0.2,17,1220,972,200
betweenness,0.2,18,1319,934,200
betweenness,0.2,19,1904,1445,200
betweenness,0.2,20,1642,1104,200
betweenness,0.2,21,1613,1181,200
betweenness,0.2,22,1358,1022,200
betweenness,0.2,23,1163,945,200
betweenness,0.2,24,1968,1486,200
betweenness,0.2,25,2346,1933,200
betweenness,0.2,26,1358,1074,200
betweenness,0.2,27,1258,1017,200
betweenness,0.2,28,1738,1308,200
betweenness,0.2,29,1501,1138,200
betweenness,0.2,30,1475,1197,200
betweenness,0.2,31,905,669,200
betweenness,0.2,32,1448,1141,200
betweenness,0.2,33,1347,1039,200
betweenness,0.2,34,1513,1186,200
betweenness,0.2,35,1408,1118,200
betweenness,0.2,36,1893,1271,200
betweenness,0.2,37,2014,1545,200
betweenness,0.2,38,2611,1953,200
betweenness,0.2,39,1631,1248,200
betweenness,0.2,40,1419,955,200
betweenness,0.2,41,1775,1408,200
betweenness,0.2,42,2298,1876,200
betweenness,0.2,43,586,484,200
betweenness,0.2,44,1727,1306,200
betweenness,0.2,45,1275,1060,200
betweenness,0.2,46,1920,1487,200
betweenness,0.2,47,1490,1175,200
betweenness,0.2,48,1349,1045,200
betweenness,0.2,49,2065,1579,200
betweenness,0.2,50,1171,907,200
betweenness,0.2,51,715,576,200
betweenness,0.2,52,1843,1505,200
betweenness,0.2,53,1348,1014,200
betweenness,0.2,54,1344,1079,200
betweenness,0.2,55,998,787,200
betweenness,0.2,56,1654,1297,200
betweenness,0.2,57,1191,884,200
betweenness,0.2,58,2290,1758,200
betweenness,0.2,59,1148,819,200
betweenness,0.2,60,1495,1158,200
betweenness,0.2,61,1751,1353,200
betweenness,0.2,62,1266,1000,200
betweenness,0.2,63,1653,1170,200
betweenness,0.2,64,851,604,200
betweenness,0.2,65,865,600,200
betweenness,0.2,66,1608,1287,200
betweenness,0.2,67,1873,1449,200
betweenness,0.2,68,1442,1107,200
betweenness,0.2,69,1320,1088,200
betweenness,0.2,70,409,237,200
betweenness,0.2,71,947,627,200
betweenness,0.2,72,1804,1398,200
betweenness,0.2,73,1064,746,200
betweenness,0.2,74,1163,891,200
betweenness,0.2,75,1799,1444,200
betweenness,0.2,76,906,717,200
betweenness,0.2,77,1559,1135,200
betweenness,0.2,78,974,756,200
betweenness,0.2,79,1444,1109,200
betweenness,0.2,80,1289,991,200
betweenness,0.2,81,1808,1429,200
betweenness,0.2,82,2048,1422,200
betweenness,0.2,83,1120,775,200
betweenness,0.2,84,1916,1518,200
betweenness,0.2,85,2614,1940,200
betweenness,0.2,86,1395,1121,200
betweenness,0.2,87,1638,1184,200
betweenness,0.2,88,1848,1504,200
betweenness,0.2,89,989,761,200
betweenness,0.2,90,1907,1536,200
betweenness,0.2,91,1096,869,200
betweenness,0.2,92,1707,1344,200
betweenness,0.2,93,1641,1280,200
betweenness,0.2,94,1150,933,200
betweenness,0.2,95,1641,1259,200
betweenness,0.2,96,1359,1078,200
betweenness,0.2,97,1346,1114,200
betweenness,0.2,98,1828,1301,200
betweenness,0.2,99,1447,1125,200
betweenness,0.2,100,1378,1074,200
betweenness,0.2,101,1637,1212,200
betweenness,0.2,102,1354,1041,200
betweenness,0.2,103,1593,1117,200
betweenness,0.2,104,1371,1106,200
betweenness,0.2,105,2153,1597,200
betweenness,0.2,106,1674,1308,200
betweenness,0.2,107,1925,1567,200
betweenness,0.2,108,1854,1464,200
betweenness,0.2,109,1353,1083,200
betweenness,0.2,110,1970,1436,200
betweenness,0.2,111,1348,1114,200
betweenness,0.2,112,1352,1073,200
betweenness,0.2,113,1658,1296,200
betweenness,0.2,114,1530,1146,200
betweenness,0.2,115,1985,1503,200
betweenness,0.2,116,1502,1120,200
betweenness,0.2,117,1896,1494,200
betweenness,0.2,118,1262,937,200
betweenness,0.2,119,1453,1084,200
betweenness,0.2,120,2034,1427,200
betweenness,0.2,121,1254,998,200
betweenness,0.2,122,1385,1068,200
betweenness,0.2,123,1299,948,200
betweenness,0.2,124,1801,1412,200
betweenness,0.2,125,1807,1430,200
betweenness,0.2,126,1225,894,200
betweenness,0.2,127,2171,1656,200
betweenness,0.2,128,1791,1391,200
betweenness,0.2,129,1977,1476,200
betweenness,0.2,130,952,748,200
betweenness,0.2,131,2444,1782,200
betweenness,0.2,132,1261,972,200
betweenness,0.2,133,1915,1475,200
betweenness,0.2,134,1895,1455,200
betweenness,0.2,135,1349,1079,200
betweenness,0.2,136,943,702,200
betweenness,0.2,137,2337,1880,200
betweenness,0.2,138,971,700,200
betweenness,0.2,139,1187,947,200
betweenness,0.2,140,1615,1208,200
betweenness,0.2,141,1912,1423,200
betweenness,0.2,142,1418,1077,200
betweenness,0.2,143,1901,1376,200
betweenness,0.2,144,1539,1097,200
betweenness,0.2,145,1531,1169,200
betweenness,0.2,146,1784,1397,200
betweenness,0.2,147,1871,1391,200
betweenness,0.2,148,1093,866,200
betweenness,0.2,149,1600,1331,200
betweenness,0.2,150,1834,1351,200
betweenness,0.2,151,1801,1436,200
betweenness,0.2,152,1778,1426,200
betweenness,0.2,153,1772,1393,200
betweenness,0.2,154,1646,1291,200
betweenness,0.2,155,1634,1223,200
betweenness,0.2,156,1799,1425,200
betweenness,0.2,157,2349,1835,200
betweenness,0.2,158,1653,1362,200
betweenness,0.2,159,1894,1470,200
betweenness,0.2,160,1636,1233,200
betweenness,0.2,161,1354,1038,200
betweenness,0.2,162,1505,1146,200
betweenness,0.2,163,1312,1020,200
betweenness,0.2,164,1775,1337,200
betweenness,0.2,165,1138,890,200
betweenness,0.2,166,1642,1232,200
betweenness,0.2,167,1419,1047,200
betweenness,0.2,168,2336,1869,200
betweenness,0.2,169,1036,724,200
betweenness,0.2,170,2162,1663,200
betweenness,0.2,171,1250,946,200
betweenness,0.2,172,1507,1026,200
betweenness,0.2,173,1095,862,200
betweenness,0.2,174,1805,1385,200
betweenness,0.2,175,2171,1695,200
betweenness,0.2,176,1521,1196,200
betweenness,0.2,177,1297,1017,200
betweenness,0.2,178,1292,935,200
betweenness,0.2,179,1966,1394,200
betweenness,0.2,180,2191,1628,200
betweenness,0.2,181,1605,1078,200
betweenness,0.2,182,2076,1619,200
betweenness,0.2,183,2352,1872,200
betweenness,0.2,184,1903,1469,200
betweenness,0.2,185,1323,1039,200
betweenness,0.2,186,2339,1827,200
betweenness,0.2,187,927,737,200
betweenness,0.2,188,1474,1113,200
betweenness,0.2,189,1381,980,200
betweenness,0.2,190,1011,719,200
betweenness,0.2,191,1809,1364,200
betweenness,0.2,192,2029,1658,200
betweenness,0.2,193,1039,721,200
betweenness,0.2,194,1328,955,200
betweenness,0.2,195,1837,1382,200
betweenness,0.2,196,1993,1549,200
betweenness,0.2,197,1100,757,200
betweenness,0.2,198,1226,1002,200
betweenness,0.2,199,1188,943,200
betweenness,0.2,200,2277,1722,200
betweenness,0.2,201,1484,1098,200
betweenness,0.2,202,1542,1114,200
betweenness,0.2,203,1491,1177,200
betweenness,0.2,204,1000,789,200
betweenness,0.2,205,1792,1295,200
betweenness,0.2,206,1481,1211,200
betweenness,0.2,207,1906,1498,200
betweenness,0.2,208,1256,976,200
betweenness,0.2,209,1006,817,200
betweenness,0.2,210,2299,1677,200
betweenness,0.2,211,1894,1527,200
betweenness,0.2,212,1903,1518,200
betweenness,0.2,213,1215,964,200
betweenness,0.2,214,1297,1091,200
betweenness,0.2,215,1635,1301,200
betweenness,0.2,216,1351,1082,200
betweenness,0.2,217,1971,1473,200
betweenness,0.2,218,1895,1504,200
betweenness,0.2,219,909,687,200
betweenness,0.2,220,1261,974,200
betweenness,0.2,221,1518,1123,200
betweenness,0.2,222,1890,1482,200
betweenness,0.2,223,1292,1026,200
betweenness,0.2,224,959,769,200
betweenness,0.2,225,2068,1671,200
betweenness,0.2,226,809,665,200
betweenness,0.2,227,1410,1103,200
betweenness,0.2,228,1981,1515,200
betweenness,0.2,229,1457,1158,200
betweenness,0.2,230,1029,765,200
betweenness,0.2,231,1949,1487,200
betweenness,0.2,232,2068,1560,200
betweenness,0.2,233,1905,1453,200
betweenness,0.2,234,1226,917,200
betweenness,0.2,235,1066,854,200
betweenness,0.2,236,1586,1175,200
betweenness,0.2,237,1893,1076,200
betweenness,0.2,238,744,530,200
betweenness,0.2,239,841,599,200
betweenness,0.2,240,2166,1575,200
betweenness,0.2,241,1714,1356,200
betweenness,0.2,242,1613,1244,200
betweenness,0.2,243,1642,1213,200
betweenness,0.2,244,1551,1068,200
betweenness,0.2,245,1810,1262,200
betweenness,0.2,246,2107,1573,200
betweenness,0.2,247,1561,1190,200
betweenness,0.2,248,1369,1069,200
betweenness,0.2,249,1474,1120,200
betweenness,0.2,250,2165,1673,200
betweenness,0.2,251,411,261,200
betweenness,0.2,252,1697,1336,200
betweenness,0.2,253,1646,1139,200
betweenness,0.2,254,1345,1066,200
betweenness,0.2,255,1233,993,200
betweenness,0.2,256,904,582,200
betweenness,0.2,257,1437,1094,200
betweenness,0.2,258,1201,848,200
betweenness,0.2,259,2152,1632,200
betweenness,0.2,260,1501,1186,200
betweenness,0.2,261,1675,1286,200
betweenness,0.2,262,1631,1325,200
betweenness,0.2,263,1657,1302,200
betweenness,0.2,264,1431,1050,200
betweenness,0.2,265,973,715,200
betweenness,0.2,266,1899,1510,200
betweenness,0.2,267,2347,1932,200
betweenness,0.2,268,1871,1519,200
betweenness,0.2,269,2347,1483,200
betweenness,0.2,270,2370,1873,200
betweenness,0.2,271,2105,1414,200
betweenness,0.2,272,1390,988,200
betweenness,0.2,273,1360,1047,200
betweenness,0.2,274,1899,1519,200
betweenness,0.2,275,913,677,200
betweenness,0.2,276,1459,1098,200
betweenness,0.2,277,1937,1387,200
betweenness,0.2,278,1978,1461,200
betweenness,0.2,279,1611,1218,200
betweenness,0.2,280,1488,1101,200
betweenness,0.2,281,1377,1055,200
betweenness,0.2,282,414,276,200
betweenness,0.2,283,1742,1358,200
betweenness,0.2,284,2066,1505,200
betweenness,0.2,285,1094,821,200
betweenness,0.2,286,1854,1414,200
betweenness,0.2,287,1885,1407,200
betweenness,0.2,288,1115,832,200
betweenness,0.2,289,828,594,200
betweenness,0.2,290,1132,843,200
betweenness,0.2,291,1634,1284,200
betweenness,0.2,292,1897,1550,200
betweenness,0.2,293,1383,1053,200
betweenness,0.2,294,1891,1506,200
betweenness,0.2,295,1259,904,200
betweenness,0.2,296,2123,1662,200
betweenness,0.2,297,1889,1489,200
betweenness,0.2,298,1636,1254,200
betweenness,0.2,299,1515,1130,200
betweenness,0.2,300,1384,1000,200
betweenness,0.2,301,2342,1708,200
betweenness,0.2,302,1706,1261,200
betweenness,0.2,303,1356,1066,200
betweenness,0.2,304,1111,877,200
betweenness,0.2,305,2028,1654,200
betweenness,0.2,306,1102,848,200
betweenness,0.2,307,1187,986,200
betweenness,0.2,308,1943,1489,200
betweenness,0.2,309,979,793,200
betweenness,0.2,310,1388,1093,200
betweenness,0.2,311,1720,1349,200
betweenness,0.2,312,1097,833,200
betweenness,0.2,313,1835,1309,200
betweenness,0.2,314,1896,1551,200
betweenness,0.2,315,2069,1626,200
betweenness,0.2,316,1118,890,200
betweenness,0.2,317,1859,1402,200
betweenness,0.2,318,1802,1422,200
betweenness,0.2,319,1213,979,200
betweenness,0.2,320,1610,1219,200
betweenness,0.2,321,1658,1325,200
betweenness,0.2,322,717,558,200
betweenness,0.2,323,1127,796,200
betweenness,0.2,324,1356,1043,200
betweenness,0.2,325,1626,1266,200
betweenness,0.2,326,1892,1501,200
betweenness,0.2,327,1805,1233,200
betweenness,0.2,328,2035,1631,200
betweenness,0.2,329,1812,1289,200
betweenness,0.2,330,2058,1561,200
betweenness,0.2,331,764,581,200
betweenness,0.2,332,1294,990,200
betweenness,0.2,333,1591,1078,200
betweenness,0.2,334,1258,844,200
betweenness,0.2,335,1984,1594,200
betweenness,0.2,336,1237,1024,200
betweenness,0.2,337,1756,1426,200
betweenness,0.2,338,1431,1088,200
betweenness,0.2,339,1290,1033,200
betweenness,0.2,340,1659,1323,200
betweenness,0.2,341,2056,1653,200
betweenness,0.2,342,1354,1110,200
betweenness,0.2,343,2025,1622,200
betweenness,0.2,344,2177,1686,200
betweenness,0.2,345,1885,1439,200
betweenness,0.2,346,1137,905,200
betweenness,0.2,347,2347,1745,200
betweenness,0.2,348,1643,1257,200
betweenness,0.2,349,1809,1455,200
betweenness,0.2,350,1604,1126,200
betweenness,0.2,351,1252,920,200
betweenness,0.2,352,1832,1452,200
betweenness,0.2,353,1229,975,200
betweenness,0.2,354,2050,1576,200
betweenness,0.2,355,2053,1475,200
betweenness,0.2,356,1324,1022,200
betweenness,0.2,357,1882,1506,200
betweenness,0.2,358,1603,1203,200
betweenness,0.2,359,1923,1426,200
betweenness,0.2,360,1675,1250,200
betweenness,0.2,361,1589,1242,200
betweenness,0.2,362,1612,1265,200
betweenness,0.2,363,1475,1073,200
betweenness,0.2,364,1484,1139,200
betweenness,0.2,365,1478,1059,200
betweenness,0.2,366,1356,1079,200
betweenness,0.2,367,1410,1098,200
betweenness,0.2,368,2480,1920,200
betweenness,0.2,369,1652,1263,200
betweenness,0.2,370,2138,1659,200
betweenness,0.2,371,2115,1527,200
betweenness,0.2,372,1810,1411,200
betweenness,0.2,373,1810,1368,200
betweenness,0.2,374,1773,1432,200
betweenness,0.2,375,1833,1149,200
betweenness,0.2,376,1392,982,200
betweenness,0.2,377,1898,1531,200
betweenness,0.2,378,928,685,200
betweenness,0.2,379,2304,1826,200
betweenness,0.2,380,1111,844,200
betweenness,0.2,381,1612,1196,200
betweenness,0.2,382,1906,1421,200
betweenness,0.2,383,2066,1588,200
betweenness,0.2,384,2614,1812,200
betweenness,0.2,385,2293,1769,200
betweenness,0.2,386,1902,1486,200
betweenness,0.2,387,1420,970,200
betweenness,0.2,388,1870,1501,200
betweenness,0.2,389,2074,1509,200
betweenness,0.2,390,1801,1396,200
betweenness,0.2,391,1104,806,200
betweenness,0.2,392,1275,1034,200
betweenness,0.2,393,2146,1692,200
betweenness,0.2,394,1186,933,200
betweenness,0.2,395,1953,1458,200
betweenness,0.2,396,1254,948,200
betweenness,0.2,397,1830,1420,200
betweenness,0.2,398,1619,1285,200
betweenness,0.2,399,1514,1126,200
betweenness,0.2,400,1843,1164,200
betweenness,0.2,401,1726,1368,200
betweenness,0.2,402,1440,1137,200
betweenness,0.2,403,1257,954,200
betweenness,0.2,404,1170,919,200
betweenness,0.2,405,1618,1170,200
betweenness,0.2,406,1183,907,200
betweenness,0.2,407,568,458,200
betweenness,0.2,408,1637,1236,200
betweenness,0.2,409,1893,1467,200
betweenness,0.2,410,2356,1735,200
betweenness,0.2,411,1186,883,200
betweenness,0.2,412,2609,1834,200
betweenness,0.2,413,1805,1383,200
betweenness,0.2,414,1215,937,200
betweenness,0.2,415,2159,1679,200
betweenness,0.2,416,775,574,200
betweenness,0.2,417,2359,1889,200
betweenness,0.2,418,1431,1094,200
betweenness,0.2,419,2357,1772,200
betweenness,0.2,420,1808,1448,200
betweenness,0.2,421,1806,1453,200
betweenness,0.2,422,1005,725,200
betweenness,0.2,423,1896,1488,200
betweenness,0.2,424,1137,779,200
betweenness,0.2,425,2088,1641,200
betweenness,0.2,426,2339,1845,200
betweenness,0.2,427,1244,905,200
betweenness,0.2,428,1965,1475,200
betweenness,0.2,429,1644,1303,200
betweenness,0.2,430,1672,1341,200
betweenness,0.2,431,1168,901,200
betweenness,0.2,432,1851,1491,200
betweenness,0.2,433,1146,956,200
betweenness,0.2,434,1936,1571,200
betweenness,0.2,435,1096,872,200
betweenness,0.2,436,1929,1538,200
betweenness,0.2,437,1609,1244,200
betweenness,0.2,438,1337,993,200
betweenness,0.2,439,1480,1189,200
betweenness,0.2,440,1830,1438,200
betweenness,0.2,441,2349,1842,200
betweenness,0.2,442,1614,1162,200
betweenness,0.2,443,1696,1269,200
betweenness,0.2,444,2350,1491,200
betweenness,0.2,445,1899,1454,200
betweenness,0.2,446,2067,1594,200
betweenness,0.2,447,1182,937,200
betweenness,0.2,448,1700,1320,200
betweenness,0.2,449,2341,1893,200
betweenness,0.2,450,848,669,200
betweenness,0.2,451,1821,1432,200
betweenness,0.2,452,1966,1418,200
betweenness,0.2,453,1265,953,200
betweenness,0.2,454,1528,1125,200
betweenness,0.2,455,2606,1866,200
betweenness,0.2,456,1802,1419,200
betweenness,0.2,457,1793,1286,200
betweenness,0.2,458,1896,1287,200
betweenness,0.2,459,2144,1606,200
betweenness,0.2,460,1607,1284,200
betweenness,0.2,461,1704,1336,200
betweenness,0.2,462,1641,1242,200
betweenness,0.2,463,1889,1488,200
betweenness,0.2,464,2342,1836,200
betweenness,0.2,465,1245,911,200
betweenness,0.2,466,1778,1351,200
betweenness,0.2,467,1902,1573,200
betweenness,0.2,468,1464,981,200
betweenness,0.2,469,973,711,200
betweenness,0.2,470,1976,1541,200
betweenness,0.2,471,1882,1513,200
betweenness,0.2,472,2342,1482,200
betweenness,0.2,473,589,415,200
betweenness,0.2,474,2044,1616,200
betweenness,0.2,475,1347,978,200
betweenness,0.2,476,2167,1557,200
betweenness,0.2,477,1708,1275,200
betweenness,0.2,478,1262,924,200
betweenness,0.2,479,1488,1162,200
betweenness,0.2,480,1274,988,200
betweenness,0.2,481,2164,1710,200
betweenness,0.2,482,1854,1477,200
betweenness,0.2,483,1936,1459,200
betweenness,0.2,484,1456,1131,200
betweenness,0.2,485,2145,1292,200
betweenness,0.2,486,2333,1817,200
betweenness,0.2,487,2479,1876,200
betweenness,0.2,488,1946,1497,200
betweenness,0.2,489,1609,1276,200
betweenness,0.2,490,2152,1530,200
betweenness,0.2,491,1186,963,200
betweenness,0.2,492,1614,1244,200
betweenness,0.2,493,1385,1107,200
betweenness,0.2,494,1892,1531,200
betweenness,0.2,495,1188,966,200
betweenness,0.2,496,1789,1381,200
betweenness,0.2,497,1285,976,200
betweenness,0.2,498,996,797,200
betweenness,0.2,499,1775,1368,200
community_bridge,0.01,0,3930,3263,200
community_bridge,0.01,1,3920,3273,200
community_bridge,0.01,2,3912,3329,200
community_bridge,0.01,3,3939,3365,200
community_bridge,0.01,4,3924,3171,200
community_bridge,0.01,5,3925,2968,200
community_bridge,0.01,6,3941,3237,200
community_bridge,0.01,7,3943,3197,200
community_bridge,0.01,8,3939,3229,200
community_bridge,0.01,9,3940,3338,200
community_bridge,0.01,10,3946,3287,200
community_bridge,0.01,11,3925,3159,200
community_bridge,0.01,12,3181,2637,200
community_bridge,0.01,13,3935,3188,200
community_bridge,0.01,14,3943,3243,200
community_bridge,0.01,15,3933,3163,200
community_bridge,0.01,16,3924,3295,200
community_bridge,0.01,17,3939,3149,200
community_bridge,0.01,18,3937,3279,200
community_bridge,0.01,19,3948,3092,200
community_bridge,0.01,20,3942,3239,200
community_bridge,0.01,21,3886,3229,200
community_bridge,0.01,22,3946,3187,200
community_bridge,0.01,23,3943,3175,200
community_bridge,0.01,24,3930,3253,200
community_bridge,0.01,25,3916,3013,200
community_bridge,0.01,26,3902,3280,200
community_bridge,0.01,27,3945,3304,200
community_bridge,0.01,28,3903,3159,200
community_bridge,0.01,29,3912,3306,200
community_bridge,0.01,30,3945,3145,200
community_bridge,0.01,31,3940,3137,200
community_bridge,0.01,32,3925,3230,200
community_bridge,0.01,33,3934,3222,200
community_bridge,0.01,34,3940,3164,200
community_bridge,0.01,35,3931,3220,200
community_bridge,0.01,36,3932,3320,200
community_bridge,0.01,37,3941,3139,200
community_bridge,0.01,38,3928,3341,200
community_bridge,0.01,39,3913,3239,200
community_bridge,0.01,40,3919,3259,200
community_bridge,0.01,41,3941,3273,200
community_bridge,0.01,42,3928,3275,200
community_bridge,0.01,43,3929,3345,200
community_bridge,0.01,44,3879,3038,200
community_bridge,0.01,45,3930,3273,200
community_bridge,0.01,46,3934,3228,200
community_bridge,0.01,47,3934,3214,200
community_bridge,0.01,48,3938,3238,200
community_bridge,0.01,49,3942,3287,200
community_bridge,0.01,50,3941,3319,200
community_bridge,0.01,51,3875,3152,200
community_bridge,0.01,52,3920,3178,200
community_bridge,0.01,53,3936,2967,200
community_bridge,0.01,54,3932,3085,200
community_bridge,0.01,55,3867,3239,200
community_bridge,0.01,56,3941,3259,200
community_bridge,0.01,57,3929,3317,200
community_bridge,0.01,58,3941,3139,200
community_bridge,0.01,59,3938,3258,200
community_bridge,0.01,60,3937,3245,200
community_bridge,0.01,61,3913,3303,200
community_bridge,0.01,62,3918,3193,200
community_bridge,0.01,63,3921,3143,200
community_bridge,0.01,64,3940,3019,200
community_bridge,0.01,65,3874,3297,200
community_bridge,0.01,66,3893,3277,200
community_bridge,0.01,67,3910,3221,200
community_bridge,0.01,68,3936,3117,200
community_bridge,0.01,69,3919,3148,200
community_bridge,0.01,70,3941,3271,200
community_bridge,0.01,71,3929,3078,200
community_bridge,0.01,72,3942,3126,200
community_bridge,0.01,73,3922,3089,200
community_bridge,0.01,74,3862,3031,200
community_bridge,0.01,75,3892,3176,200
community_bridge,0.01,76,3918,3253,200
community_bridge,0.01,77,3937,3332,200
community_bridge,0.01,78,3933,3257,200
community_bridge,0.01,79,3925,3058,200
community_bridge,0.01,80,3928,3053,200
community_bridge,0.01,81,3918,3106,200
community_bridge,0.01,82,3909,2982,200
community_bridge,0.01,83,3931,3240,200
community_bridge,0.01,84,3916,3286,200
community_bridge,0.01,85,3910,3158,200
community_bridge,0.01,86,3922,3121,200
community_bridge,0.01,87,3937,3078,200
community_bridge,0.01,88,3928,3159,200
community_bridge,0.01,89,3937,3173,200
community_bridge,0.01,90,3920,3068,200
community_bridge,0.01,91,3941,3166,200
community_bridge,0.01,92,3930,3231,200
community_bridge,0.01,93,3938,3191,200
community_bridge,0.01,94,3876,3081,200
community_bridge,0.01,95,3929,3271,200
community_bridge,0.01,96,3904,3310,200
community_bridge,0.01,97,3934,3144,200
community_bridge,0.01,98,3930,2933,200
community_bridge,0.01,99,3932,3292,200
community_bridge,0.01,100,3941,3160,200
community_bridge,0.01,101,3935,3243,200
community_bridge,0.01,102,3942,3326,200
community_bridge,0.01,103,3929,3267,200
community_bridge,0.01,104,3931,3257,200
community_bridge,0.01,105,3936,3207,200
community_bridge,0.01,106,3944,3260,200
community_bridge,0.01,107,3913,3274,200
community_bridge,0.01,108,3872,3186,200
community_bridge,0.01,109,3922,3216,200
community_bridge,0.01,110,3930,3182,200
community_bridge,0.01,111,3941,3294,200
community_bridge,0.01,112,3916,3276,200
community_bridge,0.01,113,3907,3289,200
community_bridge,0.01,114,3910,3035,200
community_bridge,0.01,115,3942,2997,200
community_bridge,0.01,116,3925,3225,200
community_bridge,0.01,117,3911,3004,200
community_bridge,0.01,118,3865,2990,200
community_bridge,0.01,119,3860,3170,200
community_bridge,0.01,120,3891,3202,200
community_bridge,0.01,121,3931,3223,200
community_bridge,0.01,122,3926,3186,200
community_bridge,0.01,123,3921,2999,200
community_bridge,0.01,124,3922,3225,200
community_bridge,0.01,125,3947,3122,200
community_bridge,0.01,126,3925,3273,200
community_bridge,0.01,127,3932,3249,200
community_bridge,0.01,128,3927,3056,200
community_bridge,0.01,129,3907,3140,200
community_bridge,0.01,130,3940,3322,200
community_bridge,0.01,131,3929,3187,200
community_bridge,0.01,132,3927,3170,200
community_bridge,0.01,133,3905,3322,200
community_bridge,0.01,134,3943,3327,200
community_bridge,0.01,135,3872,3110,200
community_bridge,0.01,136,3933,3226,200
community_bridge,0.01,137,3929,3311,200
community_bridge,0.01,138,3940,3305,200
community_bridge,0.01,139,3940,3269,200
community_bridge,0.01,140,3936,3061,200
community_bridge,0.01,141,3924,3285,200
community_bridge,0.01,142,3924,3310,200
community_bridge,0.01,143,3929,3162,200
community_bridge,0.01,144,3936,3181,200
community_bridge,0.01,145,3944,3242,200
community_bridge,0.01,146,3900,3086,200
community_bridge,0.01,147,3942,3173,200
community_bridge,0.01,148,3933,3331,200
community_bridge,0.01,149,3942,3349,200
community_bridge,0.01,150,3909,3319,200
community_bridge,0.01,151,3941,3302,200
community_bridge,0.01,152,3929,3174,200
community_bridge,0.01,153,3938,3076,200
community_bridge,0.01,154,3924,3219,200
community_bridge,0.01,155,3938,3143,200
community_bridge,0.01,156,3920,3326,200
community_bridge,0.01,157,3921,3079,200
community_bridge,0.01,158,3927,3237,200
community_bridge,0.01,159,3874,3033,200
community_bridge,0.01,160,3939,3147,200
community_bridge,0.01,161,3945,3056,200
community_bridge,0.01,162,3932,3054,200
community_bridge,0.01,163,3923,3193,200
community_bridge,0.01,164,3865,3156,200
community_bridge,0.01,165,3888,3090,200
community_bridge,0.01,166,3916,3182,200
community_bridge,0.01,167,3911,3233,200
community_bridge,0.01,168,3882,3312,200
community_bridge,0.01,169,3932,3070,200
community_bridge,0.01,170,3931,3100,200
community_bridge,0.01,171,3937,3351,200
community_bridge,0.01,172,3922,3175,200
community_bridge,0.01,173,3929,3241,200
community_bridge,0.01,174,3944,3264,200
community_bridge,0.01,175,3944,3110,200
community_bridge,0.01,176,3924,3276,200
community_bridge,0.01,177,3947,3298,200
community_bridge,0.01,178,3923,3260,200
community_bridge,0.01,179,3928,3139,200
community_bridge,0.01,180,3939,3125,200
community_bridge,0.01,181,3878,3289,200
community_bridge,0.01,182,3942,3372,200
community_bridge,0.01,183,3942,3279,200
community_bridge,0.01,184,3929,2982,200
community_bridge,0.01,185,3938,3083,200
community_bridge,0.01,186,3928,3164,200
community_bridge,0.01,187,3947,3219,200
community_bridge,0.01,188,3930,3363,200
community_bridge,0.01,189,3909,3228,200
community_bridge,0.01,190,3929,3267,200
community_bridge,0.01,191,3920,3244,200
community_bridge,0.01,192,3935,3109,200
community_bridge,0.01,193,3933,3262,200
community_bridge,0.01,194,3931,3141,200
community_bridge,0.01,195,3945,2865,200
community_bridge,0.01,196,3944,3197,200
community_bridge,0.01,197,3886,3099,200
community_bridge,0.01,198,3936,3245,200
community_bridge,0.01,199,3930,3211,200
community_bridge,0.01,200,3941,3250,200
community_bridge,0.01,201,3886,3030,200
community_bridge,0.01,202,3923,3102,200
community_bridge,0.01,203,3934,3211,200
community_bridge,0.01,204,3926,3213,200
community_bridge,0.01,205,3875,3226,200
community_bridge,0.01,206,3934,3090,200
community_bridge,0.01,207,3932,3082,200
community_bridge,0.01,208,3939,3308,200
community_bridge,0.01,209,3936,3342,200
community_bridge,0.01,210,3910,3173,200
community_bridge,0.01,211,3941,3166,200
community_bridge,0.01,212,3943,3196,200
community_bridge,0.01,213,3944,3131,200
community_bridge,0.01,214,3938,3336,200
community_bridge,0.01,215,3940,3241,200
community_bridge,0.01,216,3931,3280,200
community_bridge,0.01,217,3943,3231,200
community_bridge,0.01,218,3941,3171,200
community_bridge,0.01,219,3940,3215,200
community_bridge,0.01,220,3917,3282,200
community_bridge,0.01,221,3938,3365,200
community_bridge,0.01,222,3940,2808,200
community_bridge,0.01,223,3873,3266,200
community_bridge,0.01,224,3877,3162,200
community_bridge,0.01,225,3919,3281,200
community_bridge,0.01,226,3935,3339,200
community_bridge,0.01,227,3934,3080,200
community_bridge,0.01,228,3934,3286,200
community_bridge,0.01,229,3938,3187,200
community_bridge,0.01,230,3870,3240,200
community_bridge,0.01,231,3921,3295,200
community_bridge,0.01,232,3939,3269,200
community_bridge,0.01,233,3930,3266,200
community_bridge,0.01,234,3936,3317,200
community_bridge,0.01,235,3925,3315,200
community_bridge,0.01,236,3937,3341,200
community_bridge,0.01,237,3924,3213,200
community_bridge,0.01,238,3929,3337,200
community_bridge,0.01,239,3940,3108,200
community_bridge,0.01,240,3939,3150,200
community_bridge,0.01,241,3920,3096,200
community_bridge,0.01,242,3927,3132,200
community_bridge,0.01,243,3942,3043,200
community_bridge,0.01,244,3191,2351,200
community_bridge,0.01,245,3904,3193,200
community_bridge,0.01,246,3933,3047,200
community_bridge,0.01,247,3932,3249,200
community_bridge,0.01,248,3943,3046,200
community_bridge,0.01,249,3935,3250,200
community_bridge,0.01,250,3917,3216,200
community_bridge,0.01,251,3938,2875,200
community_bridge,0.01,252,3940,3321,200
community_bridge,0.01,253,3920,2939,200
community_bridge,0.01,254,3919,2932,200
community_bridge,0.01,255,3936,3242,200
community_bridge,0.01,256,3940,3278,200
community_bridge,0.01,257,3930,3137,200
community_bridge,0.01,258,3938,3134,200
community_bridge,0.01,259,3929,3295,200
community_bridge,0.01,260,3927,3264,200
community_bridge,0.01,261,3933,3282,200
community_bridge,0.01,262,3910,3047,200
community_bridge,0.01,263,3936,3193,200
community_bridge,0.01,264,3937,3013,200
community_bridge,0.01,265,3877,3020,200
community_bridge,0.01,266,3915,3066,200
community_bridge,0.01,267,3937,3155,200
community_bridge,0.01,268,3938,3304,200
community_bridge,0.01,269,3941,3145,200
community_bridge,0.01,270,3926,3172,200
community_bridge,0.01,271,3936,3164,200
community_bridge,0.01,272,3916,3223,200
community_bridge,0.01,273,3919,3232,200
community_bridge,0.01,274,3943,3244,200
community_bridge,0.01,275,3940,3181,200
community_bridge,0.01,276,3946,3291,200
community_bridge,0.01,277,3909,3105,200
community_bridge,0.01,278,3943,3205,200
community_bridge,0.01,279,3927,3107,200
community_bridge,0.01,280,3937,3311,200
community_bridge,0.01,281,3939,3075,200
community_bridge,0.01,282,3924,3277,200
community_bridge,0.01,283,3938,3192,200
community_bridge,0.01,284,3929,3094,200
community_bridge,0.01,285,3922,3107,200
community_bridge,0.01,286,3866,3116,200
community_bridge,0.01,287,3945,3201,200
community_bridge,0.01,288,3940,3288,200
community_bridge,0.01,289,3938,3199,200
community_bridge,0.01,290,3945,3280,200
community_bridge,0.01,291,3928,3375,200
community_bridge,0.01,292,3875,3040,200
community_bridge,0.01,293,3941,3186,200
community_bridge,0.01,294,3909,3093,200
community_bridge,0.01,295,3938,3333,200
community_bridge,0.01,296,3944,3129,200
community_bridge,0.01,297,3918,3046,200
community_bridge,0.01,298,3933,3278,200
community_bridge,0.01,299,3928,3122,200
community_bridge,0.01,300,3936,3307,200
community_bridge,0.01,301,3928,3155,200
community_bridge,0.01,302,3933,3039,200
community_bridge,0.01,303,3938,3009,200
community_bridge,0.01,304,3910,3216,200
community_bridge,0.01,305,3941,3315,200
community_bridge,0.01,306,3919,2963,200
community_bridge,0.01,307,3927,3226,200
community_bridge,0.01,308,3898,3215,200
community_bridge,0.01,309,3927,3299,200
community_bridge,0.01,310,3914,3310,200
community_bridge,0.01,311,3936,3198,200
community_bridge,0.01,312,3935,3354,200
community_bridge,0.01,313,3933,3075,200
community_bridge,0.01,314,3948,3298,200
community_bridge,0.01,315,3935,3136,200
community_bridge,0.01,316,3942,3166,200
community_bridge,0.01,317,3938,3267,200
community_bridge,0.01,318,3942,3290,200
community_bridge,0.01,319,3943,3242,200
community_bridge,0.01,320,3915,3316,200
community_bridge,0.01,321,3928,3284,200
community_bridge,0.01,322,3937,3153,200
community_bridge,0.01,323,3945,3156,200
community_bridge,0.01,324,3941,3329,200
community_bridge,0.01,325,3937,3341,200
community_bridge,0.01,326,3938,3141,200
community_bridge,0.01,327,3941,3274,200
community_bridge,0.01,328,3939,2979,200
community_bridge,0.01,329,3941,3194,200
community_bridge,0.01,330,3869,3170,200
community_bridge,0.01,331,3932,3370,200
community_bridge,0.01,332,3923,3283,200
community_bridge,0.01,333,3920,3278,200
community_bridge,0.01,334,3943,3117,200
community_bridge,0.01,335,3932,3070,200
community_bridge,0.01,336,3934,3256,200
community_bridge,0.01,337,3182,2548,200
community_bridge,0.01,338,3888,3257,200
community_bridge,0.01,339,3866,3036,200
community_bridge,0.01,340,3930,3248,200
community_bridge,0.01,341,3931,2974,200
community_bridge,0.01,342,3934,3173,200
community_bridge,0.01,343,3938,3037,200
community_bridge,0.01,344,3921,3084,200
community_bridge,0.01,345,3941,3136,200
community_bridge,0.01,346,3935,2879,200
community_bridge,0.01,347,3931,3006,200
community_bridge,0.01,348,3928,3244,200
community_bridge,0.01,349,3945,3155,200
community_bridge,0.01,350,3935,3037,200
community_bridge,0.01,351,3922,3303,200
community_bridge,0.01,352,3926,3221,200
community_bridge,0.01,353,3928,3353,200
community_bridge,0.01,354,3920,3105,200
community_bridge,0.01,355,3920,3235,200
community_bridge,0.01,356,3934,3221,200
community_bridge,0.01,357,3930,3071,200
community_bridge,0.01,358,3924,3171,200
community_bridge,0.01,359,3871,2818,200
community_bridge,0.01,360,3942,3255,200
community_bridge,0.01,361,3932,3025,200
community_bridge,0.01,362,3938,3089,200
community_bridge,0.01,363,3937,3133,200
community_bridge,0.01,364,3940,3240,200
community_bridge,0.01,365,3906,3181,200
community_bridge,0.01,366,3932,3145,200
community_bridge,0.01,367,3888,3316,200
community_bridge,0.01,368,3890,3086,200
community_bridge,0.01,369,3936,2946,200
community_bridge,0.01,370,3935,3332,200
community_bridge,0.01,371,3898,3293,200
community_bridge,0.01,372,3929,3087,200
community_bridge,0.01,373,3934,3266,200
community_bridge,0.01,374,3935,2841,200
community_bridge,0.01,375,3939,3326,200
community_bridge,0.01,376,3865,2999,200
community_bridge,0.01,377,3931,3338,200
community_bridge,0.01,378,3907,3190,200
community_bridge,0.01,379,3940,3222,200
community_bridge,0.01,380,3926,3289,200
community_bridge,0.01,381,3935,3127,200
community_bridge,0.01,382,3944,3213,200
community_bridge,0.01,383,3931,3288,200
community_bridge,0.01,384,3938,3305,200
community_bridge,0.01,385,3939,3274,200
community_bridge,0.01,386,3942,3210,200
community_bridge,0.01,387,3917,3188,200
community_bridge,0.01,388,3909,3290,200
community_bridge,0.01,389,3946,3069,200
community_bridge,0.01,390,3890,3258,200
community_bridge,0.01,391,3936,3299,200
community_bridge,0.01,392,3932,3223,200
community_bridge,0.01,393,3938,3201,200
community_bridge,0.01,394,3932,3136,200
community_bridge,0.01,395,3906,3074,200
community_bridge,0.01,396,3942,3236,200
community_bridge,0.01,397,3853,3268,200
community_bridge,0.01,398,3885,3119,200
community_bridge,0.01,399,3926,3220,200
community_bridge,0.01,400,3873,3186,200
community_bridge,0.01,401,3923,3248,200
community_bridge,0.01,402,3937,3123,200
community_bridge,0.01,403,3924,3017,200
community_bridge,0.01,404,3938,3282,200
community_bridge,0.01,405,3937,3303,200
community_bridge,0.01,406,3887,3287,200
community_bridge,0.01,407,3915,3326,200
community_bridge,0.01,408,3925,3215,200
community_bridge,0.01,409,3933,3317,200
community_bridge,0.01,410,3939,3300,200
community_bridge,0.01,411,3923,3136,200
community_bridge,0.01,412,3928,3234,200
community_bridge,0.01,413,3935,3216,200
community_bridge,0.01,414,3938,3226,200
community_bridge,0.01,415,3930,3147,200
community_bridge,0.01,416,3939,3271,200
community_bridge,0.01,417,3938,3274,200
community_bridge,0.01,418,3907,3095,200
community_bridge,0.01,419,3932,3144,200
community_bridge,0.01,420,3913,3136,200
community_bridge,0.01,421,3881,3246,200
community_bridge,0.01,422,3941,3204,200
community_bridge,0.01,423,3879,3200,200
community_bridge,0.01,424,3920,3260,200
community_bridge,0.01,425,3934,3242,200
community_bridge,0.01,426,3930,3284,200
community_bridge,0.01,427,3940,3385,200
community_bridge,0.01,428,3917,3184,200
community_bridge,0.01,429,3937,3164,200
community_bridge,0.01,430,3943,3282,200
community_bridge,0.01,431,3930,3118,200
community_bridge,0.01,432,3916,3251,200
community_bridge,0.01,433,3935,3381,200
community_bridge,0.01,434,3939,3287,200
community_bridge,0.01,435,3908,3103,200
community_bridge,0.01,436,3938,3316,200
community_bridge,0.01,437,3935,3260,200
community_bridge,0.01,438,3944,3219,200
community_bridge,0.01,439,3921,2983,200
community_bridge,0.01,440,3933,3246,200
community_bridge,0.01,441,3922,3183,200
community_bridge,0.01,442,3947,3114,200
community_bridge,0.01,443,3944,3162,200
community_bridge,0.01,444,3935,3054,200
community_bridge,0.01,445,3932,3064,200
community_bridge,0.01,446,3939,2919,200
community_bridge,0.01,447,3902,3122,200
community_bridge,0.01,448,3864,3254,200
community_bridge,0.01,449,3928,3133,200
community_bridge,0.01,450,3930,3285,200
community_bridge,0.01,451,3939,3317,200
community_bridge,0.01,452,3934,3184,200
community_bridge,0.01,453,3926,3139,200
community_bridge,0.01,454,3925,3279,200
community_bridge,0.01,455,3937,3289,200
community_bridge,0.01,456,3914,3142,200
community_bridge,0.01,457,3950,3323,200
community_bridge,0.01,458,3951,3214,200
community_bridge,0.01,459,3907,3137,200
community_bridge,0.01,460,3940,3271,200
community_bridge,0.01,461,3923,3254,200
community_bridge,0.01,462,3923,3121,200
community_bridge,0.01,463,3932,3055,200
community_bridge,0.01,464,3937,3120,200
community_bridge,0.01,465,3946,3209,200
community_bridge,0.01,466,3926,3240,200
community_bridge,0.01,467,3936,3140,200
community_bridge,0.01,468,3941,3296,200
community_bridge,0.01,469,3939,3135,200
community_bridge,0.01,470,3872,3074,200
community_bridge,0.01,471,3873,3176,200
community_bridge,0.01,472,3934,3162,200
community_bridge,0.01,473,3887,2981,200
community_bridge,0.01,474,3877,3279,200
community_bridge,0.01,475,3932,3225,200
community_bridge,0.01,476,3921,3284,200
community_bridge,0.01,477,3906,3055,200
community_bridge,0.01,478,3931,3311,200
community_bridge,0.01,479,3917,3166,200
community_bridge,0.01,480,3928,3275,200
community_bridge,0.01,481,3941,3141,200
community_bridge,0.01,482,3190,2637,200
community_bridge,0.01,483,3877,3159,200
community_bridge,0.01,484,3919,3311,200
community_bridge,0.01,485,3937,3141,200
community_bridge,0.01,486,3936,3322,200
community_bridge,0.01,487,3923,3174,200
community_bridge,0.01,488,3933,3136,200
community_bridge,0.01,489,3902,3096,200
community_bridge,0.01,490,3912,3248,200
community_bridge,0.01,491,3933,3284,200
community_bridge,0.01,492,3935,3084,200
community_bridge,0.01,493,3881,2957,200
community_bridge,0.01,494,3912,2863,200
community_bridge,0.01,495,3932,3199,200
community_bridge,0.01,496,3922,3249,200
community_bridge,0.01,497,3940,3241,200
community_bridge,0.01,498,3925,3244,200
community_bridge,0.01,499,3934,3289,200
community_bridge,0.05,0,2979,2413,200
community_bridge,0.05,1,3673,2909,200
community_bridge,0.05,2,2229,1842,200
community_bridge,0.05,3,2236,1888,200
community_bridge,0.05,4,3670,2060,200
community_bridge,0.05,5,3002,2287,200
community_bridge,0.05,6,2220,1918,200
community_bridge,0.05,7,2920,2304,200
community_bridge,0.05,8,2925,2378,200
community_bridge,0.05,9,3354,2797,200
community_bridge,0.05,10,3679,2291,200
community_bridge,0.05,11,3677,2363,200
community_bridge,0.05,12,2592,2123,200
community_bridge,0.05,13,2926,2132,200
community_bridge,0.05,14,1820,1252,200
community_bridge,0.05,15,2904,2165,200
community_bridge,0.05,16,3671,2834,200
community_bridge,0.05,17,3664,2702,200
community_bridge,0.05,18,3654,2800,200
community_bridge,0.05,19,3667,2788,200
community_bridge,0.05,20,2182,1693,200
community_bridge,0.05,21,2978,2219,200
community_bridge,0.05,22,2905,2126,200
community_bridge,0.05,23,2495,1885,200
community_bridge,0.05,24,2493,1848,200
community_bridge,0.05,25,3006,2426,200
community_bridge,0.05,26,1503,1311,200
community_bridge,0.05,27,2979,2207,200
community_bridge,0.05,28,1990,1599,200
community_bridge,0.05,29,2992,2156,200
community_bridge,0.05,30,2255,1572,200
community_bridge,0.05,31,2915,2191,200
community_bridge,0.05,32,3667,3012,200
community_bridge,0.05,33,2922,2338,200
community_bridge,0.05,34,2924,1944,200
community_bridge,0.05,35,2997,2233,200
community_bridge,0.05,36,2246,1605,200
community_bridge,0.05,37,2470,1825,200
community_bridge,0.05,38,3668,2176,200
community_bridge,0.05,39,2999,1828,200
community_bridge,0.05,40,3683,2720,200
community_bridge,0.05,41,2997,2524,200
community_bridge,0.05,42,2310,1815,200
community_bridge,0.05,43,3680,2611,200
community_bridge,0.05,44,3674,2738,200
community_bridge,0.05,45,3001,2298,200
community_bridge,0.05,46,2475,1756,200
community_bridge,0.05,47,1428,1192,200
community_bridge,0.05,48,3663,2708,200
community_bridge,0.05,49,2899,2146,200
community_bridge,0.05,50,3679,2856,200
community_bridge,0.05,51,2165,1564,200
community_bridge,0.05,52,2919,1941,200
community_bridge,0.05,53,1803,1241,200
community_bridge,0.05,54,1818,1292,200
community_bridge,0.05,55,2991,2160,200
community_bridge,0.05,56,2903,1893,200
community_bridge,0.05,57,2154,1779,200
community_bridge,0.05,58,2991,2222,200
community_bridge,0.05,59,3657,2473,200
community_bridge,0.05,60,3361,2809,200
community_bridge,0.05,61,2601,2142,200
community_bridge,0.05,62,2905,2349,200
community_bridge,0.05,63,3655,2859,200
community_bridge,0.05,64,2926,2159,200
community_bridge,0.05,65,3060,1619,200
community_bridge,0.05,66,3002,2254,200
community_bridge,0.05,67,2984,2211,200
community_bridge,0.05,68,1935,1566,200
community_bridge,0.05,69,1801,1382,200
community_bridge,0.05,70,3665,2874,200
community_bridge,0.05,71,1859,1509,200
community_bridge,0.05,72,3667,1830,200
community_bridge,0.05,73,2922,2331,200
community_bridge,0.05,74,2158,1758,200
community_bridge,0.05,75,2914,1978,200
community_bridge,0.05,76,2231,1590,200
community_bridge,0.05,77,3659,2813,200
community_bridge,0.05,78,2672,2231,200
community_bridge,0.05,79,3336,2790,200
community_bridge,0.05,80,2923,2030,200
community_bridge,0.05,81,2981,2217,200
community_bridge,0.05,82,2925,1564,200
community_bridge,0.05,83,3054,2343,200
community_bridge,0.05,84,1857,1448,200
community_bridge,0.05,85,2931,2395,200
community_bridge,0.05,86,2981,2045,200
community_bridge,0.05,87,3643,2733,200
community_bridge,0.05,88,3676,2833,200
community_bridge,0.05,89,2617,2140,200
community_bridge,0.05,90,2988,2202,200
community_bridge,0.05,91,3667,2755,200
community_bridge,0.05,92,1428,1177,200
community_bridge,0.05,93,3678,2672,200
community_bridge,0.05,94,1856,1568,200
community_bridge,0.05,95,2921,1947,200
community_bridge,0.05,96,2926,2123,200
community_bridge,0.05,97,2921,2387,200
community_bridge,0.05,98,3654,2406,200
community_bridge,0.05,99,3649,1881,200
community_bridge,0.05,100,2294,1342,200
community_bridge,0.05,101,1861,1569,200
community_bridge,0.05,102,2955,1608,200
community_bridge,0.05,103,3676,2754,200
community_bridge,0.05,104,2177,1857,200
community_bridge,0.05,105,3670,2827,200
community_bridge,0.05,106,2598,2161,200
community_bridge,0.05,107,2971,2218,200
community_bridge,0.05,108,3673,2997,200
community_bridge,0.05,109,2928,2364,200
community_bridge,0.05,110,2932,2392,200
community_bridge,0.05,111,3721,2372,200
community_bridge,0.05,112,2981,2361,200
community_bridge,0.05,113,2492,1816,200
community_bridge,0.05,114,2236,1820,200
community_bridge,0.05,115,3678,2843,200
community_bridge,0.05,116,3675,2451,200
community_bridge,0.05,117,2226,1594,200
community_bridge,0.05,118,2605,2083,200
community_bridge,0.05,119,3651,2784,200
community_bridge,0.05,120,2918,1715,200
community_bridge,0.05,121,2902,2243,200
community_bridge,0.05,122,2926,2220,200
community_bridge,0.05,123,2252,1763,200
community_bridge,0.05,124,2301,1480,200
community_bridge,0.05,125,2932,2009,200
community_bridge,0.05,126,3665,1841,200
community_bridge,0.05,127,2601,2171,200
community_bridge,0.05,128,3690,2150,200
community_bridge,0.05,129,1943,1614,200
community_bridge,0.05,130,2893,2375,200
community_bridge,0.05,131,2612,2170,200
community_bridge,0.05,132,2236,1765,200
community_bridge,0.05,133,3673,2685,200
community_bridge,0.05,134,2924,2357,200
community_bridge,0.05,135,2985,2222,200
community_bridge,0.05,136,3649,2848,200
community_bridge,0.05,137,2926,2122,200
community_bridge,0.05,138,2613,2142,200
community_bridge,0.05,139,3001,1433,200
community_bridge,0.05,140,3673,2594,200
community_bridge,0.05,141,2243,1592,200
community_bridge,0.05,142,2487,2065,200
community_bridge,0.05,143,1428,1229,200
community_bridge,0.05,144,2997,2384,200
community_bridge,0.05,145,2920,2413,200
community_bridge,0.05,146,1938,1601,200
community_bridge,0.05,147,2177,1844,200
community_bridge,0.05,148,2920,1747,200
community_bridge,0.05,149,3675,2749,200
community_bridge,0.05,150,2254,1835,200
community_bridge,0.05,151,3668,1898,200
community_bridge,0.05,152,2989,2160,200
community_bridge,0.05,153,2915,2204,200
community_bridge,0.05,154,3672,2684,200
community_bridge,0.05,155,2990,2432,200
community_bridge,0.05,156,2253,1579,200
community_bridge,0.05,157,3675,1772,200
community_bridge,0.05,158,3003,1902,200
community_bridge,0.05,159,2248,1767,200
community_bridge,0.05,160,3663,2825,200
community_bridge,0.05,161,2242,1642,200
community_bridge,0.05,162,3668,2331,200
community_bridge,0.05,163,2982,2239,200
community_bridge,0.05,164,3009,2253,200
community_bridge,0.05,165,3653,2827,200
community_bridge,0.05,166,3679,2095,200
community_bridge,0.05,167,2680,2277,200
community_bridge,0.05,168,2301,1441,200
community_bridge,0.05,169,2843,1630,200
community_bridge,0.05,170,1986,1637,200
community_bridge,0.05,171,2588,1541,200
community_bridge,0.05,172,3677,2810,200
community_bridge,0.05,173,2905,2198,200
community_bridge,0.05,174,3677,2735,200
community_bridge,0.05,175,3666,2180,200
community_bridge,0.05,176,2981,2194,200
community_bridge,0.05,177,2617,2193,200
community_bridge,0.05,178,2925,1561,200
community_bridge,0.05,179,2903,2440,200
community_bridge,0.05,180,3653,1906,200
community_bridge,0.05,181,2921,2102,200
community_bridge,0.05,182,3721,2180,200
community_bridge,0.05,183,1484,983,200
community_bridge,0.05,184,2247,1585,200
community_bridge,0.05,185,2249,1556,200
community_bridge,0.05,186,2260,1469,200
community_bridge,0.05,187,3667,2667,200
community_bridge,0.05,188,2974,2149,200
community_bridge,0.05,189,3629,2390,200
community_bridge,0.05,190,2908,2181,200
community_bridge,0.05,191,3652,2808,200
community_bridge,0.05,192,2241,1244,200
community_bridge,0.05,193,2229,1574,200
community_bridge,0.05,194,3535,1753,200
community_bridge,0.05,195,2913,2384,200
community_bridge,0.05,196,2914,2155,200
community_bridge,0.05,197,2985,1695,200
community_bridge,0.05,198,2493,1962,200
community_bridge,0.05,199,3670,2792,200
community_bridge,0.05,200,3357,2836,200
community_bridge,0.05,201,2995,2377,200
community_bridge,0.05,202,2613,2189,200
community_bridge,0.05,203,3667,2559,200
community_bridge,0.05,204,2689,2210,200
community_bridge,0.05,205,3672,2967,200
community_bridge,0.05,206,2603,2221,200
community_bridge,0.05,207,2254,1797,200
community_bridge,0.05,208,3009,1948,200
community_bridge,0.05,209,2675,2186,200
community_bridge,0.05,210,2975,2220,200
community_bridge,0.05,211,3666,2756,200
community_bridge,0.05,212,3671,2720,200
community_bridge,0.05,213,2981,2098,200
community_bridge,0.05,214,3658,2727,200
community_bridge,0.05,215,2906,2104,200
community_bridge,0.05,216,3006,2282,200
community_bridge,0.05,217,2984,2243,200
community_bridge,0.05,218,2970,2383,200
community_bridge,0.05,219,2995,2201,200
community_bridge,0.05,220,1429,1110,200
community_bridge,0.05,221,2981,2371,200
community_bridge,0.05,222,2183,1868,200
community_bridge,0.05,223,1943,1609,200
community_bridge,0.05,224,3669,3006,200
community_bridge,0.05,225,2980,1625,200
community_bridge,0.05,226,2993,1662,200
community_bridge,0.05,227,3669,2184,200
community_bridge,0.05,228,3664,2984,200
community_bridge,0.05,229,2991,2235,200
community_bridge,0.05,230,2933,2211,200
community_bridge,0.05,231,2919,2225,200
community_bridge,0.05,232,2246,1603,200
community_bridge,0.05,233,2999,2250,200
community_bridge,0.05,234,2918,2133,200
community_bridge,0.05,235,2906,2210,200
community_bridge,0.05,236,2995,2233,200
community_bridge,0.05,237,1427,1177,200
community_bridge,0.05,238,3677,2212,200
community_bridge,0.05,239,2908,2191,200
community_bridge,0.05,240,2905,2144,200
community_bridge,0.05,241,2929,2244,200
community_bridge,0.05,242,2220,1677,200
community_bridge,0.05,243,2486,2041,200
community_bridge,0.05,244,3665,2823,200
community_bridge,0.05,245,1060,869,200
community_bridge,0.05,246,1931,1558,200
community_bridge,0.05,247,3596,2190,200
community_bridge,0.05,248,3650,2194,200
community_bridge,0.05,249,1802,1275,200
community_bridge,0.05,250,2916,1866,200
community_bridge,0.05,251,1428,1245,200
community_bridge,0.05,252,2985,2347,200
community_bridge,0.05,253,2999,2306,200
community_bridge,0.05,254,2240,1803,200
community_bridge,0.05,255,2229,1604,200
community_bridge,0.05,256,2998,2206,200
community_bridge,0.05,257,2241,1584,200
community_bridge,0.05,258,3660,2623,200
community_bridge,0.05,259,3640,1894,200
community_bridge,0.05,260,1933,1530,200
community_bridge,0.05,261,3648,1964,200
community_bridge,0.05,262,2972,1606,200
community_bridge,0.05,263,2915,2326,200
community_bridge,0.05,264,2999,1876,200
community_bridge,0.05,265,2231,1687,200
community_bridge,0.05,266,3668,2925,200
community_bridge,0.05,267,798,671,200
community_bridge,0.05,268,2927,2209,200
community_bridge,0.05,269,2244,1524,200
community_bridge,0.05,270,2913,2191,200
community_bridge,0.05,271,2990,2404,200
community_bridge,0.05,272,3658,2761,200
community_bridge,0.05,273,2606,2186,200
community_bridge,0.05,274,2926,2380,200
community_bridge,0.05,275,1993,1673,200
community_bridge,0.05,276,2920,2145,200
community_bridge,0.05,277,2979,2216,200
community_bridge,0.05,278,2926,2188,200
community_bridge,0.05,279,2910,2176,200
community_bridge,0.05,280,2220,1747,200
community_bridge,0.05,281,3642,2424,200
community_bridge,0.05,282,2616,2202,200
community_bridge,0.05,283,1941,1654,200
community_bridge,0.05,284,3006,2361,200
community_bridge,0.05,285,2973,2154,200
community_bridge,0.05,286,3001,2182,200
community_bridge,0.05,287,3081,2303,200
community_bridge,0.05,288,2926,2203,200
community_bridge,0.05,289,3671,2813,200
community_bridge,0.05,290,2174,1818,200
community_bridge,0.05,291,2690,2262,200
community_bridge,0.05,292,2990,2272,200
community_bridge,0.05,293,2991,2446,200
community_bridge,0.05,294,2932,2356,200
community_bridge,0.05,295,2992,1677,200
community_bridge,0.05,296,2985,2205,200
community_bridge,0.05,297,3365,2745,200
community_bridge,0.05,298,2686,2222,200
community_bridge,0.05,299,2256,1850,200
community_bridge,0.05,300,1727,1355,200
community_bridge,0.05,301,1738,1182,200
community_bridge,0.05,302,2979,2296,200
community_bridge,0.05,303,3672,2855,200
community_bridge,0.05,304,3676,2882,200
community_bridge,0.05,305,2249,1493,200
community_bridge,0.05,306,2984,2269,200
community_bridge,0.05,307,2993,2174,200
community_bridge,0.05,308,1428,1237,200
community_bridge,0.05,309,2991,2468,200
community_bridge,0.05,310,2931,2059,200
community_bridge,0.05,311,3666,2810,200
community_bridge,0.05,312,3665,2044,200
community_bridge,0.05,313,2909,2143,200
community_bridge,0.05,314,2980,2063,200
community_bridge,0.05,315,3640,2831,200
community_bridge,0.05,316,3662,2160,200
community_bridge,0.05,317,2995,2373,200
community_bridge,0.05,318,3648,2597,200
community_bridge,0.05,319,2531,1852,200
community_bridge,0.05,320,3673,2527,200
community_bridge,0.05,321,3005,1751,200
community_bridge,0.05,322,2976,2243,200
community_bridge,0.05,323,3669,2775,200
community_bridge,0.05,324,3662,3072,200
community_bridge,0.05,325,2926,2258,200
community_bridge,0.05,326,2178,1818,200
community_bridge,0.05,327,2904,2388,200
community_bridge,0.05,328,2997,1543,200
community_bridge,0.05,329,2909,1971,200
community_bridge,0.05,330,2251,1723,200
community_bridge,0.05,331,3676,2209,200
community_bridge,0.05,332,2607,2162,200
community_bridge,0.05,333,2992,2083,200
community_bridge,0.05,334,3002,2423,200
community_bridge,0.05,335,2495,1709,200
community_bridge,0.05,336,3342,2819,200
community_bridge,0.05,337,2933,2113,200
community_bridge,0.05,338,3674,2614,200
community_bridge,0.05,339,3604,2117,200
community_bridge,0.05,340,2915,2177,200
community_bridge,0.05,341,2592,2049,200
community_bridge,0.05,342,2239,1572,200
community_bridge,0.05,343,3670,2719,200
community_bridge,0.05,344,2854,2076,200
community_bridge,0.05,345,2613,2200,200
community_bridge,0.05,346,2495,1487,200
community_bridge,0.05,347,1818,1231,200
community_bridge,0.05,348,2610,2175,200
community_bridge,0.05,349,1942,1586,200
community_bridge,0.05,350,3648,2759,200
community_bridge,0.05,351,2989,2377,200
community_bridge,0.05,352,2612,2177,200
community_bridge,0.05,353,3678,2704,200
community_bridge,0.05,354,2913,1544,200
community_bridge,0.05,355,2982,2269,200
community_bridge,0.05,356,2963,2399,200
community_bridge,0.05,357,1802,1494,200
community_bridge,0.05,358,1865,1546,200
community_bridge,0.05,359,2252,1798,200
community_bridge,0.05,360,1942,1622,200
community_bridge,0.05,361,2926,1808,200
community_bridge,0.05,362,2997,1845,200
community_bridge,0.05,363,2255,1736,200
community_bridge,0.05,364,3662,2293,200
community_bridge,0.05,365,2923,2245,200
community_bridge,0.05,366,2911,2201,200
community_bridge,0.05,367,2306,1591,200
community_bridge,0.05,368,3353,2763,200
community_bridge,0.05,369,1430,1228,200
community_bridge,0.05,370,2931,2175,200
community_bridge,0.05,371,2913,2347,200
community_bridge,0.05,372,2151,1760,200
community_bridge,0.05,373,2981,2261,200
community_bridge,0.05,374,3000,2235,200
community_bridge,0.05,375,1434,1180,200
community_bridge,0.05,376,1937,1636,200
community_bridge,0.05,377,2299,1831,200
community_bridge,0.05,378,3665,2982,200
community_bridge,0.05,379,3663,2432,200
community_bridge,0.05,380,2998,2166,200
community_bridge,0.05,381,2999,2260,200
community_bridge,0.05,382,3669,2800,200
community_bridge,0.05,383,3045,2411,200
community_bridge,0.05,384,3673,2855,200
community_bridge,0.05,385,2245,1701,200
community_bridge,0.05,386,2905,1839,200
community_bridge,0.05,387,1816,1492,200
community_bridge,0.05,388,3056,2154,200
community_bridge,0.05,389,2613,2066,200
community_bridge,0.05,390,2976,1654,200
community_bridge,0.05,391,2909,2389,200
community_bridge,0.05,392,2908,2201,200
community_bridge,0.05,393,2245,1600,200
community_bridge,0.05,394,1494,1302,200
community_bridge,0.05,395,2894,2187,200
community_bridge,0.05,396,3636,2824,200
community_bridge,0.05,397,3675,2031,200
community_bridge,0.05,398,2591,2104,200
community_bridge,0.05,399,3058,2313,200
community_bridge,0.05,400,2258,1639,200
community_bridge,0.05,401,2609,2092,200
community_bridge,0.05,402,2233,1555,200
community_bridge,0.05,403,3658,2794,200
community_bridge,0.05,404,2985,2333,200
community_bridge,0.05,405,2921,1711,200
community_bridge,0.05,406,2998,2395,200
community_bridge,0.05,407,3674,2820,200
community_bridge,0.05,408,2925,2389,200
community_bridge,0.05,409,2606,2176,200
community_bridge,0.05,410,2682,2224,200
community_bridge,0.05,411,3010,1834,200
community_bridge,0.05,412,2928,2139,200
community_bridge,0.05,413,3003,2144,200
community_bridge,0.05,414,3666,2710,200
community_bridge,0.05,415,2988,1537,200
community_bridge,0.05,416,2923,2326,200
community_bridge,0.05,417,2617,2186,200
community_bridge,0.05,418,2175,1527,200
community_bridge,0.05,419,2992,2262,200
community_bridge,0.05,420,2242,1588,200
community_bridge,0.05,421,3665,2652,200
community_bridge,0.05,422,1923,1576,200
community_bridge,0.05,423,2979,2250,200
community_bridge,0.05,424,2986,2199,200
community_bridge,0.05,425,2616,2173,200
community_bridge,0.05,426,3681,2173,200
community_bridge,0.05,427,3679,2764,200
community_bridge,0.05,428,2589,2108,200
community_bridge,0.05,429,2905,2139,200
community_bridge,0.05,430,2931,2130,200
community_bridge,0.05,431,2238,1837,200
community_bridge,0.05,432,1816,1304,200
community_bridge,0.05,433,3668,2451,200
community_bridge,0.05,434,2930,2411,200
community_bridge,0.05,435,3644,2158,200
community_bridge,0.05,436,3665,2174,200
community_bridge,0.05,437,2977,2365,200
community_bridge,0.05,438,2233,1778,200
community_bridge,0.05,439,2922,1620,200
community_bridge,0.05,440,2999,2402,200
community_bridge,0.05,441,3670,2810,200
community_bridge,0.05,442,1058,860,200
community_bridge,0.05,443,2234,1834,200
community_bridge,0.05,444,2929,1920,200
community_bridge,0.05,445,3005,2435,200
community_bridge,0.05,446,2484,1859,200
community_bridge,0.05,447,2922,2457,200
community_bridge,0.05,448,1563,1274,200
community_bridge,0.05,449,2925,1793,200
community_bridge,0.05,450,2916,1860,200
community_bridge,0.05,451,2918,2186,200
community_bridge,0.05,452,3674,2796,200
community_bridge,0.05,453,2611,2118,200
community_bridge,0.05,454,2679,2059,200
community_bridge,0.05,455,2245,1345,200
community_bridge,0.05,456,2247,1820,200
community_bridge,0.05,457,2686,2261,200
community_bridge,0.05,458,2888,2218,200
community_bridge,0.05,459,2999,2232,200
community_bridge,0.05,460,2998,1790,200
community_bridge,0.05,461,3676,2755,200
community_bridge,0.05,462,3680,2968,200
community_bridge,0.05,463,2489,1976,200
community_bridge,0.05,464,2233,1393,200
community_bridge,0.05,465,3675,3003,200
community_bridge,0.05,466,2185,1785,200
community_bridge,0.05,467,2241,1639,200
community_bridge,0.05,468,3643,2767,200
community_bridge,0.05,469,2231,1636,200
community_bridge,0.05,470,2915,2420,200
community_bridge,0.05,471,2179,1803,200
community_bridge,0.05,472,2986,2239,200
community_bridge,0.05,473,3004,1924,200
community_bridge,0.05,474,2169,1851,200
community_bridge,0.05,475,2243,1646,200
community_bridge,0.05,476,2920,2151,200
community_bridge,0.05,477,2990,1859,200
community_bridge,0.05,478,2247,1795,200
community_bridge,0.05,479,2986,2272,200
community_bridge,0.05,480,3008,2296,200
community_bridge,0.05,481,2915,2152,200
community_bridge,0.05,482,2984,1802,200
community_bridge,0.05,483,2696,2236,200
community_bridge,0.05,484,3672,2647,200
community_bridge,0.05,485,2923,2128,200
community_bridge,0.05,486,2998,2223,200
community_bridge,0.05,487,2843,2135,200
community_bridge,0.05,488,3669,2406,200
community_bridge,0.05,489,2975,2389,200
community_bridge,0.05,490,2998,2260,200
community_bridge,0.05,491,2928,1552,200
community_bridge,0.05,492,3662,2638,200
community_bridge,0.05,493,2999,1788,200
community_bridge,0.05,494,3009,2238,200
community_bridge,0.05,495,3651,2750,200
community_bridge,0.05,496,3364,2584,200
community_bridge,0.05,497,3660,3025,200
community_bridge,0.05,498,3656,1822,200
community_bridge,0.05,499,2239,1638,200
community_bridge,0.1,0,1880,1297,200
community_bridge,0.1,1,2130,1773,200
community_bridge,0.1,2,2615,2089,200
community_bridge,0.1,3,2423,1789,200
community_bridge,0.1,4,1499,1276,200
community_bridge,0.1,5,1872,1445,200
community_bridge,0.1,6,748,620,200
community_bridge,0.1,7,2067,1392,200
community_bridge,0.1,8,1994,1614,200
community_bridge,0.1,9,1109,987,200
community_bridge,0.1,10,2318,1675,200
community_bridge,0.1,11,2631,1993,200
community_bridge,0.1,12,2323,1863,200
community_bridge,0.1,13,2305,1829,200
community_bridge,0.1,14,3174,2296,200
community_bridge,0.1,15,1805,1190,200
community_bridge,0.1,16,1813,1293,200
community_bridge,0.1,17,1880,1548,200
community_bridge,0.1,18,2682,1853,200
community_bridge,0.1,19,2495,1899,200
community_bridge,0.1,20,1302,1098,200
community_bridge,0.1,21,2510,2111,200
community_bridge,0.1,22,2489,1971,200
community_bridge,0.1,23,2054,1538,200
community_bridge,0.1,24,2619,1588,200
community_bridge,0.1,25,1859,1023,200
community_bridge,0.1,26,1304,1065,200
community_bridge,0.1,27,1566,1311,200
community_bridge,0.1,28,2444,1777,200
community_bridge,0.1,29,2625,1498,200
community_bridge,0.1,30,2614,1833,200
community_bridge,0.1,31,2621,1736,200
community_bridge,0.1,32,2612,1928,200
community_bridge,0.1,33,2550,2109,200
community_bridge,0.1,34,1843,1590,200
community_bridge,0.1,35,1880,1417,200
community_bridge,0.1,36,3215,1637,200
community_bridge,0.1,37,2433,1851,200
community_bridge,0.1,38,1326,852,200
community_bridge,0.1,39,3175,1937,200
community_bridge,0.1,40,2802,2060,200
community_bridge,0.1,41,2513,1910,200
community_bridge,0.1,42,2120,1679,200
community_bridge,0.1,43,2051,1401,200
community_bridge,0.1,44,2604,1780,200
community_bridge,0.1,45,2499,1950,200
community_bridge,0.1,46,1611,1306,200
community_bridge,0.1,47,2606,2012,200
community_bridge,0.1,48,1474,1248,200
community_bridge,0.1,49,2444,1688,200
community_bridge,0.1,50,3166,2348,200
community_bridge,0.1,51,2117,1577,200
community_bridge,0.1,52,2491,1858,200
community_bridge,0.1,53,2576,1679,200
community_bridge,0.1,54,1120,971,200
community_bridge,0.1,55,1113,970,200
community_bridge,0.1,56,3171,2129,200
community_bridge,0.1,57,2309,1948,200
community_bridge,0.1,58,1492,1302,200
community_bridge,0.1,59,2467,1912,200
community_bridge,0.1,60,1811,1454,200
community_bridge,0.1,61,2230,1792,200
community_bridge,0.1,62,1252,1020,200
community_bridge,0.1,63,2328,1913,200
community_bridge,0.1,64,2674,1990,200
community_bridge,0.1,65,2612,2097,200
community_bridge,0.1,66,2133,1785,200
community_bridge,0.1,67,2295,1717,200
community_bridge,0.1,68,2298,1870,200
community_bridge,0.1,69,2118,1487,200
community_bridge,0.1,70,2071,1535,200
community_bridge,0.1,71,1876,1442,200
community_bridge,0.1,72,2316,1471,200
community_bridge,0.1,73,1753,1430,200
community_bridge,0.1,74,1285,1124,200
community_bridge,0.1,75,1987,1538,200
community_bridge,0.1,76,2615,2059,200
community_bridge,0.1,77,3165,2291,200
community_bridge,0.1,78,2620,1775,200
community_bridge,0.1,79,2564,1373,200
community_bridge,0.1,80,1526,1296,200
community_bridge,0.1,81,1120,955,200
community_bridge,0.1,82,2626,1765,200
community_bridge,0.1,83,2320,1914,200
community_bridge,0.1,84,2060,1302,200
community_bridge,0.1,85,3159,2577,200
community_bridge,0.1,86,2499,2057,200
community_bridge,0.1,87,2047,1705,200
community_bridge,0.1,88,3179,2164,200
community_bridge,0.1,89,2060,1137,200
community_bridge,0.1,90,3149,2279,200
community_bridge,0.1,91,2861,2221,200
community_bridge,0.1,92,2614,1864,200
community_bridge,0.1,93,2309,1863,200
community_bridge,0.1,94,1867,1283,200
community_bridge,0.1,95,2617,1776,200
community_bridge,0.1,96,2168,1778,200
community_bridge,0.1,97,1566,1270,200
community_bridge,0.1,98,2113,1545,200
community_bridge,0.1,99,1625,1346,200
community_bridge,0.1,100,2114,1735,200
community_bridge,0.1,101,1856,1293,200
community_bridge,0.1,102,2736,1735,200
community_bridge,0.1,103,3368,2500,200
community_bridge,0.1,104,1313,1120,200
community_bridge,0.1,105,2112,1451,200
community_bridge,0.1,106,2923,2254,200
community_bridge,0.1,107,2433,1707,200
community_bridge,0.1,108,1296,1098,200
community_bridge,0.1,109,1483,1271,200
community_bridge,0.1,110,2313,1804,200
community_bridge,0.1,111,1890,1240,200
community_bridge,0.1,112,1864,1591,200
community_bridge,0.1,113,2061,1443,200
community_bridge,0.1,114,2417,1850,200
community_bridge,0.1,115,2618,1641,200
community_bridge,0.1,116,1888,1476,200
community_bridge,0.1,117,1920,1311,200
community_bridge,0.1,118,2598,2054,200
community_bridge,0.1,119,2137,1628,200
community_bridge,0.1,120,2621,1881,200
community_bridge,0.1,121,2840,2268,200
community_bridge,0.1,122,2249,1527,200
community_bridge,0.1,123,1969,1221,200
community_bridge,0.1,124,2621,1930,200
community_bridge,0.1,125,2628,1897,200
community_bridge,0.1,126,2302,1819,200
community_bridge,0.1,127,2860,2242,200
community_bridge,0.1,128,2127,1564,200
community_bridge,0.1,129,1580,1358,200
community_bridge,0.1,130,2299,1712,200
community_bridge,0.1,131,2113,1426,200
community_bridge,0.1,132,2869,1925,200
community_bridge,0.1,133,2615,2016,200
community_bridge,0.1,134,1910,1630,200
community_bridge,0.1,135,2594,1930,200
community_bridge,0.1,136,1866,1568,200
community_bridge,0.1,137,1319,978,200
community_bridge,0.1,138,2053,1545,200
community_bridge,0.1,139,2296,1885,200
community_bridge,0.1,140,2631,1956,200
community_bridge,0.1,141,1800,1396,200
community_bridge,0.1,142,2068,1650,200
community_bridge,0.1,143,2428,1726,200
community_bridge,0.1,144,1862,1573,200
community_bridge,0.1,145,1867,1116,200
community_bridge,0.1,146,2600,1998,200
community_bridge,0.1,147,1811,1473,200
community_bridge,0.1,148,2613,1969,200
community_bridge,0.1,149,2056,1633,200
community_bridge,0.1,150,1297,980,200
community_bridge,0.1,151,3345,2125,200
community_bridge,0.1,152,1881,1321,200
community_bridge,0.1,153,1971,1406,200
community_bridge,0.1,154,2240,1775,200
community_bridge,0.1,155,2593,2093,200
community_bridge,0.1,156,1902,1222,200
community_bridge,0.1,157,3170,2155,200
community_bridge,0.1,158,3165,2429,200
community_bridge,0.1,159,2617,1784,200
community_bridge,0.1,160,2115,1710,200
community_bridge,0.1,161,2416,1664,200
community_bridge,0.1,162,2867,1965,200
community_bridge,0.1,163,1803,1468,200
community_bridge,0.1,164,2101,1389,200
community_bridge,0.1,165,608,535,200
community_bridge,0.1,166,2476,1981,200
community_bridge,0.1,167,1882,1207,200
community_bridge,0.1,168,1100,771,200
community_bridge,0.1,169,747,628,200
community_bridge,0.1,170,2618,1959,200
community_bridge,0.1,171,2777,2248,200
community_bridge,0.1,172,1758,1423,200
community_bridge,0.1,173,2415,1533,200
community_bridge,0.1,174,2855,2328,200
community_bridge,0.1,175,2588,1868,200
community_bridge,0.1,176,2676,2040,200
community_bridge,0.1,177,2612,1779,200
community_bridge,0.1,178,2638,1590,200
community_bridge,0.1,179,1312,995,200
community_bridge,0.1,180,2430,1740,200
community_bridge,0.1,181,2118,1640,200
community_bridge,0.1,182,2069,1333,200
community_bridge,0.1,183,2608,1536,200
community_bridge,0.1,184,2074,1444,200
community_bridge,0.1,185,1311,1076,200
community_bridge,0.1,186,2065,1480,200
community_bridge,0.1,187,2323,1704,200
community_bridge,0.1,188,2816,2103,200
community_bridge,0.1,189,2801,1856,200
community_bridge,0.1,190,2630,1873,200
community_bridge,0.1,191,1862,1588,200
community_bridge,0.1,192,1935,1338,200
community_bridge,0.1,193,2624,1911,200
community_bridge,0.1,194,997,771,200
community_bridge,0.1,195,2425,1514,200
community_bridge,0.1,196,2122,1685,200
community_bridge,0.1,197,2504,2009,200
community_bridge,0.1,198,2059,1271,200
community_bridge,0.1,199,1923,1639,200
community_bridge,0.1,200,780,670,200
community_bridge,0.1,201,2295,1922,200
community_bridge,0.1,202,3089,2117,200
community_bridge,0.1,203,1302,1128,200
community_bridge,0.1,204,2059,1619,200
community_bridge,0.1,205,2475,1811,200
community_bridge,0.1,206,3165,2068,200
community_bridge,0.1,207,2633,2042,200
community_bridge,0.1,208,2094,1306,200
community_bridge,0.1,209,2315,1577,200
community_bridge,0.1,210,1633,1318,200
community_bridge,0.1,211,1298,1112,200
community_bridge,0.1,212,1865,1595,200
community_bridge,0.1,213,849,642,200
community_bridge,0.1,214,1868,1401,200
community_bridge,0.1,215,2922,2361,200
community_bridge,0.1,216,2324,1799,200
community_bridge,0.1,217,2059,1430,200
community_bridge,0.1,218,2292,1932,200
community_bridge,0.1,219,2624,2119,200
community_bridge,0.1,220,2605,1289,200
community_bridge,0.1,221,3135,2440,200
community_bridge,0.1,222,2248,1787,200
community_bridge,0.1,223,2060,1613,200
community_bridge,0.1,224,1879,1292,200
community_bridge,0.1,225,2630,1909,200
community_bridge,0.1,226,2613,1800,200
community_bridge,0.1,227,1763,1366,200
community_bridge,0.1,228,3342,2465,200
community_bridge,0.1,229,1859,1580,200
community_bridge,0.1,230,2621,1958,200
community_bridge,0.1,231,2044,1450,200
community_bridge,0.1,232,3177,2436,200
community_bridge,0.1,233,1953,1270,200
community_bridge,0.1,234,2618,2106,200
community_bridge,0.1,235,2484,1817,200
community_bridge,0.1,236,3069,2534,200
community_bridge,0.1,237,1312,1147,200
community_bridge,0.1,238,1865,1350,200
community_bridge,0.1,239,1300,1126,200
community_bridge,0.1,240,2624,1887,200
community_bridge,0.1,241,2623,1847,200
community_bridge,0.1,242,2630,1488,200
community_bridge,0.1,243,2813,1924,200
community_bridge,0.1,244,1862,1370,200
community_bridge,0.1,245,1748,1284,200
community_bridge,0.1,246,1507,959,200
community_bridge,0.1,247,2491,1776,200
community_bridge,0.1,248,2425,1778,200
community_bridge,0.1,249,2176,1669,200
community_bridge,0.1,250,2326,1992,200
community_bridge,0.1,251,3171,2065,200
community_bridge,0.1,252,2069,1554,200
community_bridge,0.1,253,3176,2338,200
community_bridge,0.1,254,2429,1871,200
community_bridge,0.1,255,3143,2248,200
community_bridge,0.1,256,1881,1326,200
community_bridge,0.1,257,2605,1945,200
community_bridge,0.1,258,2432,1730,200
community_bridge,0.1,259,1843,1249,200
community_bridge,0.1,260,2447,1716,200
community_bridge,0.1,261,2441,1845,200
community_bridge,0.1,262,2632,1837,200
community_bridge,0.1,263,2038,1788,200
community_bridge,0.1,264,2623,1987,200
community_bridge,0.1,265,2041,1274,200
community_bridge,0.1,266,2389,1891,200
community_bridge,0.1,267,3173,2355,200
community_bridge,0.1,268,2047,1660,200
community_bridge,0.1,269,2614,1954,200
community_bridge,0.1,270,3160,2290,200
community_bridge,0.1,271,1855,1561,200
community_bridge,0.1,272,1751,1461,200
community_bridge,0.1,273,3169,2382,200
community_bridge,0.1,274,2324,1764,200
community_bridge,0.1,275,1806,1461,200
community_bridge,0.1,276,2436,1606,200
community_bridge,0.1,277,3153,2159,200
community_bridge,0.1,278,1335,1157,200
community_bridge,0.1,279,2680,2035,200
community_bridge,0.1,280,1500,1266,200
community_bridge,0.1,281,1878,1296,200
community_bridge,0.1,282,1611,1258,200
community_bridge,0.1,283,2427,1516,200
community_bridge,0.1,284,2616,1961,200
community_bridge,0.1,285,1752,1405,200
community_bridge,0.1,286,2626,1818,200
community_bridge,0.1,287,2807,1984,200
community_bridge,0.1,288,2098,1806,200
community_bridge,0.1,289,1532,1290,200
community_bridge,0.1,290,2067,1388,200
community_bridge,0.1,291,2624,1899,200
community_bridge,0.1,292,2677,1894,200
community_bridge,0.1,293,1246,1026,200
community_bridge,0.1,294,2608,1920,200
community_bridge,0.1,295,1318,1052,200
community_bridge,0.1,296,2289,1887,200
community_bridge,0.1,297,2049,1603,200
community_bridge,0.1,298,2050,1644,200
community_bridge,0.1,299,2033,1374,200
community_bridge,0.1,300,1876,1474,200
community_bridge,0.1,301,1842,1138,200
community_bridge,0.1,302,2617,1850,200
community_bridge,0.1,303,2440,1778,200
community_bridge,0.1,304,2623,1899,200
community_bridge,0.1,305,3168,2225,200
community_bridge,0.1,306,3151,2278,200
community_bridge,0.1,307,1404,1007,200
community_bridge,0.1,308,2110,1679,200
community_bridge,0.1,309,2122,1687,200
community_bridge,0.1,310,2053,1425,200
community_bridge,0.1,311,2050,1671,200
community_bridge,0.1,312,1308,1108,200
community_bridge,0.1,313,1753,1456,200
community_bridge,0.1,314,1847,1396,200
community_bridge,0.1,315,2035,1747,200
community_bridge,0.1,316,2668,1932,200
community_bridge,0.1,317,1750,1473,200
community_bridge,0.1,318,2415,1704,200
community_bridge,0.1,319,787,680,200
community_bridge,0.1,320,2287,1547,200
community_bridge,0.1,321,2510,1832,200
community_bridge,0.1,322,2622,1905,200
community_bridge,0.1,323,2594,1934,200
community_bridge,0.1,324,3219,1779,200
community_bridge,0.1,325,1934,1523,200
community_bridge,0.1,326,2610,2057,200
community_bridge,0.1,327,2220,1557,200
community_bridge,0.1,328,2433,1757,200
community_bridge,0.1,329,2616,1873,200
community_bridge,0.1,330,1490,1239,200
community_bridge,0.1,331,1602,1322,200
community_bridge,0.1,332,2813,1965,200
community_bridge,0.1,333,2618,2115,200
community_bridge,0.1,334,2433,1560,200
community_bridge,0.1,335,2082,1437,200
community_bridge,0.1,336,2439,1930,200
community_bridge,0.1,337,2052,1751,200
community_bridge,0.1,338,1883,1507,200
community_bridge,0.1,339,1474,1267,200
community_bridge,0.1,340,2079,1372,200
community_bridge,0.1,341,2318,1630,200
community_bridge,0.1,342,2622,1898,200
community_bridge,0.1,343,1635,1395,200
community_bridge,0.1,344,1592,1327,200
community_bridge,0.1,345,2629,1923,200
community_bridge,0.1,346,2253,1691,200
community_bridge,0.1,347,2626,1897,200
community_bridge,0.1,348,3221,2316,200
community_bridge,0.1,349,1882,1453,200
community_bridge,0.1,350,2408,1760,200
community_bridge,0.1,351,2495,2025,200
community_bridge,0.1,352,1283,1127,200
community_bridge,0.1,353,1666,1369,200
community_bridge,0.1,354,1855,1556,200
community_bridge,0.1,355,1469,1271,200
community_bridge,0.1,356,1161,956,200
community_bridge,0.1,357,2431,1578,200
community_bridge,0.1,358,2432,1584,200
community_bridge,0.1,359,2476,1813,200
community_bridge,0.1,360,1804,1531,200
community_bridge,0.1,361,2124,1654,200
community_bridge,0.1,362,2627,1935,200
community_bridge,0.1,363,1308,1126,200
community_bridge,0.1,364,2433,1544,200
community_bridge,0.1,365,2049,1573,200
community_bridge,0.1,366,1568,1208,200
community_bridge,0.1,367,2113,1467,200
community_bridge,0.1,368,2624,1925,200
community_bridge,0.1,369,2491,2073,200
community_bridge,0.1,370,2615,2086,200
community_bridge,0.1,371,1950,1653,200
community_bridge,0.1,372,2627,1880,200
community_bridge,0.1,373,1749,1377,200
community_bridge,0.1,374,2054,1033,200
community_bridge,0.1,375,2044,1608,200
community_bridge,0.1,376,2238,1425,200
community_bridge,0.1,377,2054,1110,200
community_bridge,0.1,378,1867,1623,200
community_bridge,0.1,379,3366,1810,200
community_bridge,0.1,380,2439,1761,200
community_bridge,0.1,381,2804,1981,200
community_bridge,0.1,382,1557,1325,200
community_bridge,0.1,383,1559,1254,200
community_bridge,0.1,384,2045,1557,200
community_bridge,0.1,385,2301,1820,200
community_bridge,0.1,386,1848,1580,200
community_bridge,0.1,387,1318,1045,200
community_bridge,0.1,388,2318,1848,200
community_bridge,0.1,389,2066,1402,200
community_bridge,0.1,390,2434,1778,200
community_bridge,0.1,391,2818,2256,200
community_bridge,0.1,392,1765,1320,200
community_bridge,0.1,393,2602,2005,200
community_bridge,0.1,394,2115,1097,200
community_bridge,0.1,395,1476,1263,200
community_bridge,0.1,396,2431,1785,200
community_bridge,0.1,397,2876,1842,200
community_bridge,0.1,398,1886,1281,200
community_bridge,0.1,399,2060,1421,200
community_bridge,0.1,400,1856,1604,200
community_bridge,0.1,401,1920,1573,200
community_bridge,0.1,402,1322,1125,200
community_bridge,0.1,403,2060,1325,200
community_bridge,0.1,404,3361,2368,200
community_bridge,0.1,405,2041,1523,200
community_bridge,0.1,406,2622,1983,200
community_bridge,0.1,407,1843,997,200
community_bridge,0.1,408,2066,1512,200
community_bridge,0.1,409,2059,1457,200
community_bridge,0.1,410,1665,1175,200
community_bridge,0.1,411,2042,1779,200
community_bridge,0.1,412,2602,1901,200
community_bridge,0.1,413,2060,1516,200
community_bridge,0.1,414,2315,1763,200
community_bridge,0.1,415,2471,1889,200
community_bridge,0.1,416,2073,1481,200
community_bridge,0.1,417,2066,1397,200
community_bridge,0.1,418,2314,1636,200
community_bridge,0.1,419,2629,1955,200
community_bridge,0.1,420,2368,1903,200
community_bridge,0.1,421,2606,1950,200
community_bridge,0.1,422,1292,1115,200
community_bridge,0.1,423,1883,1452,200
community_bridge,0.1,424,2590,1870,200
community_bridge,0.1,425,2424,1741,200
community_bridge,0.1,426,2300,1774,200
community_bridge,0.1,427,2065,1473,200
community_bridge,0.1,428,2619,1839,200
community_bridge,0.1,429,1300,1138,200
community_bridge,0.1,430,1942,1432,200
community_bridge,0.1,431,1882,1590,200
community_bridge,0.1,432,1623,1319,200
community_bridge,0.1,433,2788,2021,200
community_bridge,0.1,434,2313,1925,200
community_bridge,0.1,435,2603,1846,200
community_bridge,0.1,436,2159,1662,200
community_bridge,0.1,437,2130,1736,200
community_bridge,0.1,438,2625,2036,200
community_bridge,0.1,439,1871,1299,200
community_bridge,0.1,440,2629,1937,200
community_bridge,0.1,441,2620,1783,200
community_bridge,0.1,442,2600,1816,200
community_bridge,0.1,443,1619,1318,200
community_bridge,0.1,444,2121,1722,200
community_bridge,0.1,445,2316,1654,200
community_bridge,0.1,446,1866,1482,200
community_bridge,0.1,447,2634,2162,200
community_bridge,0.1,448,2860,2310,200
community_bridge,0.1,449,2322,1816,200
community_bridge,0.1,450,2254,1670,200
community_bridge,0.1,451,3024,2464,200
community_bridge,0.1,452,2053,1598,200
community_bridge,0.1,453,2601,1434,200
community_bridge,0.1,454,2134,1713,200
community_bridge,0.1,455,2625,1817,200
community_bridge,0.1,456,2595,1906,200
community_bridge,0.1,457,1866,1267,200
community_bridge,0.1,458,1857,1560,200
community_bridge,0.1,459,2318,1957,200
community_bridge,0.1,460,1931,1337,200
community_bridge,0.1,461,1414,1207,200
community_bridge,0.1,462,1860,1572,200
community_bridge,0.1,463,2050,1484,200
community_bridge,0.1,464,3069,2406,200
community_bridge,0.1,465,929,812,200
community_bridge,0.1,466,2878,1980,200
community_bridge,0.1,467,2618,1853,200
community_bridge,0.1,468,3229,2458,200
community_bridge,0.1,469,3154,2187,200
community_bridge,0.1,470,2318,1535,200
community_bridge,0.1,471,1334,803,200
community_bridge,0.1,472,1873,1083,200
community_bridge,0.1,473,1939,1537,200
community_bridge,0.1,474,1863,1257,200
community_bridge,0.1,475,2741,1868,200
community_bridge,0.1,476,1510,1153,200
community_bridge,0.1,477,2066,1457,200
community_bridge,0.1,478,2411,1783,200
community_bridge,0.1,479,2607,1784,200
community_bridge,0.1,480,2064,1639,200
community_bridge,0.1,481,3178,1777,200
community_bridge,0.1,482,3187,2293,200
community_bridge,0.1,483,2110,1439,200
community_bridge,0.1,484,2778,2045,200
community_bridge,0.1,485,1865,1603,200
community_bridge,0.1,486,1543,1195,200
community_bridge,0.1,487,1297,1142,200
community_bridge,0.1,488,1880,1502,200
community_bridge,0.1,489,2322,1897,200
community_bridge,0.1,490,2075,1599,200
community_bridge,0.1,491,2655,2061,200
community_bridge,0.1,492,1863,1532,200
community_bridge,0.1,493,2098,1601,200
community_bridge,0.1,494,2610,1937,200
community_bridge,0.1,495,1308,996,200
community_bridge,0.1,496,2626,1533,200
community_bridge,0.1,497,2813,1569,200
community_bridge,0.1,498,1916,1057,200
community_bridge,0.1,499,2633,2153,200
community_bridge,0.15,0,1442,1218,200
community_bridge,0.15,1,1968,1487,200
community_bridge,0.15,2,885,722,200
community_bridge,0.15,3,1689,1153,200
community_bridge,0.15,4,1744,1416,200
community_bridge,0.15,5,1527,1249,200
community_bridge,0.15,6,1626,1342,200
community_bridge,0.15,7,2362,1872,200
community_bridge,0.15,8,1616,1213,200
community_bridge,0.15,9,1389,974,200
community_bridge,0.15,10,1293,1025,200
community_bridge,0.15,11,1730,1249,200
community_bridge,0.15,12,1640,1055,200
community_bridge,0.15,13,1621,1144,200
community_bridge,0.15,14,1656,1220,200
community_bridge,0.15,15,1576,1210,200
community_bridge,0.15,16,2496,1798,200
community_bridge,0.15,17,1098,919,200
community_bridge,0.15,18,1405,1172,200
community_bridge,0.15,19,756,641,200
community_bridge,0.15,20,1407,1060,200
community_bridge,0.15,21,2572,1703,200
community_bridge,0.15,22,1330,917,200
community_bridge,0.15,23,1856,1418,200
community_bridge,0.15,24,1619,1364,200
community_bridge,0.15,25,1780,1331,200
community_bridge,0.15,26,2354,1700,200
community_bridge,0.15,27,1606,1104,200
community_bridge,0.15,28,1289,1035,200
community_bridge,0.15,29,1962,1427,200
community_bridge,0.15,30,1324,881,200
community_bridge,0.15,31,1350,1076,200
community_bridge,0.15,32,1039,847,200
community_bridge,0.15,33,1788,1510,200
community_bridge,0.15,34,2285,1675,200
community_bridge,0.15,35,2122,1511,200
community_bridge,0.15,36,1799,1482,200
community_bridge,0.15,37,1573,1296,200
community_bridge,0.15,38,1975,1471,200
community_bridge,0.15,39,1554,1199,200
community_bridge,0.15,40,1781,1369,200
community_bridge,0.15,41,2122,1618,200
community_bridge,0.15,42,1196,872,200
community_bridge,0.15,43,2033,1573,200
community_bridge,0.15,44,1778,1249,200
community_bridge,0.15,45,1618,1401,200
community_bridge,0.15,46,1563,1139,200
community_bridge,0.15,47,1549,1177,200
community_bridge,0.15,48,833,637,200
community_bridge,0.15,49,1565,1234,200
community_bridge,0.15,50,1496,1126,200
community_bridge,0.15,51,1383,1084,200
community_bridge,0.15,52,1574,1202,200
community_bridge,0.15,53,1437,1164,200
community_bridge,0.15,54,725,611,200
community_bridge,0.15,55,1412,1127,200
community_bridge,0.15,56,1936,1474,200
community_bridge,0.15,57,1853,1473,200
community_bridge,0.15,58,1618,1361,200
community_bridge,0.15,59,2125,1454,200
community_bridge,0.15,60,2084,1501,200
community_bridge,0.15,61,1057,866,200
community_bridge,0.15,62,1285,929,200
community_bridge,0.15,63,1818,1440,200
community_bridge,0.15,64,1446,1221,200
community_bridge,0.15,65,2095,1488,200
community_bridge,0.15,66,1977,1578,200
community_bridge,0.15,67,1613,1323,200
community_bridge,0.15,68,1220,946,200
community_bridge,0.15,69,1118,918,200
community_bridge,0.15,70,1316,1004,200
community_bridge,0.15,71,1830,1491,200
community_bridge,0.15,72,1285,1025,200
community_bridge,0.15,73,1295,1075,200
community_bridge,0.15,74,1485,1249,200
community_bridge,0.15,75,1956,1429,200
community_bridge,0.15,76,1543,942,200
community_bridge,0.15,77,855,606,200
community_bridge,0.15,78,1012,829,200
community_bridge,0.15,79,1433,1195,200
community_bridge,0.15,80,2158,1503,200
community_bridge,0.15,81,2210,1689,200
community_bridge,0.15,82,1661,1363,200
community_bridge,0.15,83,1591,996,200
community_bridge,0.15,84,1053,824,200
community_bridge,0.15,85,1546,1074,200
community_bridge,0.15,86,1222,1021,200
community_bridge,0.15,87,1571,1327,200
community_bridge,0.15,88,1776,1311,200
community_bridge,0.15,89,1263,1032,200
community_bridge,0.15,90,1483,1269,200
community_bridge,0.15,91,1790,1252,200
community_bridge,0.15,92,1816,1274,200
community_bridge,0.15,93,1786,1266,200
community_bridge,0.15,94,1576,1262,200
community_bridge,0.15,95,1596,1250,200
community_bridge,0.15,96,1785,1313,200
community_bridge,0.15,97,1760,1186,200
community_bridge,0.15,98,1525,1193,200
community_bridge,0.15,99,1929,1312,200
community_bridge,0.15,100,1385,1138,200
community_bridge,0.15,101,2129,1382,200
community_bridge,0.15,102,2082,1536,200
community_bridge,0.15,103,1623,1342,200
community_bridge,0.15,104,2163,1628,200
community_bridge,0.15,105,2296,1627,200
community_bridge,0.15,106,1632,1233,200
community_bridge,0.15,107,1638,1221,200
community_bridge,0.15,108,1932,1370,200
community_bridge,0.15,109,1595,1237,200
community_bridge,0.15,110,2100,1615,200
community_bridge,0.15,111,1673,1388,200
community_bridge,0.15,112,1968,1377,200
community_bridge,0.15,113,1608,1370,200
community_bridge,0.15,114,1300,982,200
community_bridge,0.15,115,1412,1082,200
community_bridge,0.15,116,2321,1621,200
community_bridge,0.15,117,872,722,200
community_bridge,0.15,118,2299,1658,200
community_bridge,0.15,119,2157,1751,200
community_bridge,0.15,120,1981,1422,200
community_bridge,0.15,121,1785,1360,200
community_bridge,0.15,122,1548,1029,200
community_bridge,0.15,123,1638,1338,200
community_bridge,0.15,124,1349,1097,200
community_bridge,0.15,125,2299,1730,200
community_bridge,0.15,126,1319,988,200
community_bridge,0.15,127,1544,1054,200
community_bridge,0.15,128,1296,1090,200
community_bridge,0.15,129,1847,1495,200
community_bridge,0.15,130,1621,1368,200
community_bridge,0.15,131,1433,1038,200
community_bridge,0.15,132,1983,1429,200
community_bridge,0.15,133,1285,1091,200
community_bridge,0.15,134,1386,1068,200
community_bridge,0.15,135,1425,1228,200
community_bridge,0.15,136,1422,1046,200
community_bridge,0.15,137,1748,1242,200
community_bridge,0.15,138,2222,1687,200
community_bridge,0.15,139,1379,1067,200
community_bridge,0.15,140,2314,1665,200
community_bridge,0.15,141,1980,1496,200
community_bridge,0.15,142,1798,1209,200
community_bridge,0.15,143,1440,1057,200
community_bridge,0.15,144,1936,1385,200
community_bridge,0.15,145,1602,1221,200
community_bridge,0.15,146,1547,1075,200
community_bridge,0.15,147,2118,1678,200
community_bridge,0.15,148,1577,1035,200
community_bridge,0.15,149,2203,1857,200
community_bridge,0.15,150,2209,1570,200
community_bridge,0.15,151,1770,1409,200
community_bridge,0.15,152,1837,1247,200
community_bridge,0.15,153,1846,1381,200
community_bridge,0.15,154,2120,1739,200
community_bridge,0.15,155,1788,1294,200
community_bridge,0.15,156,1928,1257,200
community_bridge,0.15,157,1246,1073,200
community_bridge,0.15,158,1379,994,200
community_bridge,0.15,159,2600,1778,200
community_bridge,0.15,160,2086,1487,200
community_bridge,0.15,161,1340,1151,200
community_bridge,0.15,162,1820,1371,200
community_bridge,0.15,163,1836,1565,200
community_bridge,0.15,164,1717,1427,200
community_bridge,0.15,165,1610,1076,200
community_bridge,0.15,166,2542,1814,200
community_bridge,0.15,167,1621,1202,200
community_bridge,0.15,168,1615,1323,200
community_bridge,0.15,169,1883,1390,200
community_bridge,0.15,170,1177,921,200
community_bridge,0.15,171,1187,825,200
community_bridge,0.15,172,2111,1582,200
community_bridge,0.15,173,1596,1294,200
community_bridge,0.15,174,1953,1576,200
community_bridge,0.15,175,1130,817,200
community_bridge,0.15,176,1187,884,200
community_bridge,0.15,177,1451,1010,200
community_bridge,0.15,178,1294,1094,200
community_bridge,0.15,179,2183,1582,200
community_bridge,0.15,180,1291,977,200
community_bridge,0.15,181,2320,1462,200
community_bridge,0.15,182,1576,1269,200
community_bridge,0.15,183,2345,1675,200
community_bridge,0.15,184,1425,1189,200
community_bridge,0.15,185,2076,1514,200
community_bridge,0.15,186,818,592,200
community_bridge,0.15,187,2518,2049,200
community_bridge,0.15,188,1783,1508,200
community_bridge,0.15,189,1410,1111,200
community_bridge,0.15,190,1290,1100,200
community_bridge,0.15,191,1246,767,200
community_bridge,0.15,192,1343,1112,200
community_bridge,0.15,193,1975,1535,200
community_bridge,0.15,194,2642,1889,200
community_bridge,0.15,195,1037,740,200
community_bridge,0.15,196,1397,1166,200
community_bridge,0.15,197,2107,1533,200
community_bridge,0.15,198,1417,1083,200
community_bridge,0.15,199,1814,1529,200
community_bridge,0.15,200,884,742,200
community_bridge,0.15,201,1230,911,200
community_bridge,0.15,202,1777,1510,200
community_bridge,0.15,203,1972,1388,200
community_bridge,0.15,204,1370,760,200
community_bridge,0.15,205,1365,1065,200
community_bridge,0.15,206,1906,1585,200
community_bridge,0.15,207,1244,1028,200
community_bridge,0.15,208,1880,1228,200
community_bridge,0.15,209,1362,904,200
community_bridge,0.15,210,2066,1498,200
community_bridge,0.15,211,2133,1689,200
community_bridge,0.15,212,1588,1182,200
community_bridge,0.15,213,2062,1530,200
community_bridge,0.15,214,1844,1530,200
community_bridge,0.15,215,1367,1057,200
community_bridge,0.15,216,810,513,200
community_bridge,0.15,217,1599,1366,200
community_bridge,0.15,218,1068,856,200
community_bridge,0.15,219,1793,1153,200
community_bridge,0.15,220,2162,1716,200
community_bridge,0.15,221,1828,1378,200
community_bridge,0.15,222,1686,1168,200
community_bridge,0.15,223,2409,1637,200
community_bridge,0.15,224,1834,1487,200
community_bridge,0.15,225,1952,1483,200
community_bridge,0.15,226,1543,1083,200
community_bridge,0.15,227,1795,1390,200
community_bridge,0.15,228,1637,1420,200
community_bridge,0.15,229,2160,1583,200
community_bridge,0.15,230,2118,1574,200
community_bridge,0.15,231,1971,1487,200
community_bridge,0.15,232,2372,1769,200
community_bridge,0.15,233,1620,1247,200
community_bridge,0.15,234,2475,1794,200
community_bridge,0.15,235,2481,1821,200
community_bridge,0.15,236,1260,1111,200
community_bridge,0.15,237,1568,1315,200
community_bridge,0.15,238,1623,1194,200
community_bridge,0.15,239,1814,1292,200
community_bridge,0.15,240,1078,768,200
community_bridge,0.15,241,2163,1638,200
community_bridge,0.15,242,2054,1293,200
community_bridge,0.15,243,1640,1370,200
community_bridge,0.15,244,1229,982,200
community_bridge,0.15,245,1465,1260,200
community_bridge,0.15,246,2114,1459,200
community_bridge,0.15,247,1871,1442,200
community_bridge,0.15,248,1832,1282,200
community_bridge,0.15,249,2002,1599,200
community_bridge,0.15,250,1925,1552,200
community_bridge,0.15,251,1935,1196,200
community_bridge,0.15,252,1812,1522,200
community_bridge,0.15,253,1804,1398,200
community_bridge,0.15,254,1574,1231,200
community_bridge,0.15,255,1559,1226,200
community_bridge,0.15,256,2346,1833,200
community_bridge,0.15,257,1923,1350,200
community_bridge,0.15,258,1412,1020,200
community_bridge,0.15,259,694,588,200
community_bridge,0.15,260,1068,673,200
community_bridge,0.15,261,2174,1765,200
community_bridge,0.15,262,2122,1733,200
community_bridge,0.15,263,875,689,200
community_bridge,0.15,264,1920,1503,200
community_bridge,0.15,265,1333,875,200
community_bridge,0.15,266,1717,1436,200
community_bridge,0.15,267,1537,1280,200
community_bridge,0.15,268,2315,1928,200
community_bridge,0.15,269,1615,1331,200
community_bridge,0.15,270,2088,1402,200
community_bridge,0.15,271,1626,1358,200
community_bridge,0.15,272,1355,1122,200
community_bridge,0.15,273,2128,1639,200
community_bridge,0.15,274,2431,1825,200
community_bridge,0.15,275,1965,1386,200
community_bridge,0.15,276,2233,1830,200
community_bridge,0.15,277,1591,1347,200
community_bridge,0.15,278,1051,860,200
community_bridge,0.15,279,1617,1172,200
community_bridge,0.15,280,1383,1068,200
community_bridge,0.15,281,1298,925,200
community_bridge,0.15,282,1804,1173,200
community_bridge,0.15,283,1346,1063,200
community_bridge,0.15,284,2164,1503,200
community_bridge,0.15,285,1975,1521,200
community_bridge,0.15,286,2151,1586,200
community_bridge,0.15,287,551,431,200
community_bridge,0.15,288,1351,1056,200
community_bridge,0.15,289,1087,893,200
community_bridge,0.15,290,1548,1044,200
community_bridge,0.15,291,1593,1132,200
community_bridge,0.15,292,1430,1129,200
community_bridge,0.15,293,1968,1575,200
community_bridge,0.15,294,1590,1296,200
community_bridge,0.15,295,2328,1806,200
community_bridge,0.15,296,784,671,200
community_bridge,0.15,297,907,750,200
community_bridge,0.15,298,1384,891,200
community_bridge,0.15,299,2078,1585,200
community_bridge,0.15,300,2678,1930,200
community_bridge,0.15,301,1474,1063,200
community_bridge,0.15,302,1792,1328,200
community_bridge,0.15,303,1332,1124,200
community_bridge,0.15,304,1106,837,200
community_bridge,0.15,305,1278,998,200
community_bridge,0.15,306,2005,1488,200
community_bridge,0.15,307,1233,979,200
community_bridge,0.15,308,1835,1277,200
community_bridge,0.15,309,1156,812,200
community_bridge,0.15,310,2104,1682,200
community_bridge,0.15,311,1845,1496,200
community_bridge,0.15,312,1599,1287,200
community_bridge,0.15,313,1502,1256,200
community_bridge,0.15,314,1344,981,200
community_bridge,0.15,315,1237,1040,200
community_bridge,0.15,316,1803,1536,200
community_bridge,0.15,317,1849,1434,200
community_bridge,0.15,318,1071,888,200
community_bridge,0.15,319,1794,1398,200
community_bridge,0.15,320,1069,777,200
community_bridge,0.15,321,1700,1409,200
community_bridge,0.15,322,1748,1175,200
community_bridge,0.15,323,1526,1274,200
community_bridge,0.15,324,1792,1357,200
community_bridge,0.15,325,1677,1359,200
community_bridge,0.15,326,1770,1369,200
community_bridge,0.15,327,2162,1509,200
community_bridge,0.15,328,1682,1328,200
community_bridge,0.15,329,2414,1676,200
community_bridge,0.15,330,1932,1574,200
community_bridge,0.15,331,1627,1255,200
community_bridge,0.15,332,2000,1668,200
community_bridge,0.15,333,1611,1124,200
community_bridge,0.15,334,2430,1864,200
community_bridge,0.15,335,1654,1185,200
community_bridge,0.15,336,1551,1155,200
community_bridge,0.15,337,1067,885,200
community_bridge,0.15,338,2023,1659,200
community_bridge,0.15,339,1915,1490,200
community_bridge,0.15,340,2118,1667,200
community_bridge,0.15,341,1428,1187,200
community_bridge,0.15,342,1790,1472,200
community_bridge,0.15,343,356,304,200
community_bridge,0.15,344,1220,982,200
community_bridge,0.15,345,1605,1273,200
community_bridge,0.15,346,2109,1692,200
community_bridge,0.15,347,1540,973,200
community_bridge,0.15,348,2476,1767,200
community_bridge,0.15,349,2344,1651,200
community_bridge,0.15,350,1601,1319,200
community_bridge,0.15,351,1070,893,200
community_bridge,0.15,352,1611,1232,200
community_bridge,0.15,353,1416,1055,200
community_bridge,0.15,354,2098,1616,200
community_bridge,0.15,355,1419,1117,200
community_bridge,0.15,356,1615,1200,200
community_bridge,0.15,357,2086,1568,200
community_bridge,0.15,358,1335,1091,200
community_bridge,0.15,359,1257,1072,200
community_bridge,0.15,360,2154,1491,200
community_bridge,0.15,361,1679,1276,200
community_bridge,0.15,362,1411,1163,200
community_bridge,0.15,363,1429,1044,200
community_bridge,0.15,364,1546,1087,200
community_bridge,0.15,365,2084,1462,200
community_bridge,0.15,366,843,622,200
community_bridge,0.15,367,1546,1123,200
community_bridge,0.15,368,2311,1743,200
community_bridge,0.15,369,1781,1317,200
community_bridge,0.15,370,1567,1259,200
community_bridge,0.15,371,1762,1418,200
community_bridge,0.15,372,2085,1344,200
community_bridge,0.15,373,1237,1062,200
community_bridge,0.15,374,1228,1056,200
community_bridge,0.15,375,1052,910,200
community_bridge,0.15,376,1606,1181,200
community_bridge,0.15,377,1071,878,200
community_bridge,0.15,378,1811,1337,200
community_bridge,0.15,379,2100,1585,200
community_bridge,0.15,380,1238,1065,200
community_bridge,0.15,381,1238,947,200
community_bridge,0.15,382,2155,1556,200
community_bridge,0.15,383,1331,949,200
community_bridge,0.15,384,2120,1568,200
community_bridge,0.15,385,1960,1567,200
community_bridge,0.15,386,2151,1639,200
community_bridge,0.15,387,1610,1229,200
community_bridge,0.15,388,1238,968,200
community_bridge,0.15,389,1747,1357,200
community_bridge,0.15,390,1349,998,200
community_bridge,0.15,391,1796,1512,200
community_bridge,0.15,392,1603,1133,200
community_bridge,0.15,393,1416,1172,200
community_bridge,0.15,394,1693,1214,200
community_bridge,0.15,395,1487,1054,200
community_bridge,0.15,396,2335,1646,200
community_bridge,0.15,397,1742,1437,200
community_bridge,0.15,398,2337,1372,200
community_bridge,0.15,399,1676,1132,200
community_bridge,0.15,400,1139,909,200
community_bridge,0.15,401,1455,1216,200
community_bridge,0.15,402,1375,986,200
community_bridge,0.15,403,1379,1040,200
community_bridge,0.15,404,1235,983,200
community_bridge,0.15,405,1595,1089,200
community_bridge,0.15,406,1889,1560,200
community_bridge,0.15,407,1602,1315,200
community_bridge,0.15,408,1058,740,200
community_bridge,0.15,409,1838,1241,200
community_bridge,0.15,410,1322,1153,200
community_bridge,0.15,411,890,679,200
community_bridge,0.15,412,1781,1309,200
community_bridge,0.15,413,831,684,200
community_bridge,0.15,414,1927,1422,200
community_bridge,0.15,415,1334,988,200
community_bridge,0.15,416,1441,1054,200
community_bridge,0.15,417,1739,1131,200
community_bridge,0.15,418,2298,1879,200
community_bridge,0.15,419,1287,1051,200
community_bridge,0.15,420,1264,951,200
community_bridge,0.15,421,1743,1327,200
community_bridge,0.15,422,1673,1140,200
community_bridge,0.15,423,1589,1161,200
community_bridge,0.15,424,1826,1425,200
community_bridge,0.15,425,1548,1090,200
community_bridge,0.15,426,1940,1466,200
community_bridge,0.15,427,2350,1719,200
community_bridge,0.15,428,1251,1043,200
community_bridge,0.15,429,1896,1535,200
community_bridge,0.15,430,861,686,200
community_bridge,0.15,431,2419,1616,200
community_bridge,0.15,432,2318,1538,200
community_bridge,0.15,433,2291,1542,200
community_bridge,0.15,434,1845,1332,200
community_bridge,0.15,435,1440,1169,200
community_bridge,0.15,436,1530,1280,200
community_bridge,0.15,437,2089,1623,200
community_bridge,0.15,438,1352,1088,200
community_bridge,0.15,439,1428,1099,200
community_bridge,0.15,440,1235,1003,200
community_bridge,0.15,441,2158,1665,200
community_bridge,0.15,442,1284,1096,200
community_bridge,0.15,443,2094,1693,200
community_bridge,0.15,444,2127,1733,200
community_bridge,0.15,445,1331,958,200
community_bridge,0.15,446,1882,1528,200
community_bridge,0.15,447,1061,921,200
community_bridge,0.15,448,584,467,200
community_bridge,0.15,449,2154,1718,200
community_bridge,0.15,450,1412,1172,200
community_bridge,0.15,451,2666,1737,200
community_bridge,0.15,452,1620,1214,200
community_bridge,0.15,453,1351,1132,200
community_bridge,0.15,454,1392,1099,200
community_bridge,0.15,455,1733,1263,200
community_bridge,0.15,456,1901,1419,200
community_bridge,0.15,457,2650,1808,200
community_bridge,0.15,458,1084,892,200
community_bridge,0.15,459,1447,1256,200
community_bridge,0.15,460,1237,960,200
community_bridge,0.15,461,1625,1259,200
community_bridge,0.15,462,884,732,200
community_bridge,0.15,463,1939,1460,200
community_bridge,0.15,464,1603,1182,200
community_bridge,0.15,465,1606,1293,200
community_bridge,0.15,466,1422,1124,200
community_bridge,0.15,467,1597,1358,200
community_bridge,0.15,468,1382,1102,200
community_bridge,0.15,469,1582,1119,200
community_bridge,0.15,470,832,552,200
community_bridge,0.15,471,2676,1996,200
community_bridge,0.15,472,2192,1782,200
community_bridge,0.15,473,2104,1602,200
community_bridge,0.15,474,1576,1253,200
community_bridge,0.15,475,2054,1624,200
community_bridge,0.15,476,1609,1235,200
community_bridge,0.15,477,1590,1335,200
community_bridge,0.15,478,1829,1377,200
community_bridge,0.15,479,1104,902,200
community_bridge,0.15,480,1633,1353,200
community_bridge,0.15,481,2295,1705,200
community_bridge,0.15,482,1109,780,200
community_bridge,0.15,483,1084,870,200
community_bridge,0.15,484,2100,1459,200
community_bridge,0.15,485,2085,1474,200
community_bridge,0.15,486,2014,1530,200
community_bridge,0.15,487,1237,1055,200
community_bridge,0.15,488,1980,1552,200
community_bridge,0.15,489,2083,1486,200
community_bridge,0.15,490,1911,1512,200
community_bridge,0.15,491,1271,1045,200
community_bridge,0.15,492,2224,1825,200
community_bridge,0.15,493,1839,1412,200
community_bridge,0.15,494,1965,1652,200
community_bridge,0.15,495,1100,896,200
community_bridge,0.15,496,2137,1638,200
community_bridge,0.15,497,1287,1108,200
community_bridge,0.15,498,1426,1061,200
community_bridge,0.15,499,1554,1213,200
community_bridge,0.2,0,1489,1169,200
community_bridge,0.2,1,1347,1060,200
community_bridge,0.2,2,1944,1487,200
community_bridge,0.2,3,1475,1101,200
community_bridge,0.2,4,844,661,200
community_bridge,0.2,5,1580,1054,200
community_bridge,0.2,6,1015,842,200
community_bridge,0.2,7,1688,1257,200
community_bridge,0.2,8,1132,957,200
community_bridge,0.2,9,1519,1266,200
community_bridge,0.2,10,2165,1551,200
community_bridge,0.2,11,1552,1299,200
community_bridge,0.2,12,2029,1448,200
community_bridge,0.2,13,1711,1285,200
community_bridge,0.2,14,1592,1231,200
community_bridge,0.2,15,1864,1498,200
community_bridge,0.2,16,1155,924,200
community_bridge,0.2,17,1707,1393,200
community_bridge,0.2,18,1549,1244,200
community_bridge,0.2,19,2287,1663,200
community_bridge,0.2,20,1674,1088,200
community_bridge,0.2,21,1531,1140,200
community_bridge,0.2,22,1255,1075,200
community_bridge,0.2,23,1571,1268,200
community_bridge,0.2,24,1789,1485,200
community_bridge,0.2,25,1983,1560,200
community_bridge,0.2,26,1195,923,200
community_bridge,0.2,27,794,664,200
community_bridge,0.2,28,1578,1171,200
community_bridge,0.2,29,1708,1408,200
community_bridge,0.2,30,1795,1378,200
community_bridge,0.2,31,2019,1602,200
community_bridge,0.2,32,2303,1762,200
community_bridge,0.2,33,1994,1481,200
community_bridge,0.2,34,1643,1288,200
community_bridge,0.2,35,1482,1023,200
community_bridge,0.2,36,2191,1644,200
community_bridge,0.2,37,1330,999,200
community_bridge,0.2,38,1046,872,200
community_bridge,0.2,39,1041,869,200
community_bridge,0.2,40,1042,828,200
community_bridge,0.2,41,927,716,200
community_bridge,0.2,42,1728,1441,200
community_bridge,0.2,43,1287,901,200
community_bridge,0.2,44,1270,1047,200
community_bridge,0.2,45,1842,1557,200
community_bridge,0.2,46,1854,1539,200
community_bridge,0.2,47,2013,1402,200
community_bridge,0.2,48,1231,999,200
community_bridge,0.2,49,1565,1310,200
community_bridge,0.2,50,1673,1122,200
community_bridge,0.2,51,1573,1267,200
community_bridge,0.2,52,1410,1129,200
community_bridge,0.2,53,839,704,200
community_bridge,0.2,54,1845,1481,200
community_bridge,0.2,55,1261,1031,200
community_bridge,0.2,56,1729,1323,200
community_bridge,0.2,57,2152,1722,200
community_bridge,0.2,58,1311,1039,200
community_bridge,0.2,59,1269,815,200
community_bridge,0.2,60,1292,1077,200
community_bridge,0.2,61,1341,1039,200
community_bridge,0.2,62,1999,1443,200
community_bridge,0.2,63,1557,1296,200
community_bridge,0.2,64,2279,1769,200
community_bridge,0.2,65,1846,1476,200
community_bridge,0.2,66,1445,1119,200
community_bridge,0.2,67,973,800,200
community_bridge,0.2,68,899,583,200
community_bridge,0.2,69,2033,1623,200
community_bridge,0.2,70,1046,834,200
community_bridge,0.2,71,1389,875,200
community_bridge,0.2,72,1356,1032,200
community_bridge,0.2,73,1078,819,200
community_bridge,0.2,74,786,608,200
community_bridge,0.2,75,1699,1266,200
community_bridge,0.2,76,1627,1261,200
community_bridge,0.2,77,1863,1478,200
community_bridge,0.2,78,1740,1383,200
community_bridge,0.2,79,1564,1224,200
community_bridge,0.2,80,2029,1279,200
community_bridge,0.2,81,1847,1530,200
community_bridge,0.2,82,1462,955,200
community_bridge,0.2,83,1233,1032,200
community_bridge,0.2,84,1798,1380,200
community_bridge,0.2,85,654,558,200
community_bridge,0.2,86,1707,1222,200
community_bridge,0.2,87,1019,835,200
community_bridge,0.2,88,1483,1034,200
community_bridge,0.2,89,2291,1529,200
community_bridge,0.2,90,1563,1255,200
community_bridge,0.2,91,1372,966,200
community_bridge,0.2,92,2011,1688,200
community_bridge,0.2,93,1320,953,200
community_bridge,0.2,94,882,726,200
community_bridge,0.2,95,1221,1035,200
community_bridge,0.2,96,899,735,200
community_bridge,0.2,97,1566,1254,200
community_bridge,0.2,98,989,812,200
community_bridge,0.2,99,1479,1204,200
community_bridge,0.2,100,1323,1057,200
community_bridge,0.2,101,1675,1242,200
community_bridge,0.2,102,1098,899,200
community_bridge,0.2,103,1764,1501,200
community_bridge,0.2,104,1675,1364,200
community_bridge,0.2,105,1704,1203,200
community_bridge,0.2,106,1174,935,200
community_bridge,0.2,107,1763,1284,200
community_bridge,0.2,108,1728,1229,200
community_bridge,0.2,109,1547,1272,200
community_bridge,0.2,110,1266,804,200
community_bridge,0.2,111,1225,881,200
community_bridge,0.2,112,1369,1066,200
community_bridge,0.2,113,1770,1318,200
community_bridge,0.2,114,1850,1494,200
community_bridge,0.2,115,1457,1190,200
community_bridge,0.2,116,2005,1380,200
community_bridge,0.2,117,2001,1315,200
community_bridge,0.2,118,1871,1489,200
community_bridge,0.2,119,743,627,200
community_bridge,0.2,120,1380,995,200
community_bridge,0.2,121,1153,904,200
community_bridge,0.2,122,1374,1119,200
community_bridge,0.2,123,895,689,200
community_bridge,0.2,124,1021,806,200
community_bridge,0.2,125,1521,1168,200
community_bridge,0.2,126,1556,1283,200
community_bridge,0.2,127,1848,1530,200
community_bridge,0.2,128,735,535,200
community_bridge,0.2,129,1398,1126,200
community_bridge,0.2,130,1376,906,200
community_bridge,0.2,131,1847,1460,200
community_bridge,0.2,132,1777,1291,200
community_bridge,0.2,133,1593,1173,200
community_bridge,0.2,134,1323,1048,200
community_bridge,0.2,135,1570,1172,200
community_bridge,0.2,136,928,778,200
community_bridge,0.2,137,1985,1414,200
community_bridge,0.2,138,1190,872,200
community_bridge,0.2,139,1525,1114,200
community_bridge,0.2,140,919,763,200
community_bridge,0.2,141,1581,1267,200
community_bridge,0.2,142,979,655,200
community_bridge,0.2,143,1670,1334,200
community_bridge,0.2,144,915,712,200
community_bridge,0.2,145,1216,1017,200
community_bridge,0.2,146,1739,1374,200
community_bridge,0.2,147,1093,916,200
community_bridge,0.2,148,2165,1658,200
community_bridge,0.2,149,1450,1171,200
community_bridge,0.2,150,1104,793,200
community_bridge,0.2,151,1092,780,200
community_bridge,0.2,152,1167,930,200
community_bridge,0.2,153,2020,1558,200
community_bridge,0.2,154,1428,1187,200
community_bridge,0.2,155,1449,1199,200
community_bridge,0.2,156,1475,983,200
community_bridge,0.2,157,1711,1273,200
community_bridge,0.2,158,1563,1271,200
community_bridge,0.2,159,1949,1592,200
community_bridge,0.2,160,1554,1270,200
community_bridge,0.2,161,781,604,200
community_bridge,0.2,162,1340,1124,200
community_bridge,0.2,163,747,599,200
community_bridge,0.2,164,1551,1262,200
community_bridge,0.2,165,1038,874,200
community_bridge,0.2,166,1608,1302,200
community_bridge,0.2,167,659,498,200
community_bridge,0.2,168,1880,1502,200
community_bridge,0.2,169,611,428,200
community_bridge,0.2,170,1515,1254,200
community_bridge,0.2,171,1334,1064,200
community_bridge,0.2,172,1756,1302,200
community_bridge,0.2,173,1555,1242,200
community_bridge,0.2,174,1481,1127,200
community_bridge,0.2,175,2020,1401,200
community_bridge,0.2,176,1510,1285,200
community_bridge,0.2,177,1558,1214,200
community_bridge,0.2,178,1572,1273,200
community_bridge,0.2,179,1023,844,200
community_bridge,0.2,180,1377,834,200
community_bridge,0.2,181,1031,823,200
community_bridge,0.2,182,1986,1489,200
community_bridge,0.2,183,1701,1382,200
community_bridge,0.2,184,1667,1230,200
community_bridge,0.2,185,1471,1027,200
community_bridge,0.2,186,1486,1091,200
community_bridge,0.2,187,1248,939,200
community_bridge,0.2,188,1754,1018,200
community_bridge,0.2,189,1547,1000,200
community_bridge,0.2,190,1567,1282,200
community_bridge,0.2,191,1085,786,200
community_bridge,0.2,192,1712,1257,200
community_bridge,0.2,193,1518,1083,200
community_bridge,0.2,194,1717,1166,200
community_bridge,0.2,195,814,635,200
community_bridge,0.2,196,1231,999,200
community_bridge,0.2,197,1355,1138,200
community_bridge,0.2,198,1977,1491,200
community_bridge,0.2,199,1427,1161,200
community_bridge,0.2,200,1031,871,200
community_bridge,0.2,201,1029,852,200
community_bridge,0.2,202,1643,1323,200
community_bridge,0.2,203,1403,1141,200
community_bridge,0.2,204,1223,951,200
community_bridge,0.2,205,1264,962,200
community_bridge,0.2,206,1286,1049,200
community_bridge,0.2,207,1994,1671,200
community_bridge,0.2,208,1470,1037,200
community_bridge,0.2,209,1032,859,200
community_bridge,0.2,210,1574,1264,200
community_bridge,0.2,211,1494,984,200
community_bridge,0.2,212,1638,1287,200
community_bridge,0.2,213,1049,908,200
community_bridge,0.2,214,1789,1235,200
community_bridge,0.2,215,1854,1529,200
community_bridge,0.2,216,912,724,200
community_bridge,0.2,217,1700,1400,200
community_bridge,0.2,218,1671,1186,200
community_bridge,0.2,219,1994,1498,200
community_bridge,0.2,220,1988,1511,200
community_bridge,0.2,221,1231,972,200
community_bridge,0.2,222,1884,1529,200
community_bridge,0.2,223,1993,1557,200
community_bridge,0.2,224,2009,1500,200
community_bridge,0.2,225,1991,1492,200
community_bridge,0.2,226,1490,1024,200
community_bridge,0.2,227,928,773,200
community_bridge,0.2,228,1482,1109,200
community_bridge,0.2,229,1273,1063,200
community_bridge,0.2,230,609,447,200
community_bridge,0.2,231,1562,1276,200
community_bridge,0.2,232,1846,1396,200
community_bridge,0.2,233,805,693,200
community_bridge,0.2,234,2302,1493,200
community_bridge,0.2,235,1304,970,200
community_bridge,0.2,236,1574,1068,200
community_bridge,0.2,237,1529,1294,200
community_bridge,0.2,238,1479,1181,200
community_bridge,0.2,239,1851,1506,200
community_bridge,0.2,240,2051,1396,200
community_bridge,0.2,241,1494,1147,200
community_bridge,0.2,242,1756,1458,200
community_bridge,0.2,243,1439,1077,200
community_bridge,0.2,244,1830,1385,200
community_bridge,0.2,245,1141,889,200
community_bridge,0.2,246,1382,1110,200
community_bridge,0.2,247,1221,1028,200
community_bridge,0.2,248,1273,808,200
community_bridge,0.2,249,1179,856,200
community_bridge,0.2,250,1342,917,200
community_bridge,0.2,251,1865,1450,200
community_bridge,0.2,252,1541,1263,200
community_bridge,0.2,253,2071,1525,200
community_bridge,0.2,254,1748,1413,200
community_bridge,0.2,255,1914,1509,200
community_bridge,0.2,256,1584,1050,200
community_bridge,0.2,257,1373,1067,200
community_bridge,0.2,258,849,682,200
community_bridge,0.2,259,1039,725,200
community_bridge,0.2,260,1758,1433,200
community_bridge,0.2,261,2011,1636,200
community_bridge,0.2,262,1228,1032,200
community_bridge,0.2,263,1965,1521,200
community_bridge,0.2,264,1744,1457,200
community_bridge,0.2,265,1996,1594,200
community_bridge,0.2,266,1182,976,200
community_bridge,0.2,267,1850,1261,200
community_bridge,0.2,268,1269,1086,200
community_bridge,0.2,269,1009,676,200
community_bridge,0.2,270,1321,1133,200
community_bridge,0.2,271,1587,1180,200
community_bridge,0.2,272,1549,1301,200
community_bridge,0.2,273,1626,1309,200
community_bridge,0.2,274,1268,767,200
community_bridge,0.2,275,1462,1150,200
community_bridge,0.2,276,1304,1100,200
community_bridge,0.2,277,954,785,200
community_bridge,0.2,278,1372,1068,200
community_bridge,0.2,279,2007,1520,200
community_bridge,0.2,280,1564,1300,200
community_bridge,0.2,281,1555,1016,200
community_bridge,0.2,282,1777,1323,200
community_bridge,0.2,283,1479,1121,200
community_bridge,0.2,284,1688,1313,200
community_bridge,0.2,285,1257,1040,200
community_bridge,0.2,286,969,754,200
community_bridge,0.2,287,1575,1209,200
community_bridge,0.2,288,1671,1256,200
community_bridge,0.2,289,1552,1267,200
community_bridge,0.2,290,1854,1446,200
community_bridge,0.2,291,1460,1147,200
community_bridge,0.2,292,1550,1280,200
community_bridge,0.2,293,1304,1109,200
community_bridge,0.2,294,1575,1082,200
community_bridge,0.2,295,1991,1519,200
community_bridge,0.2,296,1522,1212,200
community_bridge,0.2,297,1335,1090,200
community_bridge,0.2,298,1735,1398,200
community_bridge,0.2,299,1522,1206,200
community_bridge,0.2,300,1064,783,200
community_bridge,0.2,301,1482,1014,200
community_bridge,0.2,302,1074,897,200
community_bridge,0.2,303,1041,901,200
community_bridge,0.2,304,1487,1151,200
community_bridge,0.2,305,944,781,200
community_bridge,0.2,306,1354,1093,200
community_bridge,0.2,307,1708,1269,200
community_bridge,0.2,308,1998,1442,200
community_bridge,0.2,309,1161,967,200
community_bridge,0.2,310,1675,1181,200
community_bridge,0.2,311,877,687,200
community_bridge,0.2,312,2010,1519,200
community_bridge,0.2,313,1711,1292,200
community_bridge,0.2,314,1539,1240,200
community_bridge,0.2,315,1664,1327,200
community_bridge,0.2,316,1054,800,200
community_bridge,0.2,317,2004,1424,200
community_bridge,0.2,318,1004,703,200
community_bridge,0.2,319,1238,1039,200
community_bridge,0.2,320,1751,1397,200
community_bridge,0.2,321,1828,1403,200
community_bridge,0.2,322,1705,1399,200
community_bridge,0.2,323,2302,1714,200
community_bridge,0.2,324,1641,1348,200
community_bridge,0.2,325,1558,1189,200
community_bridge,0.2,326,502,425,200
community_bridge,0.2,327,580,434,200
community_bridge,0.2,328,2070,1372,200
community_bridge,0.2,329,2046,1460,200
community_bridge,0.2,330,1858,1477,200
community_bridge,0.2,331,1684,1353,200
community_bridge,0.2,332,469,395,200
community_bridge,0.2,333,1141,943,200
community_bridge,0.2,334,932,777,200
community_bridge,0.2,335,2025,1507,200
community_bridge,0.2,336,1853,1501,200
community_bridge,0.2,337,1712,1434,200
community_bridge,0.2,338,1524,1204,200
community_bridge,0.2,339,2191,1498,200
community_bridge,0.2,340,1260,868,200
community_bridge,0.2,341,1477,1179,200
community_bridge,0.2,342,1821,1256,200
community_bridge,0.2,343,1138,896,200
community_bridge,0.2,344,1591,1144,200
community_bridge,0.2,345,1183,963,200
community_bridge,0.2,346,1668,1392,200
community_bridge,0.2,347,1138,770,200
community_bridge,0.2,348,744,647,200
community_bridge,0.2,349,1563,1285,200
community_bridge,0.2,350,1579,1295,200
community_bridge,0.2,351,2034,1513,200
community_bridge,0.2,352,1477,1000,200
community_bridge,0.2,353,1264,1030,200
community_bridge,0.2,354,1287,978,200
community_bridge,0.2,355,1665,1352,200
community_bridge,0.2,356,1008,859,200
community_bridge,0.2,357,1776,1380,200
community_bridge,0.2,358,1415,1140,200
community_bridge,0.2,359,1279,962,200
community_bridge,0.2,360,1258,989,200
community_bridge,0.2,361,1179,997,200
community_bridge,0.2,362,1527,1204,200
community_bridge,0.2,363,594,487,200
community_bridge,0.2,364,1175,803,200
community_bridge,0.2,365,761,619,200
community_bridge,0.2,366,1361,1096,200
community_bridge,0.2,367,1214,1040,200
community_bridge,0.2,368,1862,1490,200
community_bridge,0.2,369,1445,1241,200
community_bridge,0.2,370,1738,1413,200
community_bridge,0.2,371,2018,1590,200
community_bridge,0.2,372,1374,1149,200
community_bridge,0.2,373,1262,1028,200
community_bridge,0.2,374,936,680,200
community_bridge,0.2,375,629,468,200
community_bridge,0.2,376,1482,1109,200
community_bridge,0.2,377,1732,1366,200
community_bridge,0.2,378,770,615,200
community_bridge,0.2,379,1274,1030,200
community_bridge,0.2,380,1548,1045,200
community_bridge,0.2,381,1471,1028,200
community_bridge,0.2,382,1969,1499,200
community_bridge,0.2,383,1547,1290,200
community_bridge,0.2,384,1848,1501,200
community_bridge,0.2,385,2066,1613,200
community_bridge,0.2,386,1127,908,200
community_bridge,0.2,387,1523,1268,200
community_bridge,0.2,388,1270,906,200
community_bridge,0.2,389,1236,1066,200
community_bridge,0.2,390,1766,1402,200
community_bridge,0.2,391,1782,1021,200
community_bridge,0.2,392,2293,1675,200
community_bridge,0.2,393,2104,1610,200
community_bridge,0.2,394,2121,1530,200
community_bridge,0.2,395,1020,832,200
community_bridge,0.2,396,1601,1138,200
community_bridge,0.2,397,1996,1490,200
community_bridge,0.2,398,739,635,200
community_bridge,0.2,399,2017,1645,200
community_bridge,0.2,400,1483,1015,200
community_bridge,0.2,401,1771,1422,200
community_bridge,0.2,402,1501,1235,200
community_bridge,0.2,403,1654,1210,200
community_bridge,0.2,404,1589,1300,200
community_bridge,0.2,405,1583,1180,200
community_bridge,0.2,406,2207,1548,200
community_bridge,0.2,407,1818,1454,200
community_bridge,0.2,408,1310,1035,200
community_bridge,0.2,409,1183,830,200
community_bridge,0.2,410,2119,1547,200
community_bridge,0.2,411,731,424,200
community_bridge,0.2,412,1529,1265,200
community_bridge,0.2,413,1780,1475,200
community_bridge,0.2,414,2013,1456,200
community_bridge,0.2,415,1706,1373,200
community_bridge,0.2,416,1815,1416,200
community_bridge,0.2,417,1720,1387,200
community_bridge,0.2,418,1443,1151,200
community_bridge,0.2,419,1448,1202,200
community_bridge,0.2,420,2059,1651,200
community_bridge,0.2,421,1581,1088,200
community_bridge,0.2,422,2008,1522,200
community_bridge,0.2,423,1079,826,200
community_bridge,0.2,424,1833,1464,200
community_bridge,0.2,425,1374,871,200
community_bridge,0.2,426,1858,1473,200
community_bridge,0.2,427,1327,1092,200
community_bridge,0.2,428,1164,767,200
community_bridge,0.2,429,1347,977,200
community_bridge,0.2,430,1553,1286,200
community_bridge,0.2,431,1774,1175,200
community_bridge,0.2,432,1577,1167,200
community_bridge,0.2,433,1857,1543,200
community_bridge,0.2,434,1021,649,200
community_bridge,0.2,435,738,605,200
community_bridge,0.2,436,1068,855,200
community_bridge,0.2,437,1341,1025,200
community_bridge,0.2,438,1328,1095,200
community_bridge,0.2,439,2014,1519,200
community_bridge,0.2,440,1256,990,200
community_bridge,0.2,441,1738,1398,200
community_bridge,0.2,442,929,775,200
community_bridge,0.2,443,961,698,200
community_bridge,0.2,444,2012,1566,200
community_bridge,0.2,445,1028,866,200
community_bridge,0.2,446,1869,1305,200
community_bridge,0.2,447,1199,999,200
community_bridge,0.2,448,1546,1248,200
community_bridge,0.2,449,1180,942,200
community_bridge,0.2,450,1035,873,200
community_bridge,0.2,451,1761,1246,200
community_bridge,0.2,452,930,720,200
community_bridge,0.2,453,1870,1477,200
community_bridge,0.2,454,1526,1220,200
community_bridge,0.2,455,1483,1094,200
community_bridge,0.2,456,1702,1229,200
community_bridge,0.2,457,939,652,200
community_bridge,0.2,458,2099,1501,200
community_bridge,0.2,459,1668,1156,200
community_bridge,0.2,460,717,604,200
community_bridge,0.2,461,889,687,200
community_bridge,0.2,462,1652,1293,200
community_bridge,0.2,463,2000,1563,200
community_bridge,0.2,464,1840,1300,200
community_bridge,0.2,465,1520,1013,200
community_bridge,0.2,466,1702,1438,200
community_bridge,0.2,467,1276,1043,200
community_bridge,0.2,468,1482,1166,200
community_bridge,0.2,469,1328,1101,200
community_bridge,0.2,470,1363,1030,200
community_bridge,0.2,471,1588,1228,200
community_bridge,0.2,472,1053,760,200
community_bridge,0.2,473,975,635,200
community_bridge,0.2,474,1041,875,200
community_bridge,0.2,475,1261,1031,200
community_bridge,0.2,476,1746,1436,200
community_bridge,0.2,477,1015,810,200
community_bridge,0.2,478,1364,1119,200
community_bridge,0.2,479,1474,1181,200
community_bridge,0.2,480,1250,1004,200
community_bridge,0.2,481,2306,1659,200
community_bridge,0.2,482,1658,1359,200
community_bridge,0.2,483,967,718,200
community_bridge,0.2,484,1516,1249,200
community_bridge,0.2,485,883,681,200
community_bridge,0.2,486,1740,1469,200
community_bridge,0.2,487,1041,848,200
community_bridge,0.2,488,620,486,200
community_bridge,0.2,489,2086,1517,200
community_bridge,0.2,490,1883,1533,200
community_bridge,0.2,491,1862,1511,200
community_bridge,0.2,492,1874,1488,200
community_bridge,0.2,493,1728,1279,200
community_bridge,0.2,494,2047,1681,200
community_bridge,0.2,495,822,665,200
community_bridge,0.2,496,1465,1066,200
community_bridge,0.2,497,1863,1385,200
community_bridge,0.2,498,1616,1286,200
community_bridge,0.2,499,1768,1462,200
stratified,0.01,0,3829,3037,200
stratified,0.01,1,3848,2849,200
stratified,0.01,2,3834,2880,200
stratified,0.01,3,3833,2981,200
stratified,0.01,4,3802,2914,200
stratified,0.01,5,3836,3044,200
stratified,0.01,6,3824,3098,200
stratified,0.01,7,3831,2931,200
stratified,0.01,8,3844,2950,200
stratified,0.01,9,3834,3067,200
stratified,0.01,10,3836,2990,200
stratified,0.01,11,3842,2894,200
stratified,0.01,12,3829,3040,200
stratified,0.01,13,3826,2967,200
stratified,0.01,14,3851,2857,200
stratified,0.01,15,3822,3003,200
stratified,0.01,16,3842,3040,200
stratified,0.01,17,3850,3132,200
stratified,0.01,18,3845,3043,200
stratified,0.01,19,3849,2934,200
stratified,0.01,20,3848,2948,200
stratified,0.01,21,3840,3126,200
stratified,0.01,22,3834,3026,200
stratified,0.01,23,3852,2968,200
stratified,0.01,24,3851,2847,200
stratified,0.01,25,3847,2911,200
stratified,0.01,26,3854,3087,200
stratified,0.01,27,3825,3106,200
stratified,0.01,28,3841,3059,200
stratified,0.01,29,3858,3065,200
stratified,0.01,30,3846,2906,200
stratified,0.01,31,3845,3018,200
stratified,0.01,32,3848,2898,200
stratified,0.01,33,3848,3036,200
stratified,0.01,34,3846,3065,200
stratified,0.01,35,3842,3071,200
stratified,0.01,36,3838,2982,200
stratified,0.01,37,3841,2869,200
stratified,0.01,38,3847,3114,200
stratified,0.01,39,3841,3100,200
stratified,0.01,40,3847,3057,200
stratified,0.01,41,3848,3019,200
stratified,0.01,42,3800,3071,200
stratified,0.01,43,3844,2921,200
stratified,0.01,44,3837,2788,200
stratified,0.01,45,3845,3050,200
stratified,0.01,46,3855,2905,200
stratified,0.01,47,3848,3088,200
stratified,0.01,48,3840,2960,200
stratified,0.01,49,3849,2979,200
stratified,0.01,50,3859,2968,200
stratified,0.01,51,3827,3024,200
stratified,0.01,52,3842,2906,200
stratified,0.01,53,3847,3018,200
stratified,0.01,54,3853,3052,200
stratified,0.01,55,3838,2940,200
stratified,0.01,56,3831,2972,200
stratified,0.01,57,3842,2938,200
stratified,0.01,58,3842,2961,200
stratified,0.01,59,3844,3032,200
stratified,0.01,60,3850,3120,200
stratified,0.01,61,3832,3020,200
stratified,0.01,62,3853,2956,200
stratified,0.01,63,3838,2955,200
stratified,0.01,64,3849,3055,200
stratified,0.01,65,3851,2874,200
stratified,0.01,66,3834,2879,200
stratified,0.01,67,3858,3034,200
stratified,0.01,68,3803,2955,200
stratified,0.01,69,3841,3036,200
stratified,0.01,70,3844,2873,200
stratified,0.01,71,3846,3078,200
stratified,0.01,72,3847,2995,200
stratified,0.01,73,3840,3025,200
stratified,0.01,74,3844,2820,200
stratified,0.01,75,3828,3058,200
stratified,0.01,76,3854,2912,200
stratified,0.01,77,3862,3091,200
stratified,0.01,78,3840,3027,200
stratified,0.01,79,3799,3089,200
stratified,0.01,80,3849,3067,200
stratified,0.01,81,3845,3044,200
stratified,0.01,82,3831,3063,200
stratified,0.01,83,3845,2852,200
stratified,0.01,84,3834,2910,200
stratified,0.01,85,3798,3052,200
stratified,0.01,86,3853,3098,200
stratified,0.01,87,3849,3031,200
stratified,0.01,88,3832,3068,200
stratified,0.01,89,3857,3039,200
stratified,0.01,90,3804,3116,200
stratified,0.01,91,3840,2986,200
stratified,0.01,92,3807,2942,200
stratified,0.01,93,3854,3135,200
stratified,0.01,94,3833,3041,200
stratified,0.01,95,3835,2925,200
stratified,0.01,96,3832,3007,200
stratified,0.01,97,3843,2896,200
stratified,0.01,98,3844,2946,200
stratified,0.01,99,3830,2925,200
stratified,0.01,100,3832,3080,200
stratified,0.01,101,3860,3185,200
stratified,0.01,102,3847,2963,200
stratified,0.01,103,3843,2946,200
stratified,0.01,104,3836,3078,200
stratified,0.01,105,3843,2999,200
stratified,0.01,106,3829,2971,200
stratified,0.01,107,3848,2975,200
stratified,0.01,108,3827,2938,200
stratified,0.01,109,3833,2899,200
stratified,0.01,110,3840,2970,200
stratified,0.01,111,3845,3068,200
stratified,0.01,112,3832,2912,200
stratified,0.01,113,3855,3043,200
stratified,0.01,114,3839,3138,200
stratified,0.01,115,3828,3113,200
stratified,0.01,116,3851,3143,200
stratified,0.01,117,3832,2920,200
stratified,0.01,118,3858,2937,200
stratified,0.01,119,3840,2950,200
stratified,0.01,120,3833,2888,200
stratified,0.01,121,3799,2960,200
stratified,0.01,122,3838,2928,200
stratified,0.01,123,3842,2928,200
stratified,0.01,124,3837,2996,200
stratified,0.01,125,3841,3047,200
stratified,0.01,126,3840,2988,200
stratified,0.01,127,3847,2796,200
stratified,0.01,128,3855,2973,200
stratified,0.01,129,3852,2992,200
stratified,0.01,130,3844,3019,200
stratified,0.01,131,3852,2884,200
stratified,0.01,132,3842,3127,200
stratified,0.01,133,3845,2889,200
stratified,0.01,134,3849,3093,200
stratified,0.01,135,3843,2995,200
stratified,0.01,136,3851,2914,200
stratified,0.01,137,3844,2975,200
stratified,0.01,138,3813,2986,200
stratified,0.01,139,3836,3156,200
stratified,0.01,140,3836,3077,200
stratified,0.01,141,3830,2947,200
stratified,0.01,142,3843,3033,200
stratified,0.01,143,3842,2908,200
stratified,0.01,144,3852,3098,200
stratified,0.01,145,3844,3105,200
stratified,0.01,146,3850,2908,200
stratified,0.01,147,3813,3097,200
stratified,0.01,148,3850,2996,200
stratified,0.01,149,3847,3083,200
stratified,0.01,150,3841,2897,200
stratified,0.01,151,3836,2884,200
stratified,0.01,152,3850,2974,200
stratified,0.01,153,3832,3111,200
stratified,0.01,154,3852,2847,200
stratified,0.01,155,3844,3049,200
stratified,0.01,156,3842,3015,200
stratified,0.01,157,3838,2873,200
stratified,0.01,158,3848,3113,200
stratified,0.01,159,3848,2981,200
stratified,0.01,160,3832,2882,200
stratified,0.01,161,3849,3064,200
stratified,0.01,162,3850,3053,200
stratified,0.01,163,3839,2980,200
stratified,0.01,164,3848,2973,200
stratified,0.01,165,3816,2966,200
stratified,0.01,166,3839,2992,200
stratified,0.01,167,3833,3066,200
stratified,0.01,168,3854,3004,200
stratified,0.01,169,3806,2990,200
stratified,0.01,170,3822,3019,200
stratified,0.01,171,3830,3137,200
stratified,0.01,172,3828,3011,200
stratified,0.01,173,3846,3106,200
stratified,0.01,174,3853,3098,200
stratified,0.01,175,3851,2991,200
stratified,0.01,176,3847,3016,200
stratified,0.01,177,3834,3125,200
stratified,0.01,178,3819,2967,200
stratified,0.01,179,3831,3099,200
stratified,0.01,180,3852,2963,200
stratified,0.01,181,3840,2949,200
stratified,0.01,182,3848,3101,200
stratified,0.01,183,3805,2861,200
stratified,0.01,184,3853,2911,200
stratified,0.01,185,3844,2928,200
stratified,0.01,186,3832,3119,200
stratified,0.01,187,3854,2997,200
stratified,0.01,188,3829,3116,200
stratified,0.01,189,3807,2941,200
stratified,0.01,190,3640,2853,200
stratified,0.01,191,3840,3059,200
stratified,0.01,192,3844,3030,200
stratified,0.01,193,3844,2978,200
stratified,0.01,194,3837,2984,200
stratified,0.01,195,3827,3129,200
stratified,0.01,196,3840,3058,200
stratified,0.01,197,3838,3098,200
stratified,0.01,198,3840,3094,200
stratified,0.01,199,3785,3007,200
stratified,0.01,200,3843,3024,200
stratified,0.01,201,3854,3112,200
stratified,0.01,202,3846,3063,200
stratified,0.01,203,3834,3123,200
stratified,0.01,204,3649,2977,200
stratified,0.01,205,3822,3061,200
stratified,0.01,206,3842,2962,200
stratified,0.01,207,3846,3018,200
stratified,0.01,208,3854,3045,200
stratified,0.01,209,3860,3079,200
stratified,0.01,210,3836,2892,200
stratified,0.01,211,3786,2926,200
stratified,0.01,212,3829,3093,200
stratified,0.01,213,3836,2883,200
stratified,0.01,214,3845,2889,200
stratified,0.01,215,3849,3033,200
stratified,0.01,216,3841,2985,200
stratified,0.01,217,3836,2983,200
stratified,0.01,218,3848,3085,200
stratified,0.01,219,3841,3091,200
stratified,0.01,220,3829,2965,200
stratified,0.01,221,3845,3045,200
stratified,0.01,222,3841,3096,200
stratified,0.01,223,3856,3000,200
stratified,0.01,224,3829,3075,200
stratified,0.01,225,3835,3154,200
stratified,0.01,226,3839,3112,200
stratified,0.01,227,3834,2934,200
stratified,0.01,228,3832,3028,200
stratified,0.01,229,3844,2957,200
stratified,0.01,230,3802,3042,200
stratified,0.01,231,3857,3012,200
stratified,0.01,232,3848,2862,200
stratified,0.01,233,3849,3024,200
stratified,0.01,234,3826,3061,200
stratified,0.01,235,3858,2891,200
stratified,0.01,236,3873,3001,200
stratified,0.01,237,3862,3062,200
stratified,0.01,238,3836,3029,200
stratified,0.01,239,3837,2871,200
stratified,0.01,240,3833,3076,200
stratified,0.01,241,3827,3064,200
stratified,0.01,242,3848,3171,200
stratified,0.01,243,3843,2957,200
stratified,0.01,244,3836,3025,200
stratified,0.01,245,3855,3093,200
stratified,0.01,246,3808,2960,200
stratified,0.01,247,3840,3088,200
stratified,0.01,248,3817,3054,200
stratified,0.01,249,3842,2998,200
stratified,0.01,250,3799,2966,200
stratified,0.01,251,3836,3027,200
stratified,0.01,252,3850,3010,200
stratified,0.01,253,3849,2979,200
stratified,0.01,254,3844,3063,200
stratified,0.01,255,3850,3007,200
stratified,0.01,256,3858,2924,200
stratified,0.01,257,3820,3078,200
stratified,0.01,258,3835,2972,200
stratified,0.01,259,3851,2967,200
stratified,0.01,260,3830,3052,200
stratified,0.01,261,3846,2954,200
stratified,0.01,262,3851,2925,200
stratified,0.01,263,3805,2919,200
stratified,0.01,264,3851,3046,200
stratified,0.01,265,3840,3080,200
stratified,0.01,266,3834,3097,200
stratified,0.01,267,3843,2924,200
stratified,0.01,268,3851,3024,200
stratified,0.01,269,3845,2947,200
stratified,0.01,270,3846,3098,200
stratified,0.01,271,3841,2930,200
stratified,0.01,272,3848,2854,200
stratified,0.01,273,3860,3035,200
stratified,0.01,274,3843,3057,200
stratified,0.01,275,3828,3076,200
stratified,0.01,276,3836,2992,200
stratified,0.01,277,3849,3041,200
stratified,0.01,278,3856,2881,200
stratified,0.01,279,3840,3044,200
stratified,0.01,280,3840,3026,200
stratified,0.01,281,3841,3006,200
stratified,0.01,282,3837,3055,200
stratified,0.01,283,3829,2875,200
stratified,0.01,284,3831,2972,200
stratified,0.01,285,3860,3104,200
stratified,0.01,286,3801,2775,200
stratified,0.01,287,3841,3062,200
stratified,0.01,288,3845,3074,200
stratified,0.01,289,3836,3039,200
stratified,0.01,290,3830,3066,200
stratified,0.01,291,3851,3004,200
stratified,0.01,292,3809,2967,200
stratified,0.01,293,3842,2978,200
stratified,0.01,294,3834,3170,200
stratified,0.01,295,3818,2988,200
stratified,0.01,296,3846,2802,200
stratified,0.01,297,3846,3078,200
stratified,0.01,298,3839,3114,200
stratified,0.01,299,3841,3020,200
stratified,0.01,300,3797,2908,200
stratified,0.01,301,3848,2936,200
stratified,0.01,302,3845,2961,200
stratified,0.01,303,3844,3063,200
stratified,0.01,304,3811,3126,200
stratified,0.01,305,3839,2965,200
stratified,0.01,306,3838,3116,200
stratified,0.01,307,3830,2979,200
stratified,0.01,308,3843,3088,200
stratified,0.01,309,3820,2949,200
stratified,0.01,310,3859,3002,200
stratified,0.01,311,3836,3121,200
stratified,0.01,312,3850,2896,200
stratified,0.01,313,3833,3104,200
stratified,0.01,314,3852,3113,200
stratified,0.01,315,3834,3004,200
stratified,0.01,316,3845,2920,200
stratified,0.01,317,3830,2901,200
stratified,0.01,318,3835,2963,200
stratified,0.01,319,3842,3020,200
stratified,0.01,320,3793,2994,200
stratified,0.01,321,3828,3095,200
stratified,0.01,322,3831,2936,200
stratified,0.01,323,3850,2992,200
stratified,0.01,324,3844,3058,200
stratified,0.01,325,3842,3135,200
stratified,0.01,326,3839,2990,200
stratified,0.01,327,3832,2993,200
stratified,0.01,328,3830,2977,200
stratified,0.01,329,3842,3000,200
stratified,0.01,330,3850,3004,200
stratified,0.01,331,3833,2899,200
stratified,0.01,332,3842,3011,200
stratified,0.01,333,3845,3072,200
stratified,0.01,334,3831,2931,200
stratified,0.01,335,3853,3014,200
stratified,0.01,336,3822,3130,200
stratified,0.01,337,3835,3011,200
stratified,0.01,338,3837,2978,200
stratified,0.01,339,3855,3102,200
stratified,0.01,340,3854,2904,200
stratified,0.01,341,3835,2970,200
stratified,0.01,342,3839,3052,200
stratified,0.01,343,3849,2902,200
stratified,0.01,344,3834,2820,200
stratified,0.01,345,3856,2996,200
stratified,0.01,346,3838,3012,200
stratified,0.01,347,3804,3027,200
stratified,0.01,348,3840,2946,200
stratified,0.01,349,3802,3033,200
stratified,0.01,350,3862,3007,200
stratified,0.01,351,3853,3137,200
stratified,0.01,352,3842,2973,200
stratified,0.01,353,3849,3065,200
stratified,0.01,354,3834,2765,200
stratified,0.01,355,3837,3084,200
stratified,0.01,356,3835,2924,200
stratified,0.01,357,3801,2911,200
stratified,0.01,358,3841,2938,200
stratified,0.01,359,3810,2946,200
stratified,0.01,360,3792,3103,200
stratified,0.01,361,3862,2860,200
stratified,0.01,362,3823,3050,200
stratified,0.01,363,3837,2956,200
stratified,0.01,364,3839,3065,200
stratified,0.01,365,3831,3011,200
stratified,0.01,366,3826,3151,200
stratified,0.01,367,3838,3018,200
stratified,0.01,368,3845,3078,200
stratified,0.01,369,3844,3194,200
stratified,0.01,370,3850,2974,200
stratified,0.01,371,3823,2866,200
stratified,0.01,372,3860,2913,200
stratified,0.01,373,3837,2865,200
stratified,0.01,374,3841,2953,200
stratified,0.01,375,3848,2905,200
stratified,0.01,376,3835,3085,200
stratified,0.01,377,3838,3116,200
stratified,0.01,378,3872,3117,200
stratified,0.01,379,3850,2971,200
stratified,0.01,380,3804,3146,200
stratified,0.01,381,3855,3062,200
stratified,0.01,382,3832,2980,200
stratified,0.01,383,3833,3112,200
stratified,0.01,384,3849,2971,200
stratified,0.01,385,3847,2975,200
stratified,0.01,386,3827,3100,200
stratified,0.01,387,3855,2923,200
stratified,0.01,388,3840,2906,200
stratified,0.01,389,3828,3026,200
stratified,0.01,390,3814,3029,200
stratified,0.01,391,3842,2890,200
stratified,0.01,392,3834,2881,200
stratified,0.01,393,3842,2924,200
stratified,0.01,394,3816,3102,200
stratified,0.01,395,3791,3033,200
stratified,0.01,396,3856,3036,200
stratified,0.01,397,3839,3068,200
stratified,0.01,398,3833,3025,200
stratified,0.01,399,3827,2877,200
stratified,0.01,400,3804,3069,200
stratified,0.01,401,3849,3001,200
stratified,0.01,402,3856,3056,200
stratified,0.01,403,3842,2990,200
stratified,0.01,404,3836,3032,200
stratified,0.01,405,3849,3054,200
stratified,0.01,406,3859,2812,200
stratified,0.01,407,3850,2956,200
stratified,0.01,408,3849,3103,200
stratified,0.01,409,3821,3069,200
stratified,0.01,410,3836,2973,200
stratified,0.01,411,3849,2901,200
stratified,0.01,412,3852,3147,200
stratified,0.01,413,3863,2838,200
stratified,0.01,414,3791,3105,200
stratified,0.01,415,3809,2930,200
stratified,0.01,416,3842,3055,200
stratified,0.01,417,3830,2568,200
stratified,0.01,418,3835,3089,200
stratified,0.01,419,3831,3105,200
stratified,0.01,420,3854,3212,200
stratified,0.01,421,3838,3170,200
stratified,0.01,422,3842,2959,200
stratified,0.01,423,3834,3015,200
stratified,0.01,424,3859,2998,200
stratified,0.01,425,3866,2963,200
stratified,0.01,426,3817,2941,200
stratified,0.01,427,3851,3020,200
stratified,0.01,428,3852,3009,200
stratified,0.01,429,3844,3212,200
stratified,0.01,430,3849,3127,200
stratified,0.01,431,3856,3055,200
stratified,0.01,432,3858,3101,200
stratified,0.01,433,3832,3105,200
stratified,0.01,434,3838,3030,200
stratified,0.01,435,3853,2912,200
stratified,0.01,436,3848,3012,200
stratified,0.01,437,3808,3038,200
stratified,0.01,438,3842,2895,200
stratified,0.01,439,3837,2939,200
stratified,0.01,440,3852,3091,200
stratified,0.01,441,3842,3027,200
stratified,0.01,442,3851,2950,200
stratified,0.01,443,3811,3087,200
stratified,0.01,444,3855,2918,200
stratified,0.01,445,3852,3098,200
stratified,0.01,446,3844,3106,200
stratified,0.01,447,3837,3116,200
stratified,0.01,448,3852,3088,200
stratified,0.01,449,3800,3134,200
stratified,0.01,450,3844,3013,200
stratified,0.01,451,3827,3012,200
stratified,0.01,452,3824,2926,200
stratified,0.01,453,3845,3009,200
stratified,0.01,454,3790,2946,200
stratified,0.01,455,3858,3104,200
stratified,0.01,456,3839,2947,200
stratified,0.01,457,3844,3051,200
stratified,0.01,458,3855,3118,200
stratified,0.01,459,3835,3050,200
stratified,0.01,460,3847,2859,200
stratified,0.01,461,3855,3029,200
stratified,0.01,462,3853,2985,200
stratified,0.01,463,3854,3136,200
stratified,0.01,464,3853,3009,200
stratified,0.01,465,3856,3142,200
stratified,0.01,466,3853,2961,200
stratified,0.01,467,3854,2934,200
stratified,0.01,468,3841,3037,200
stratified,0.01,469,3833,3039,200
stratified,0.01,470,3846,2859,200
stratified,0.01,471,3845,2991,200
stratified,0.01,472,3843,2907,200
stratified,0.01,473,3638,2918,200
stratified,0.01,474,3844,3104,200
stratified,0.01,475,3841,2946,200
stratified,0.01,476,3831,2968,200
stratified,0.01,477,3820,3117,200
stratified,0.01,478,3833,2904,200
stratified,0.01,479,3842,3068,200
stratified,0.01,480,3829,3020,200
stratified,0.01,481,3850,3033,200
stratified,0.01,482,3831,2940,200
stratified,0.01,483,3851,3049,200
stratified,0.01,484,3854,3031,200
stratified,0.01,485,3806,2896,200
stratified,0.01,486,3853,3066,200
stratified,0.01,487,3799,3062,200
stratified,0.01,488,3830,2935,200
stratified,0.01,489,3835,3081,200
stratified,0.01,490,3843,3097,200
stratified,0.01,491,3830,2965,200
stratified,0.01,492,3849,2871,200
stratified,0.01,493,3842,2876,200
stratified,0.01,494,3841,2954,200
stratified,0.01,495,3850,3057,200
stratified,0.01,496,3855,2991,200
stratified,0.01,497,3829,3054,200
stratified,0.01,498,3645,2962,200
stratified,0.01,499,3851,3048,200
stratified,0.05,0,3615,2949,200
stratified,0.05,1,3444,2564,200
stratified,0.05,2,3444,2713,200
stratified,0.05,3,3443,2766,200
stratified,0.05,4,3435,2750,200
stratified,0.05,5,3442,2779,200
stratified,0.05,6,3451,2810,200
stratified,0.05,7,3615,2730,200
stratified,0.05,8,3441,2535,200
stratified,0.05,9,3448,2710,200
stratified,0.05,10,2966,2440,200
stratified,0.05,11,3435,2554,200
stratified,0.05,12,3453,2455,200
stratified,0.05,13,3594,2779,200
stratified,0.05,14,3453,2768,200
stratified,0.05,15,3614,2895,200
stratified,0.05,16,3455,2844,200
stratified,0.05,17,2949,2380,200
stratified,0.05,18,3453,2769,200
stratified,0.05,19,3463,2421,200
stratified,0.05,20,3438,2666,200
stratified,0.05,21,3427,2711,200
stratified,0.05,22,3620,2852,200
stratified,0.05,23,3454,2680,200
stratified,0.05,24,3620,2794,200
stratified,0.05,25,3450,2555,200
stratified,0.05,26,3447,2589,200
stratified,0.05,27,3441,2681,200
stratified,0.05,28,3610,2669,200
stratified,0.05,29,3443,2807,200
stratified,0.05,30,3440,2718,200
stratified,0.05,31,3444,2742,200
stratified,0.05,32,3446,2681,200
stratified,0.05,33,3608,2869,200
stratified,0.05,34,3453,2750,200
stratified,0.05,35,3457,2657,200
stratified,0.05,36,3439,2749,200
stratified,0.05,37,3431,2738,200
stratified,0.05,38,3450,2463,200
stratified,0.05,39,3444,2736,200
stratified,0.05,40,3621,2508,200
stratified,0.05,41,3445,2766,200
stratified,0.05,42,3444,2608,200
stratified,0.05,43,3449,2376,200
stratified,0.05,44,3426,2408,200
stratified,0.05,45,3445,2541,200
stratified,0.05,46,3373,2611,200
stratified,0.05,47,3605,2825,200
stratified,0.05,48,3450,2489,200
stratified,0.05,49,3459,2560,200
stratified,0.05,50,3441,2686,200
stratified,0.05,51,3439,2424,200
stratified,0.05,52,3447,2399,200
stratified,0.05,53,3614,2672,200
stratified,0.05,54,3593,2846,200
stratified,0.05,55,3464,2662,200
stratified,0.05,56,3463,2513,200
stratified,0.05,57,3455,2419,200
stratified,0.05,58,3492,2802,200
stratified,0.05,59,3441,2645,200
stratified,0.05,60,3432,2700,200
stratified,0.05,61,3451,2727,200
stratified,0.05,62,3444,2662,200
stratified,0.05,63,3604,2903,200
stratified,0.05,64,3431,2701,200
stratified,0.05,65,3442,2756,200
stratified,0.05,66,3450,2687,200
stratified,0.05,67,3447,2740,200
stratified,0.05,68,3449,2754,200
stratified,0.05,69,3430,2706,200
stratified,0.05,70,3477,2786,200
stratified,0.05,71,3630,2700,200
stratified,0.05,72,3451,2646,200
stratified,0.05,73,3612,2889,200
stratified,0.05,74,3445,2733,200
stratified,0.05,75,3455,2820,200
stratified,0.05,76,3439,2589,200
stratified,0.05,77,3421,2677,200
stratified,0.05,78,3434,2740,200
stratified,0.05,79,3446,2573,200
stratified,0.05,80,3448,2679,200
stratified,0.05,81,3431,2739,200
stratified,0.05,82,3456,2825,200
stratified,0.05,83,3434,2384,200
stratified,0.05,84,3623,2838,200
stratified,0.05,85,3455,2473,200
stratified,0.05,86,3464,2832,200
stratified,0.05,87,3454,2759,200
stratified,0.05,88,3423,2727,200
stratified,0.05,89,3435,2582,200
stratified,0.05,90,3624,2708,200
stratified,0.05,91,3430,2614,200
stratified,0.05,92,3586,2869,200
stratified,0.05,93,3444,2720,200
stratified,0.05,94,3455,2587,200
stratified,0.05,95,3448,2525,200
stratified,0.05,96,3443,2646,200
stratified,0.05,97,3427,2618,200
stratified,0.05,98,3447,2448,200
stratified,0.05,99,3618,2865,200
stratified,0.05,100,3660,2703,200
stratified,0.05,101,3449,2497,200
stratified,0.05,102,3446,2532,200
stratified,0.05,103,3443,2783,200
stratified,0.05,104,3597,2521,200
stratified,0.05,105,3458,2736,200
stratified,0.05,106,3456,2729,200
stratified,0.05,107,3443,2843,200
stratified,0.05,108,3446,2492,200
stratified,0.05,109,3453,2562,200
stratified,0.05,110,3439,2683,200
stratified,0.05,111,3432,2762,200
stratified,0.05,112,3453,2547,200
stratified,0.05,113,3449,2736,200
stratified,0.05,114,3584,2603,200
stratified,0.05,115,3464,2358,200
stratified,0.05,116,3448,2550,200
stratified,0.05,117,3452,2740,200
stratified,0.05,118,3437,2716,200
stratified,0.05,119,3451,2672,200
stratified,0.05,120,3461,2440,200
stratified,0.05,121,3627,2841,200
stratified,0.05,122,3626,2569,200
stratified,0.05,123,3430,2693,200
stratified,0.05,124,3424,2694,200
stratified,0.05,125,3439,2660,200
stratified,0.05,126,3432,2330,200
stratified,0.05,127,3431,2692,200
stratified,0.05,128,3579,2663,200
stratified,0.05,129,3474,2649,200
stratified,0.05,130,2972,2414,200
stratified,0.05,131,3438,2779,200
stratified,0.05,132,3443,2709,200
stratified,0.05,133,3444,2799,200
stratified,0.05,134,3623,2666,200
stratified,0.05,135,3447,2663,200
stratified,0.05,136,3451,2559,200
stratified,0.05,137,3627,2668,200
stratified,0.05,138,3481,2703,200
stratified,0.05,139,3451,2402,200
stratified,0.05,140,3438,2748,200
stratified,0.05,141,3451,2735,200
stratified,0.05,142,3440,2734,200
stratified,0.05,143,3446,2754,200
stratified,0.05,144,3614,2687,200
stratified,0.05,145,3485,2666,200
stratified,0.05,146,3455,2585,200
stratified,0.05,147,3440,2697,200
stratified,0.05,148,3466,2463,200
stratified,0.05,149,3446,2816,200
stratified,0.05,150,3447,2580,200
stratified,0.05,151,3594,2877,200
stratified,0.05,152,3462,2721,200
stratified,0.05,153,3461,2540,200
stratified,0.05,154,3434,2742,200
stratified,0.05,155,3453,2630,200
stratified,0.05,156,3482,2748,200
stratified,0.05,157,3606,2803,200
stratified,0.05,158,3453,2751,200
stratified,0.05,159,3457,2646,200
stratified,0.05,160,3444,2373,200
stratified,0.05,161,3617,2723,200
stratified,0.05,162,3447,2683,200
stratified,0.05,163,3444,2754,200
stratified,0.05,164,3445,2692,200
stratified,0.05,165,3422,2691,200
stratified,0.05,166,3613,2851,200
stratified,0.05,167,3439,2648,200
stratified,0.05,168,3452,2785,200
stratified,0.05,169,3614,2757,200
stratified,0.05,170,3435,2795,200
stratified,0.05,171,3456,2405,200
stratified,0.05,172,3605,2789,200
stratified,0.05,173,3425,2753,200
stratified,0.05,174,3452,2561,200
stratified,0.05,175,3452,2382,200
stratified,0.05,176,3451,2646,200
stratified,0.05,177,3441,2774,200
stratified,0.05,178,3464,2751,200
stratified,0.05,179,3339,2712,200
stratified,0.05,180,3456,2548,200
stratified,0.05,181,3443,2533,200
stratified,0.05,182,3461,2767,200
stratified,0.05,183,3436,2724,200
stratified,0.05,184,3445,2425,200
stratified,0.05,185,3465,2721,200
stratified,0.05,186,3436,2464,200
stratified,0.05,187,3447,2713,200
stratified,0.05,188,3463,2483,200
stratified,0.05,189,3429,2746,200
stratified,0.05,190,3423,2754,200
stratified,0.05,191,3456,2735,200
stratified,0.05,192,3442,2630,200
stratified,0.05,193,3456,2714,200
stratified,0.05,194,3449,2595,200
stratified,0.05,195,3451,2762,200
stratified,0.05,196,3446,2775,200
stratified,0.05,197,3449,2686,200
stratified,0.05,198,3428,2666,200
stratified,0.05,199,3610,2489,200
stratified,0.05,200,3448,2638,200
stratified,0.05,201,3443,2571,200
stratified,0.05,202,3447,2742,200
stratified,0.05,203,3445,2747,200
stratified,0.05,204,3438,2750,200
stratified,0.05,205,3414,2600,200
stratified,0.05,206,3463,2434,200
stratified,0.05,207,3446,2611,200
stratified,0.05,208,3481,2648,200
stratified,0.05,209,3439,2723,200
stratified,0.05,210,3462,2695,200
stratified,0.05,211,3446,2644,200
stratified,0.05,212,3475,2546,200
stratified,0.05,213,3425,2403,200
stratified,0.05,214,3483,2632,200
stratified,0.05,215,3441,2738,200
stratified,0.05,216,3457,2466,200
stratified,0.05,217,3602,2952,200
stratified,0.05,218,3461,2799,200
stratified,0.05,219,3456,2714,200
stratified,0.05,220,3447,2429,200
stratified,0.05,221,3450,2610,200
stratified,0.05,222,3440,2575,200
stratified,0.05,223,3450,2526,200
stratified,0.05,224,3440,2708,200
stratified,0.05,225,3456,2688,200
stratified,0.05,226,3419,2527,200
stratified,0.05,227,3609,2799,200
stratified,0.05,228,3452,2743,200
stratified,0.05,229,3439,2710,200
stratified,0.05,230,3448,2796,200
stratified,0.05,231,3413,2543,200
stratified,0.05,232,3442,2659,200
stratified,0.05,233,3509,2616,200
stratified,0.05,234,3610,2834,200
stratified,0.05,235,3618,2800,200
stratified,0.05,236,3444,2736,200
stratified,0.05,237,3437,2768,200
stratified,0.05,238,3444,2784,200
stratified,0.05,239,3439,2600,200
stratified,0.05,240,3444,2642,200
stratified,0.05,241,3623,2653,200
stratified,0.05,242,3452,2719,200
stratified,0.05,243,3433,2612,200
stratified,0.05,244,3436,2408,200
stratified,0.05,245,3615,2807,200
stratified,0.05,246,3611,2836,200
stratified,0.05,247,3605,2554,200
stratified,0.05,248,3429,2632,200
stratified,0.05,249,3447,2451,200
stratified,0.05,250,3429,2417,200
stratified,0.05,251,3450,2433,200
stratified,0.05,252,3621,2874,200
stratified,0.05,253,3449,2793,200
stratified,0.05,254,3448,2773,200
stratified,0.05,255,3445,2417,200
stratified,0.05,256,3439,2488,200
stratified,0.05,257,3428,2749,200
stratified,0.05,258,3433,2646,200
stratified,0.05,259,3444,2606,200
stratified,0.05,260,3621,2769,200
stratified,0.05,261,3434,2691,200
stratified,0.05,262,3452,2543,200
stratified,0.05,263,3458,2443,200
stratified,0.05,264,3435,2422,200
stratified,0.05,265,3459,2735,200
stratified,0.05,266,2943,2437,200
stratified,0.05,267,3446,2752,200
stratified,0.05,268,3460,2446,200
stratified,0.05,269,3621,2817,200
stratified,0.05,270,3439,2618,200
stratified,0.05,271,3446,2654,200
stratified,0.05,272,3451,2478,200
stratified,0.05,273,3452,2661,200
stratified,0.05,274,3452,2781,200
stratified,0.05,275,3443,2536,200
stratified,0.05,276,3472,2744,200
stratified,0.05,277,3452,2719,200
stratified,0.05,278,3440,2529,200
stratified,0.05,279,3448,2467,200
stratified,0.05,280,3441,2676,200
stratified,0.05,281,3618,2806,200
stratified,0.05,282,3632,2936,200
stratified,0.05,283,3438,2646,200
stratified,0.05,284,3431,2778,200
stratified,0.05,285,3488,2688,200
stratified,0.05,286,3447,2589,200
stratified,0.05,287,3618,2836,200
stratified,0.05,288,3602,2941,200
stratified,0.05,289,3436,2650,200
stratified,0.05,290,3489,2843,200
stratified,0.05,291,3436,2717,200
stratified,0.05,292,3435,2702,200
stratified,0.05,293,3446,2612,200
stratified,0.05,294,3613,2800,200
stratified,0.05,295,3450,2768,200
stratified,0.05,296,3617,2872,200
stratified,0.05,297,3102,2478,200
stratified,0.05,298,2964,2427,200
stratified,0.05,299,3449,2736,200
stratified,0.05,300,3627,2865,200
stratified,0.05,301,3615,2866,200
stratified,0.05,302,3418,2492,200
stratified,0.05,303,3454,2744,200
stratified,0.05,304,3446,2356,200
stratified,0.05,305,3604,2853,200
stratified,0.05,306,3457,2499,200
stratified,0.05,307,3624,2822,200
stratified,0.05,308,3130,2570,200
stratified,0.05,309,3441,2794,200
stratified,0.05,310,3440,2725,200
stratified,0.05,311,3446,2474,200
stratified,0.05,312,3449,2485,200
stratified,0.05,313,3438,2556,200
stratified,0.05,314,3449,2781,200
stratified,0.05,315,3607,2875,200
stratified,0.05,316,3629,2804,200
stratified,0.05,317,3615,2773,200
stratified,0.05,318,3484,2701,200
stratified,0.05,319,3609,2546,200
stratified,0.05,320,3447,2617,200
stratified,0.05,321,3588,2962,200
stratified,0.05,322,3440,2637,200
stratified,0.05,323,3436,2807,200
stratified,0.05,324,3453,2753,200
stratified,0.05,325,3626,2594,200
stratified,0.05,326,3620,2901,200
stratified,0.05,327,3448,2492,200
stratified,0.05,328,3611,2777,200
stratified,0.05,329,3621,2936,200
stratified,0.05,330,3450,2510,200
stratified,0.05,331,2967,2381,200
stratified,0.05,332,3434,2740,200
stratified,0.05,333,3454,2711,200
stratified,0.05,334,3438,2753,200
stratified,0.05,335,3448,2697,200
stratified,0.05,336,3447,2530,200
stratified,0.05,337,3444,2740,200
stratified,0.05,338,3422,2652,200
stratified,0.05,339,3447,2690,200
stratified,0.05,340,3456,2475,200
stratified,0.05,341,3450,2665,200
stratified,0.05,342,3646,2909,200
stratified,0.05,343,3448,2591,200
stratified,0.05,344,3440,2601,200
stratified,0.05,345,3434,2800,200
stratified,0.05,346,3446,2578,200
stratified,0.05,347,3436,2654,200
stratified,0.05,348,3442,2426,200
stratified,0.05,349,3601,2846,200
stratified,0.05,350,3448,2518,200
stratified,0.05,351,3435,2752,200
stratified,0.05,352,3453,2618,200
stratified,0.05,353,3455,2788,200
stratified,0.05,354,3448,2617,200
stratified,0.05,355,3431,2631,200
stratified,0.05,356,3445,2668,200
stratified,0.05,357,3635,2662,200
stratified,0.05,358,3445,2778,200
stratified,0.05,359,3455,2540,200
stratified,0.05,360,3444,2427,200
stratified,0.05,361,3458,2614,200
stratified,0.05,362,3438,2787,200
stratified,0.05,363,3460,2476,200
stratified,0.05,364,3435,2810,200
stratified,0.05,365,3426,2493,200
stratified,0.05,366,3436,2653,200
stratified,0.05,367,3439,2819,200
stratified,0.05,368,3449,2671,200
stratified,0.05,369,3627,2541,200
stratified,0.05,370,3457,2590,200
stratified,0.05,371,2959,2416,200
stratified,0.05,372,3438,2801,200
stratified,0.05,373,3617,2508,200
stratified,0.05,374,3429,2749,200
stratified,0.05,375,3598,2940,200
stratified,0.05,376,3622,2953,200
stratified,0.05,377,3625,2929,200
stratified,0.05,378,3433,2653,200
stratified,0.05,379,3430,2708,200
stratified,0.05,380,3444,2521,200
stratified,0.05,381,3453,2741,200
stratified,0.05,382,3446,2667,200
stratified,0.05,383,3461,2766,200
stratified,0.05,384,3630,2923,200
stratified,0.05,385,3453,2693,200
stratified,0.05,386,3443,2859,200
stratified,0.05,387,3430,2721,200
stratified,0.05,388,3429,2791,200
stratified,0.05,389,3451,2335,200
stratified,0.05,390,3497,2785,200
stratified,0.05,391,3435,2322,200
stratified,0.05,392,3439,2508,200
stratified,0.05,393,2965,2403,200
stratified,0.05,394,3419,2670,200
stratified,0.05,395,3455,2472,200
stratified,0.05,396,3459,2642,200
stratified,0.05,397,3440,2777,200
stratified,0.05,398,3452,2421,200
stratified,0.05,399,3443,2757,200
stratified,0.05,400,3436,2491,200
stratified,0.05,401,3477,2345,200
stratified,0.05,402,3144,2451,200
stratified,0.05,403,3464,2515,200
stratified,0.05,404,3454,2699,200
stratified,0.05,405,3617,2735,200
stratified,0.05,406,3415,2727,200
stratified,0.05,407,3425,2766,200
stratified,0.05,408,3607,2744,200
stratified,0.05,409,3464,2596,200
stratified,0.05,410,3445,2599,200
stratified,0.05,411,3628,2649,200
stratified,0.05,412,3458,2709,200
stratified,0.05,413,3460,2528,200
stratified,0.05,414,3447,2691,200
stratified,0.05,415,3384,2504,200
stratified,0.05,416,3454,2581,200
stratified,0.05,417,3450,2783,200
stratified,0.05,418,3420,2714,200
stratified,0.05,419,3452,2708,200
stratified,0.05,420,3450,2782,200
stratified,0.05,421,3501,2625,200
stratified,0.05,422,3627,2883,200
stratified,0.05,423,3441,2745,200
stratified,0.05,424,3617,2418,200
stratified,0.05,425,3458,2678,200
stratified,0.05,426,3449,2311,200
stratified,0.05,427,3459,2708,200
stratified,0.05,428,3457,2736,200
stratified,0.05,429,3491,2799,200
stratified,0.05,430,3444,2742,200
stratified,0.05,431,3443,2694,200
stratified,0.05,432,3458,2730,200
stratified,0.05,433,3454,2669,200
stratified,0.05,434,3587,2722,200
stratified,0.05,435,3446,2754,200
stratified,0.05,436,3595,2547,200
stratified,0.05,437,3621,2862,200
stratified,0.05,438,3448,2531,200
stratified,0.05,439,3437,2452,200
stratified,0.05,440,3456,2402,200
stratified,0.05,441,3432,2732,200
stratified,0.05,442,3676,2643,200
stratified,0.05,443,3452,2759,200
stratified,0.05,444,3446,2408,200
stratified,0.05,445,3451,2688,200
stratified,0.05,446,3457,2622,200
stratified,0.05,447,3444,2681,200
stratified,0.05,448,3617,2595,200
stratified,0.05,449,3632,2677,200
stratified,0.05,450,3438,2499,200
stratified,0.05,451,3444,2701,200
stratified,0.05,452,3433,2458,200
stratified,0.05,453,3449,2628,200
stratified,0.05,454,3443,2772,200
stratified,0.05,455,3453,2625,200
stratified,0.05,456,3360,2408,200
stratified,0.05,457,3609,2654,200
stratified,0.05,458,3619,2542,200
stratified,0.05,459,3441,2408,200
stratified,0.05,460,3442,2760,200
stratified,0.05,461,3458,2668,200
stratified,0.05,462,3432,2710,200
stratified,0.05,463,3477,2619,200
stratified,0.05,464,3441,2507,200
stratified,0.05,465,3447,2664,200
stratified,0.05,466,3624,2765,200
stratified,0.05,467,3625,2719,200
stratified,0.05,468,3445,2530,200
stratified,0.05,469,3451,2548,200
stratified,0.05,470,3622,2808,200
stratified,0.05,471,3624,2478,200
stratified,0.05,472,3454,2754,200
stratified,0.05,473,3452,2746,200
stratified,0.05,474,3454,2734,200
stratified,0.05,475,3490,2470,200
stratified,0.05,476,3451,2620,200
stratified,0.05,477,3455,2398,200
stratified,0.05,478,3446,2545,200
stratified,0.05,479,3605,2607,200
stratified,0.05,480,3627,2579,200
stratified,0.05,481,3607,2669,200
stratified,0.05,482,3448,2792,200
stratified,0.05,483,3628,2531,200
stratified,0.05,484,3454,2747,200
stratified,0.05,485,3443,2734,200
stratified,0.05,486,3648,2859,200
stratified,0.05,487,3450,2527,200
stratified,0.05,488,3598,2665,200
stratified,0.05,489,3456,2481,200
stratified,0.05,490,3463,2751,200
stratified,0.05,491,3453,2616,200
stratified,0.05,492,3434,2781,200
stratified,0.05,493,3616,2547,200
stratified,0.05,494,3441,2398,200
stratified,0.05,495,3450,2624,200
stratified,0.05,496,3444,2623,200
stratified,0.05,497,3624,2652,200
stratified,0.05,498,3433,2754,200
stratified,0.05,499,3418,2765,200
stratified,0.1,0,3260,2473,200
stratified,0.1,1,3292,2219,200
stratified,0.1,2,3378,2401,200
stratified,0.1,3,3259,2407,200
stratified,0.1,4,3246,2270,200
stratified,0.1,5,3408,2505,200
stratified,0.1,6,3262,2251,200
stratified,0.1,7,3245,2257,200
stratified,0.1,8,3380,2179,200
stratified,0.1,9,3247,2276,200
stratified,0.1,10,3254,2088,200
stratified,0.1,11,3234,2520,200
stratified,0.1,12,3225,2380,200
stratified,0.1,13,3245,2175,200
stratified,0.1,14,3417,2496,200
stratified,0.1,15,3253,2600,200
stratified,0.1,16,3417,2232,200
stratified,0.1,17,3380,2580,200
stratified,0.1,18,3261,2373,200
stratified,0.1,19,3244,2336,200
stratified,0.1,20,3240,2401,200
stratified,0.1,21,3252,2355,200
stratified,0.1,22,3243,2338,200
stratified,0.1,23,3245,2527,200
stratified,0.1,24,3230,2366,200
stratified,0.1,25,3247,2382,200
stratified,0.1,26,3251,2248,200
stratified,0.1,27,3418,2534,200
stratified,0.1,28,3253,2128,200
stratified,0.1,29,3253,2584,200
stratified,0.1,30,3232,2439,200
stratified,0.1,31,3219,2422,200
stratified,0.1,32,3231,2308,200
stratified,0.1,33,3268,2355,200
stratified,0.1,34,3260,2374,200
stratified,0.1,35,3413,2301,200
stratified,0.1,36,3258,2436,200
stratified,0.1,37,3443,2416,200
stratified,0.1,38,3251,2223,200
stratified,0.1,39,3260,2450,200
stratified,0.1,40,3252,2387,200
stratified,0.1,41,3423,2231,200
stratified,0.1,42,3252,2370,200
stratified,0.1,43,3256,2556,200
stratified,0.1,44,3225,2428,200
stratified,0.1,45,3227,2355,200
stratified,0.1,46,3217,2411,200
stratified,0.1,47,3257,2397,200
stratified,0.1,48,3233,2490,200
stratified,0.1,49,3167,2367,200
stratified,0.1,50,3260,2349,200
stratified,0.1,51,3258,2105,200
stratified,0.1,52,3246,2292,200
stratified,0.1,53,3410,2498,200
stratified,0.1,54,3422,2345,200
stratified,0.1,55,3257,2656,200
stratified,0.1,56,3246,2514,200
stratified,0.1,57,3258,2227,200
stratified,0.1,58,3164,2091,200
stratified,0.1,59,3244,2148,200
stratified,0.1,60,3252,2572,200
stratified,0.1,61,3418,2261,200
stratified,0.1,62,3263,2413,200
stratified,0.1,63,3250,2152,200
stratified,0.1,64,3262,2327,200
stratified,0.1,65,3238,2402,200
stratified,0.1,66,3259,2123,200
stratified,0.1,67,3241,2471,200
stratified,0.1,68,3254,2349,200
stratified,0.1,69,3309,2533,200
stratified,0.1,70,3235,2381,200
stratified,0.1,71,3275,2194,200
stratified,0.1,72,3259,2484,200
stratified,0.1,73,3254,2474,200
stratified,0.1,74,3217,2376,200
stratified,0.1,75,3414,2452,200
stratified,0.1,76,3233,2301,200
stratified,0.1,77,3385,2396,200
stratified,0.1,78,3291,2393,200
stratified,0.1,79,3385,2543,200
stratified,0.1,80,3240,2175,200
stratified,0.1,81,3388,2441,200
stratified,0.1,82,3242,2418,200
stratified,0.1,83,3223,2167,200
stratified,0.1,84,3367,2495,200
stratified,0.1,85,3249,2126,200
stratified,0.1,86,3393,2223,200
stratified,0.1,87,3245,2214,200
stratified,0.1,88,3292,2499,200
stratified,0.1,89,3246,2339,200
stratified,0.1,90,3244,2603,200
stratified,0.1,91,3242,2187,200
stratified,0.1,92,3416,2455,200
stratified,0.1,93,3246,2470,200
stratified,0.1,94,3400,2281,200
stratified,0.1,95,3216,2291,200
stratified,0.1,96,3245,2102,200
stratified,0.1,97,3408,2592,200
stratified,0.1,98,3248,2241,200
stratified,0.1,99,3254,2436,200
stratified,0.1,100,3254,2264,200
stratified,0.1,101,3266,2544,200
stratified,0.1,102,3233,2393,200
stratified,0.1,103,3249,2427,200
stratified,0.1,104,3269,2401,200
stratified,0.1,105,3421,2171,200
stratified,0.1,106,3246,2507,200
stratified,0.1,107,3257,2166,200
stratified,0.1,108,3259,2163,200
stratified,0.1,109,3227,2466,200
stratified,0.1,110,3251,2437,200
stratified,0.1,111,3251,2439,200
stratified,0.1,112,3254,2264,200
stratified,0.1,113,3246,2378,200
stratified,0.1,114,3240,2254,200
stratified,0.1,115,3253,2503,200
stratified,0.1,116,3263,2102,200
stratified,0.1,117,3412,2449,200
stratified,0.1,118,3224,2580,200
stratified,0.1,119,3279,2420,200
stratified,0.1,120,2780,2089,200
stratified,0.1,121,3249,2320,200
stratified,0.1,122,3245,2111,200
stratified,0.1,123,3247,2356,200
stratified,0.1,124,3250,2328,200
stratified,0.1,125,3391,2798,200
stratified,0.1,126,3410,2597,200
stratified,0.1,127,3248,2301,200
stratified,0.1,128,3251,2281,200
stratified,0.1,129,3234,2220,200
stratified,0.1,130,3245,2189,200
stratified,0.1,131,3413,2385,200
stratified,0.1,132,3255,2183,200
stratified,0.1,133,3243,2322,200
stratified,0.1,134,3392,2426,200
stratified,0.1,135,3403,2177,200
stratified,0.1,136,3234,2301,200
stratified,0.1,137,3258,2487,200
stratified,0.1,138,3258,2447,200
stratified,0.1,139,3242,2291,200
stratified,0.1,140,3250,2261,200
stratified,0.1,141,3245,2257,200
stratified,0.1,142,3251,2422,200
stratified,0.1,143,3227,2277,200
stratified,0.1,144,3166,2333,200
stratified,0.1,145,3266,2575,200
stratified,0.1,146,3247,2461,200
stratified,0.1,147,3240,2330,200
stratified,0.1,148,3242,2466,200
stratified,0.1,149,3414,2414,200
stratified,0.1,150,3409,2388,200
stratified,0.1,151,3249,2526,200
stratified,0.1,152,3295,2456,200
stratified,0.1,153,3238,2333,200
stratified,0.1,154,3247,2365,200
stratified,0.1,155,3399,2491,200
stratified,0.1,156,3249,2418,200
stratified,0.1,157,3255,2120,200
stratified,0.1,158,3255,2156,200
stratified,0.1,159,3228,2459,200
stratified,0.1,160,3263,2306,200
stratified,0.1,161,3259,2270,200
stratified,0.1,162,3238,2269,200
stratified,0.1,163,3222,2174,200
stratified,0.1,164,3418,2389,200
stratified,0.1,165,3281,2525,200
stratified,0.1,166,3246,2396,200
stratified,0.1,167,3245,2355,200
stratified,0.1,168,3251,2247,200
stratified,0.1,169,3241,2378,200
stratified,0.1,170,3216,2300,200
stratified,0.1,171,3256,2459,200
stratified,0.1,172,2837,2122,200
stratified,0.1,173,3258,2522,200
stratified,0.1,174,3262,2552,200
stratified,0.1,175,3336,2439,200
stratified,0.1,176,3413,2361,200
stratified,0.1,177,3259,2432,200
stratified,0.1,178,3246,2470,200
stratified,0.1,179,3237,2485,200
stratified,0.1,180,3413,2559,200
stratified,0.1,181,3257,2215,200
stratified,0.1,182,3418,2542,200
stratified,0.1,183,3253,2156,200
stratified,0.1,184,3238,2441,200
stratified,0.1,185,3254,2419,200
stratified,0.1,186,3242,2641,200
stratified,0.1,187,3261,2296,200
stratified,0.1,188,3229,2258,200
stratified,0.1,189,3258,2442,200
stratified,0.1,190,3412,2238,200
stratified,0.1,191,3238,2276,200
stratified,0.1,192,3245,2280,200
stratified,0.1,193,3256,2247,200
stratified,0.1,194,3217,2459,200
stratified,0.1,195,3242,2404,200
stratified,0.1,196,3249,2260,200
stratified,0.1,197,3261,2432,200
stratified,0.1,198,3402,2392,200
stratified,0.1,199,3408,2550,200
stratified,0.1,200,3252,2345,200
stratified,0.1,201,3245,2468,200
stratified,0.1,202,3249,2494,200
stratified,0.1,203,3395,2516,200
stratified,0.1,204,3249,2325,200
stratified,0.1,205,3263,2237,200
stratified,0.1,206,3262,2232,200
stratified,0.1,207,3260,2400,200
stratified,0.1,208,3250,2201,200
stratified,0.1,209,3252,2463,200
stratified,0.1,210,3262,2278,200
stratified,0.1,211,3401,2482,200
stratified,0.1,212,3244,2436,200
stratified,0.1,213,3227,2340,200
stratified,0.1,214,3254,2467,200
stratified,0.1,215,3236,2375,200
stratified,0.1,216,3409,2354,200
stratified,0.1,217,3237,2520,200
stratified,0.1,218,3257,2314,200
stratified,0.1,219,3272,2395,200
stratified,0.1,220,3402,2526,200
stratified,0.1,221,3243,2199,200
stratified,0.1,222,3244,2529,200
stratified,0.1,223,3250,2116,200
stratified,0.1,224,3408,2255,200
stratified,0.1,225,3225,2300,200
stratified,0.1,226,3408,2309,200
stratified,0.1,227,3234,2425,200
stratified,0.1,228,3257,2196,200
stratified,0.1,229,3420,2235,200
stratified,0.1,230,2783,2084,200
stratified,0.1,231,3254,2120,200
stratified,0.1,232,3254,2255,200
stratified,0.1,233,3241,2380,200
stratified,0.1,234,3212,2195,200
stratified,0.1,235,3252,2423,200
stratified,0.1,236,3252,2393,200
stratified,0.1,237,3239,2473,200
stratified,0.1,238,3247,2394,200
stratified,0.1,239,3279,2108,200
stratified,0.1,240,3442,2175,200
stratified,0.1,241,3252,2289,200
stratified,0.1,242,3258,2425,200
stratified,0.1,243,3410,2236,200
stratified,0.1,244,3164,2451,200
stratified,0.1,245,3163,2354,200
stratified,0.1,246,3240,2237,200
stratified,0.1,247,3241,2658,200
stratified,0.1,248,3251,2227,200
stratified,0.1,249,3289,2336,200
stratified,0.1,250,3232,2223,200
stratified,0.1,251,3255,2489,200
stratified,0.1,252,3238,2359,200
stratified,0.1,253,3408,2503,200
stratified,0.1,254,3246,2417,200
stratified,0.1,255,3395,2318,200
stratified,0.1,256,3252,2213,200
stratified,0.1,257,3413,2629,200
stratified,0.1,258,3256,2090,200
stratified,0.1,259,3391,2495,200
stratified,0.1,260,3241,2406,200
stratified,0.1,261,3220,2338,200
stratified,0.1,262,3221,2335,200
stratified,0.1,263,3431,2457,200
stratified,0.1,264,3251,2086,200
stratified,0.1,265,3269,2354,200
stratified,0.1,266,3248,2290,200
stratified,0.1,267,3252,2135,200
stratified,0.1,268,3235,2396,200
stratified,0.1,269,3241,2180,200
stratified,0.1,270,3388,2450,200
stratified,0.1,271,3246,2170,200
stratified,0.1,272,3251,2400,200
stratified,0.1,273,3261,2401,200
stratified,0.1,274,3379,2401,200
stratified,0.1,275,3405,2171,200
stratified,0.1,276,3255,2346,200
stratified,0.1,277,3260,2457,200
stratified,0.1,278,3239,2186,200
stratified,0.1,279,3238,2503,200
stratified,0.1,280,3259,2312,200
stratified,0.1,281,3414,2101,200
stratified,0.1,282,3255,2329,200
stratified,0.1,283,3263,2216,200
stratified,0.1,284,3406,2395,200
stratified,0.1,285,3381,2423,200
stratified,0.1,286,3248,2431,200
stratified,0.1,287,3405,2497,200
stratified,0.1,288,3238,2404,200
stratified,0.1,289,3231,2149,200
stratified,0.1,290,3406,2269,200
stratified,0.1,291,3230,2201,200
stratified,0.1,292,3240,2382,200
stratified,0.1,293,3228,2248,200
stratified,0.1,294,3245,2362,200
stratified,0.1,295,3257,2376,200
stratified,0.1,296,3238,2680,200
stratified,0.1,297,3263,2241,200
stratified,0.1,298,3260,2285,200
stratified,0.1,299,3242,2244,200
stratified,0.1,300,3252,2179,200
stratified,0.1,301,3397,2386,200
stratified,0.1,302,3255,2397,200
stratified,0.1,303,3382,2240,200
stratified,0.1,304,3248,2587,200
stratified,0.1,305,3248,2518,200
stratified,0.1,306,3265,2255,200
stratified,0.1,307,3254,2206,200
stratified,0.1,308,3253,2336,200
stratified,0.1,309,3411,2505,200
stratified,0.1,310,3253,2395,200
stratified,0.1,311,3405,2501,200
stratified,0.1,312,3251,2414,200
stratified,0.1,313,3244,2478,200
stratified,0.1,314,2799,2114,200
stratified,0.1,315,3238,2400,200
stratified,0.1,316,3419,2484,200
stratified,0.1,317,3248,2379,200
stratified,0.1,318,3240,2273,200
stratified,0.1,319,3248,2391,200
stratified,0.1,320,3249,2425,200
stratified,0.1,321,3418,2550,200
stratified,0.1,322,3237,2371,200
stratified,0.1,323,3267,2437,200
stratified,0.1,324,3267,2139,200
stratified,0.1,325,3251,2464,200
stratified,0.1,326,3259,2358,200
stratified,0.1,327,3242,2275,200
stratified,0.1,328,3406,2806,200
stratified,0.1,329,3249,2425,200
stratified,0.1,330,3257,2444,200
stratified,0.1,331,3231,2639,200
stratified,0.1,332,3248,2453,200
stratified,0.1,333,3394,2515,200
stratified,0.1,334,3397,2296,200
stratified,0.1,335,3246,2501,200
stratified,0.1,336,3403,2285,200
stratified,0.1,337,3415,2616,200
stratified,0.1,338,3246,2375,200
stratified,0.1,339,3263,2484,200
stratified,0.1,340,3386,2544,200
stratified,0.1,341,3263,2124,200
stratified,0.1,342,3234,2501,200
stratified,0.1,343,2801,2122,200
stratified,0.1,344,2805,2179,200
stratified,0.1,345,3375,2289,200
stratified,0.1,346,3247,2282,200
stratified,0.1,347,3393,2233,200
stratified,0.1,348,3245,2541,200
stratified,0.1,349,3251,2326,200
stratified,0.1,350,3215,2378,200
stratified,0.1,351,3412,2292,200
stratified,0.1,352,3254,2250,200
stratified,0.1,353,3234,2370,200
stratified,0.1,354,3407,2473,200
stratified,0.1,355,3247,2143,200
stratified,0.1,356,3381,2391,200
stratified,0.1,357,3244,2599,200
stratified,0.1,358,3380,2569,200
stratified,0.1,359,2785,2035,200
stratified,0.1,360,3231,2381,200
stratified,0.1,361,3377,2514,200
stratified,0.1,362,3430,2548,200
stratified,0.1,363,3383,2556,200
stratified,0.1,364,3251,2398,200
stratified,0.1,365,3256,2068,200
stratified,0.1,366,3246,2299,200
stratified,0.1,367,3242,2412,200
stratified,0.1,368,3255,2450,200
stratified,0.1,369,3245,2143,200
stratified,0.1,370,3261,2347,200
stratified,0.1,371,3258,2389,200
stratified,0.1,372,3248,2244,200
stratified,0.1,373,3396,2531,200
stratified,0.1,374,3257,2408,200
stratified,0.1,375,3265,2141,200
stratified,0.1,376,3419,2437,200
stratified,0.1,377,3423,2605,200
stratified,0.1,378,3258,2259,200
stratified,0.1,379,3250,2122,200
stratified,0.1,380,3412,2400,200
stratified,0.1,381,3254,2418,200
stratified,0.1,382,3253,2444,200
stratified,0.1,383,3410,2460,200
stratified,0.1,384,3250,2556,200
stratified,0.1,385,3251,2127,200
stratified,0.1,386,3402,2368,200
stratified,0.1,387,3240,2388,200
stratified,0.1,388,3236,2383,200
stratified,0.1,389,3240,2491,200
stratified,0.1,390,3244,2633,200
stratified,0.1,391,3283,2453,200
stratified,0.1,392,3230,2411,200
stratified,0.1,393,3237,2289,200
stratified,0.1,394,3253,2343,200
stratified,0.1,395,3233,2234,200
stratified,0.1,396,3254,2234,200
stratified,0.1,397,3260,2547,200
stratified,0.1,398,3242,2214,200
stratified,0.1,399,3245,2266,200
stratified,0.1,400,3395,2428,200
stratified,0.1,401,3249,2423,200
stratified,0.1,402,3248,2235,200
stratified,0.1,403,3242,2235,200
stratified,0.1,404,3247,2533,200
stratified,0.1,405,3393,2667,200
stratified,0.1,406,3250,2225,200
stratified,0.1,407,3290,2223,200
stratified,0.1,408,3247,2408,200
stratified,0.1,409,3258,2133,200
stratified,0.1,410,3264,2367,200
stratified,0.1,411,3257,2365,200
stratified,0.1,412,3244,2415,200
stratified,0.1,413,3247,2238,200
stratified,0.1,414,3217,2456,200
stratified,0.1,415,3393,2350,200
stratified,0.1,416,3249,2368,200
stratified,0.1,417,3242,2406,200
stratified,0.1,418,3231,2489,200
stratified,0.1,419,3392,2466,200
stratified,0.1,420,3404,2536,200
stratified,0.1,421,3414,2527,200
stratified,0.1,422,3240,2221,200
stratified,0.1,423,3173,2245,200
stratified,0.1,424,3240,2471,200
stratified,0.1,425,3258,2553,200
stratified,0.1,426,3232,2225,200
stratified,0.1,427,3231,2533,200
stratified,0.1,428,3258,2515,200
stratified,0.1,429,3258,2502,200
stratified,0.1,430,3447,2574,200
stratified,0.1,431,3234,2379,200
stratified,0.1,432,3409,2543,200
stratified,0.1,433,3254,2445,200
stratified,0.1,434,3255,2114,200
stratified,0.1,435,3235,2445,200
stratified,0.1,436,3241,2080,200
stratified,0.1,437,3393,2421,200
stratified,0.1,438,3413,2237,200
stratified,0.1,439,3397,2343,200
stratified,0.1,440,3243,2357,200
stratified,0.1,441,3246,2371,200
stratified,0.1,442,3249,2403,200
stratified,0.1,443,3394,2317,200
stratified,0.1,444,3238,2325,200
stratified,0.1,445,3388,2453,200
stratified,0.1,446,3238,2096,200
stratified,0.1,447,3247,2280,200
stratified,0.1,448,3410,2420,200
stratified,0.1,449,3235,2256,200
stratified,0.1,450,3246,2178,200
stratified,0.1,451,3229,2343,200
stratified,0.1,452,3242,2504,200
stratified,0.1,453,3258,2351,200
stratified,0.1,454,3252,2198,200
stratified,0.1,455,3403,2636,200
stratified,0.1,456,3427,2736,200
stratified,0.1,457,3385,2561,200
stratified,0.1,458,3245,2258,200
stratified,0.1,459,3241,2422,200
stratified,0.1,460,3267,2379,200
stratified,0.1,461,3408,2237,200
stratified,0.1,462,3246,2388,200
stratified,0.1,463,3253,2287,200
stratified,0.1,464,3256,2506,200
stratified,0.1,465,3235,2168,200
stratified,0.1,466,3254,2416,200
stratified,0.1,467,3160,2383,200
stratified,0.1,468,3276,2354,200
stratified,0.1,469,3269,2321,200
stratified,0.1,470,3401,2489,200
stratified,0.1,471,3248,2414,200
stratified,0.1,472,3196,2331,200
stratified,0.1,473,3232,2190,200
stratified,0.1,474,3256,2344,200
stratified,0.1,475,3241,2298,200
stratified,0.1,476,3407,2392,200
stratified,0.1,477,3389,2279,200
stratified,0.1,478,3239,2274,200
stratified,0.1,479,3241,2127,200
stratified,0.1,480,3252,2429,200
stratified,0.1,481,3252,2217,200
stratified,0.1,482,3244,2404,200
stratified,0.1,483,3253,2464,200
stratified,0.1,484,3440,2276,200
stratified,0.1,485,3272,2384,200
stratified,0.1,486,3258,2367,200
stratified,0.1,487,3239,2387,200
stratified,0.1,488,3160,2089,200
stratified,0.1,489,3258,2178,200
stratified,0.1,490,3248,2195,200
stratified,0.1,491,3248,2316,200
stratified,0.1,492,3250,2352,200
stratified,0.1,493,3407,2296,200
stratified,0.1,494,3279,2159,200
stratified,0.1,495,3386,2525,200
stratified,0.1,496,3249,2450,200
stratified,0.1,497,3271,2461,200
stratified,0.1,498,3247,2440,200
stratified,0.1,499,3406,2452,200
stratified,0.15,0,3113,2109,200
stratified,0.15,1,2634,1929,200
stratified,0.15,2,3035,2222,200
stratified,0.15,3,2600,1933,200
stratified,0.15,4,3042,2202,200
stratified,0.15,5,3064,2388,200
stratified,0.15,6,2774,1917,200
stratified,0.15,7,2755,1974,200
stratified,0.15,8,3036,2241,200
stratified,0.15,9,3052,2185,200
stratified,0.15,10,2774,2077,200
stratified,0.15,11,3041,2166,200
stratified,0.15,12,2609,2020,200
stratified,0.15,13,3027,2176,200
stratified,0.15,14,3224,2389,200
stratified,0.15,15,3204,2271,200
stratified,0.15,16,3034,2316,200
stratified,0.15,17,3049,2225,200
stratified,0.15,18,2606,1978,200
stratified,0.15,19,2607,1937,200
stratified,0.15,20,2786,2032,200
stratified,0.15,21,2631,1959,200
stratified,0.15,22,2641,1977,200
stratified,0.15,23,2613,1931,200
stratified,0.15,24,2968,2106,200
stratified,0.15,25,2611,1940,200
stratified,0.15,26,2614,1975,200
stratified,0.15,27,2772,1967,200
stratified,0.15,28,3057,2188,200
stratified,0.15,29,3072,2289,200
stratified,0.15,30,2774,2099,200
stratified,0.15,31,3207,2242,200
stratified,0.15,32,2623,1911,200
stratified,0.15,33,2631,2036,200
stratified,0.15,34,3053,2320,200
stratified,0.15,35,3062,2160,200
stratified,0.15,36,2601,1988,200
stratified,0.15,37,2621,1837,200
stratified,0.15,38,2629,1910,200
stratified,0.15,39,3062,2067,200
stratified,0.15,40,2772,2025,200
stratified,0.15,41,2609,1943,200
stratified,0.15,42,2621,1934,200
stratified,0.15,43,2545,1964,200
stratified,0.15,44,3206,2278,200
stratified,0.15,45,2534,1938,200
stratified,0.15,46,2610,2035,200
stratified,0.15,47,3062,2213,200
stratified,0.15,48,2622,1931,200
stratified,0.15,49,3031,2158,200
stratified,0.15,50,3042,2202,200
stratified,0.15,51,3053,2196,200
stratified,0.15,52,3177,2342,200
stratified,0.15,53,2746,2126,200
stratified,0.15,54,3050,2110,200
stratified,0.15,55,2610,1892,200
stratified,0.15,56,2605,1945,200
stratified,0.15,57,2603,2009,200
stratified,0.15,58,3036,2191,200
stratified,0.15,59,2608,2002,200
stratified,0.15,60,3045,2203,200
stratified,0.15,61,2653,1939,200
stratified,0.15,62,3182,2158,200
stratified,0.15,63,2627,2001,200
stratified,0.15,64,3177,2295,200
stratified,0.15,65,3057,2070,200
stratified,0.15,66,3043,2164,200
stratified,0.15,67,3051,2215,200
stratified,0.15,68,2616,2026,200
stratified,0.15,69,3057,2170,200
stratified,0.15,70,3032,2329,200
stratified,0.15,71,3056,2071,200
stratified,0.15,72,3199,2199,200
stratified,0.15,73,2603,1974,200
stratified,0.15,74,2623,1916,200
stratified,0.15,75,2636,1965,200
stratified,0.15,76,2628,1935,200
stratified,0.15,77,2612,1973,200
stratified,0.15,78,3159,2340,200
stratified,0.15,79,3030,2094,200
stratified,0.15,80,2974,2175,200
stratified,0.15,81,2759,1975,200
stratified,0.15,82,2617,1952,200
stratified,0.15,83,3051,2165,200
stratified,0.15,84,2606,1918,200
stratified,0.15,85,3041,2189,200
stratified,0.15,86,3029,2008,200
stratified,0.15,87,3050,2200,200
stratified,0.15,88,2630,1974,200
stratified,0.15,89,3037,2332,200
stratified,0.15,90,2751,2063,200
stratified,0.15,91,3159,2324,200
stratified,0.15,92,3050,2187,200
stratified,0.15,93,3069,2230,200
stratified,0.15,94,3038,2041,200
stratified,0.15,95,2612,1943,200
stratified,0.15,96,3067,2316,200
stratified,0.15,97,2634,1965,200
stratified,0.15,98,3024,2334,200
stratified,0.15,99,2641,1972,200
stratified,0.15,100,3061,2115,200
stratified,0.15,101,2605,2008,200
stratified,0.15,102,2630,1889,200
stratified,0.15,103,2611,1986,200
stratified,0.15,104,3046,2257,200
stratified,0.15,105,2607,1999,200
stratified,0.15,106,3059,2307,200
stratified,0.15,107,2610,1958,200
stratified,0.15,108,2601,1888,200
stratified,0.15,109,3008,2205,200
stratified,0.15,110,3177,2305,200
stratified,0.15,111,3006,2176,200
stratified,0.15,112,2628,1979,200
stratified,0.15,113,3174,2278,200
stratified,0.15,114,2754,2170,200
stratified,0.15,115,2760,2001,200
stratified,0.15,116,2622,1910,200
stratified,0.15,117,3046,2053,200
stratified,0.15,118,3045,2201,200
stratified,0.15,119,2617,1865,200
stratified,0.15,120,3055,2158,200
stratified,0.15,121,3026,2241,200
stratified,0.15,122,2622,2011,200
stratified,0.15,123,3053,2259,200
stratified,0.15,124,3050,2216,200
stratified,0.15,125,2648,1927,200
stratified,0.15,126,3207,2082,200
stratified,0.15,127,2621,1977,200
stratified,0.15,128,3046,2017,200
stratified,0.15,129,2769,1955,200
stratified,0.15,130,2677,2022,200
stratified,0.15,131,3040,2221,200
stratified,0.15,132,3061,2204,200
stratified,0.15,133,3047,2165,200
stratified,0.15,134,3034,2227,200
stratified,0.15,135,3063,2172,200
stratified,0.15,136,2614,2047,200
stratified,0.15,137,2631,2010,200
stratified,0.15,138,2586,1982,200
stratified,0.15,139,3035,2179,200
stratified,0.15,140,2638,1993,200
stratified,0.15,141,3017,2069,200
stratified,0.15,142,2627,1994,200
stratified,0.15,143,2730,2037,200
stratified,0.15,144,3058,2092,200
stratified,0.15,145,2623,1909,200
stratified,0.15,146,3031,2139,200
stratified,0.15,147,2622,2076,200
stratified,0.15,148,2603,1928,200
stratified,0.15,149,2600,1940,200
stratified,0.15,150,3017,2265,200
stratified,0.15,151,3044,2261,200
stratified,0.15,152,3178,2310,200
stratified,0.15,153,3021,2063,200
stratified,0.15,154,2631,1972,200
stratified,0.15,155,2755,2034,200
stratified,0.15,156,2627,1920,200
stratified,0.15,157,2632,1968,200
stratified,0.15,158,3039,2223,200
stratified,0.15,159,2598,1949,200
stratified,0.15,160,3025,2216,200
stratified,0.15,161,3051,2263,200
stratified,0.15,162,2613,2012,200
stratified,0.15,163,2783,2033,200
stratified,0.15,164,3019,2171,200
stratified,0.15,165,2636,1939,200
stratified,0.15,166,2608,1906,200
stratified,0.15,167,2626,1972,200
stratified,0.15,168,2518,1948,200
stratified,0.15,169,2611,1989,200
stratified,0.15,170,2606,1977,200
stratified,0.15,171,3082,2110,200
stratified,0.15,172,2651,1962,200
stratified,0.15,173,2610,1952,200
stratified,0.15,174,3056,2261,200
stratified,0.15,175,3036,2311,200
stratified,0.15,176,2621,1977,200
stratified,0.15,177,3038,2099,200
stratified,0.15,178,2823,2160,200
stratified,0.15,179,2635,1845,200
stratified,0.15,180,2738,1974,200
stratified,0.15,181,2619,1925,200
stratified,0.15,182,3029,1970,200
stratified,0.15,183,3044,2177,200
stratified,0.15,184,3048,2189,200
stratified,0.15,185,2774,2026,200
stratified,0.15,186,2613,1864,200
stratified,0.15,187,3190,2238,200
stratified,0.15,188,2968,1944,200
stratified,0.15,189,2644,1935,200
stratified,0.15,190,2634,1956,200
stratified,0.15,191,2659,1919,200
stratified,0.15,192,2625,1957,200
stratified,0.15,193,2598,1990,200
stratified,0.15,194,2620,1938,200
stratified,0.15,195,2633,1859,200
stratified,0.15,196,2611,1966,200
stratified,0.15,197,3066,2141,200
stratified,0.15,198,3053,1980,200
stratified,0.15,199,2616,1894,200
stratified,0.15,200,3044,2241,200
stratified,0.15,201,3048,2212,200
stratified,0.15,202,3034,2207,200
stratified,0.15,203,2630,1911,200
stratified,0.15,204,2624,1880,200
stratified,0.15,205,3037,2190,200
stratified,0.15,206,2643,2012,200
stratified,0.15,207,2776,1976,200
stratified,0.15,208,3027,1930,200
stratified,0.15,209,1056,843,200
stratified,0.15,210,3043,2029,200
stratified,0.15,211,3063,2122,200
stratified,0.15,212,3047,2026,200
stratified,0.15,213,2770,2065,200
stratified,0.15,214,3043,2268,200
stratified,0.15,215,3033,2148,200
stratified,0.15,216,3053,2194,200
stratified,0.15,217,2608,1982,200
stratified,0.15,218,3027,2300,200
stratified,0.15,219,2627,1934,200
stratified,0.15,220,3214,2232,200
stratified,0.15,221,3029,2083,200
stratified,0.15,222,2627,1896,200
stratified,0.15,223,3052,2062,200
stratified,0.15,224,3010,2152,200
stratified,0.15,225,3029,1914,200
stratified,0.15,226,3079,2016,200
stratified,0.15,227,3019,2232,200
stratified,0.15,228,2637,1938,200
stratified,0.15,229,3057,2282,200
stratified,0.15,230,2628,1965,200
stratified,0.15,231,3040,2093,200
stratified,0.15,232,2632,1941,200
stratified,0.15,233,3033,2164,200
stratified,0.15,234,3196,2364,200
stratified,0.15,235,2601,2054,200
stratified,0.15,236,3046,1959,200
stratified,0.15,237,3050,2005,200
stratified,0.15,238,2608,1923,200
stratified,0.15,239,2640,1949,200
stratified,0.15,240,3041,2096,200
stratified,0.15,241,3049,2256,200
stratified,0.15,242,3060,2191,200
stratified,0.15,243,2599,2043,200
stratified,0.15,244,2627,1911,200
stratified,0.15,245,3056,2225,200
stratified,0.15,246,2585,1850,200
stratified,0.15,247,3055,2131,200
stratified,0.15,248,3051,2046,200
stratified,0.15,249,2777,2050,200
stratified,0.15,250,2776,1973,200
stratified,0.15,251,2620,1947,200
stratified,0.15,252,3041,2171,200
stratified,0.15,253,3047,2231,200
stratified,0.15,254,2548,1925,200
stratified,0.15,255,3039,2122,200
stratified,0.15,256,3041,2109,200
stratified,0.15,257,2629,1908,200
stratified,0.15,258,2610,1915,200
stratified,0.15,259,2762,1977,200
stratified,0.15,260,2634,1986,200
stratified,0.15,261,2757,1971,200
stratified,0.15,262,2630,1966,200
stratified,0.15,263,3083,2187,200
stratified,0.15,264,2621,1974,200
stratified,0.15,265,2770,2081,200
stratified,0.15,266,3038,2173,200
stratified,0.15,267,2605,1871,200
stratified,0.15,268,2629,2036,200
stratified,0.15,269,2611,1963,200
stratified,0.15,270,2660,1935,200
stratified,0.15,271,2623,1925,200
stratified,0.15,272,3037,1988,200
stratified,0.15,273,2599,1863,200
stratified,0.15,274,3028,2174,200
stratified,0.15,275,3061,2248,200
stratified,0.15,276,3045,2148,200
stratified,0.15,277,3043,2157,200
stratified,0.15,278,2559,2092,200
stratified,0.15,279,2617,1956,200
stratified,0.15,280,3066,2125,200
stratified,0.15,281,2624,1948,200
stratified,0.15,282,3047,2282,200
stratified,0.15,283,3044,2088,200
stratified,0.15,284,3028,2253,200
stratified,0.15,285,2633,1969,200
stratified,0.15,286,3043,2211,200
stratified,0.15,287,2629,1976,200
stratified,0.15,288,2613,1976,200
stratified,0.15,289,3046,2263,200
stratified,0.15,290,3067,2235,200
stratified,0.15,291,2614,1951,200
stratified,0.15,292,2628,1994,200
stratified,0.15,293,2769,2080,200
stratified,0.15,294,3195,2201,200
stratified,0.15,295,3057,2308,200
stratified,0.15,296,2625,2041,200
stratified,0.15,297,3022,2132,200
stratified,0.15,298,3059,2250,200
stratified,0.15,299,2616,1962,200
stratified,0.15,300,3049,2279,200
stratified,0.15,301,2623,1880,200
stratified,0.15,302,2630,2106,200
stratified,0.15,303,3031,2179,200
stratified,0.15,304,3062,2244,200
stratified,0.15,305,3058,2203,200
stratified,0.15,306,2630,1983,200
stratified,0.15,307,2627,2011,200
stratified,0.15,308,2586,1915,200
stratified,0.15,309,2631,1962,200
stratified,0.15,310,2577,2022,200
stratified,0.15,311,2533,1994,200
stratified,0.15,312,2632,1951,200
stratified,0.15,313,2612,1926,200
stratified,0.15,314,2619,1954,200
stratified,0.15,315,3019,2123,200
stratified,0.15,316,2597,1986,200
stratified,0.15,317,3071,2000,200
stratified,0.15,318,2618,1924,200
stratified,0.15,319,2622,2035,200
stratified,0.15,320,2626,1970,200
stratified,0.15,321,3052,2040,200
stratified,0.15,322,2614,1958,200
stratified,0.15,323,2619,1981,200
stratified,0.15,324,3224,2348,200
stratified,0.15,325,3045,2190,200
stratified,0.15,326,2634,1852,200
stratified,0.15,327,2611,1909,200
stratified,0.15,328,2621,1886,200
stratified,0.15,329,2769,2063,200
stratified,0.15,330,3038,1907,200
stratified,0.15,331,2617,2065,200
stratified,0.15,332,2731,1958,200
stratified,0.15,333,2626,1915,200
stratified,0.15,334,3053,1985,200
stratified,0.15,335,2632,2074,200
stratified,0.15,336,2613,1843,200
stratified,0.15,337,3064,2228,200
stratified,0.15,338,3032,2254,200
stratified,0.15,339,577,428,200
stratified,0.15,340,3039,2272,200
stratified,0.15,341,3026,2111,200
stratified,0.15,342,3033,2332,200
stratified,0.15,343,2620,1966,200
stratified,0.15,344,2751,2053,200
stratified,0.15,345,2609,1931,200
stratified,0.15,346,2610,1892,200
stratified,0.15,347,3022,2355,200
stratified,0.15,348,3035,2150,200
stratified,0.15,349,3019,2262,200
stratified,0.15,350,3050,2257,200
stratified,0.15,351,3197,2362,200
stratified,0.15,352,3027,2256,200
stratified,0.15,353,2624,1976,200
stratified,0.15,354,2602,2002,200
stratified,0.15,355,2764,1972,200
stratified,0.15,356,2613,1986,200
stratified,0.15,357,3051,2237,200
stratified,0.15,358,2637,1998,200
stratified,0.15,359,2757,1995,200
stratified,0.15,360,3195,2082,200
stratified,0.15,361,2608,1963,200
stratified,0.15,362,2635,1989,200
stratified,0.15,363,3057,2231,200
stratified,0.15,364,3049,2166,200
stratified,0.15,365,2627,1894,200
stratified,0.15,366,2538,1917,200
stratified,0.15,367,2726,2004,200
stratified,0.15,368,2616,1962,200
stratified,0.15,369,3054,2082,200
stratified,0.15,370,3046,2064,200
stratified,0.15,371,3173,2353,200
stratified,0.15,372,3022,2047,200
stratified,0.15,373,2607,1957,200
stratified,0.15,374,2611,1988,200
stratified,0.15,375,3074,2116,200
stratified,0.15,376,2615,1916,200
stratified,0.15,377,2618,1880,200
stratified,0.15,378,3213,2405,200
stratified,0.15,379,2631,2014,200
stratified,0.15,380,2610,1893,200
stratified,0.15,381,2583,1953,200
stratified,0.15,382,3032,2158,200
stratified,0.15,383,3176,2332,200
stratified,0.15,384,2756,2035,200
stratified,0.15,385,2618,1956,200
stratified,0.15,386,2629,2011,200
stratified,0.15,387,3076,2182,200
stratified,0.15,388,2666,1955,200
stratified,0.15,389,2633,1997,200
stratified,0.15,390,2618,2000,200
stratified,0.15,391,2623,1988,200
stratified,0.15,392,2718,2199,200
stratified,0.15,393,3054,2162,200
stratified,0.15,394,2750,2093,200
stratified,0.15,395,2631,1989,200
stratified,0.15,396,3052,2109,200
stratified,0.15,397,3063,2205,200
stratified,0.15,398,3052,2234,200
stratified,0.15,399,3025,2265,200
stratified,0.15,400,3056,2082,200
stratified,0.15,401,2641,1997,200
stratified,0.15,402,3056,2181,200
stratified,0.15,403,3053,2126,200
stratified,0.15,404,3060,2254,200
stratified,0.15,405,3049,2193,200
stratified,0.15,406,3053,2196,200
stratified,0.15,407,3054,2193,200
stratified,0.15,408,3041,2339,200
stratified,0.15,409,2774,2036,200
stratified,0.15,410,2623,2054,200
stratified,0.15,411,3004,2055,200
stratified,0.15,412,2631,1850,200
stratified,0.15,413,3054,1946,200
stratified,0.15,414,2765,2054,200
stratified,0.15,415,3053,1960,200
stratified,0.15,416,2618,1975,200
stratified,0.15,417,2777,2131,200
stratified,0.15,418,3006,2216,200
stratified,0.15,419,3049,2006,200
stratified,0.15,420,2613,1936,200
stratified,0.15,421,2621,1990,200
stratified,0.15,422,3031,1902,200
stratified,0.15,423,2633,2017,200
stratified,0.15,424,3044,1937,200
stratified,0.15,425,3056,2171,200
stratified,0.15,426,3178,2302,200
stratified,0.15,427,3012,2165,200
stratified,0.15,428,3026,2207,200
stratified,0.15,429,2966,1877,200
stratified,0.15,430,3018,2112,200
stratified,0.15,431,3033,2353,200
stratified,0.15,432,2806,2154,200
stratified,0.15,433,3201,2355,200
stratified,0.15,434,3215,2247,200
stratified,0.15,435,2620,1852,200
stratified,0.15,436,2623,1959,200
stratified,0.15,437,3084,2137,200
stratified,0.15,438,3057,2139,200
stratified,0.15,439,2618,1991,200
stratified,0.15,440,3045,2299,200
stratified,0.15,441,3063,2190,200
stratified,0.15,442,2779,2153,200
stratified,0.15,443,2629,1964,200
stratified,0.15,444,2607,1978,200
stratified,0.15,445,3045,2164,200
stratified,0.15,446,3055,2228,200
stratified,0.15,447,2617,1859,200
stratified,0.15,448,2630,1899,200
stratified,0.15,449,3026,2180,200
stratified,0.15,450,2750,2119,200
stratified,0.15,451,2648,1980,200
stratified,0.15,452,2756,2138,200
stratified,0.15,453,3065,2235,200
stratified,0.15,454,3171,2345,200
stratified,0.15,455,3051,2221,200
stratified,0.15,456,3042,2216,200
stratified,0.15,457,3042,2024,200
stratified,0.15,458,2632,1924,200
stratified,0.15,459,3061,1995,200
stratified,0.15,460,3028,2131,200
stratified,0.15,461,3053,2270,200
stratified,0.15,462,3042,2260,200
stratified,0.15,463,3218,2477,200
stratified,0.15,464,3208,2357,200
stratified,0.15,465,3025,2305,200
stratified,0.15,466,3204,1971,200
stratified,0.15,467,3040,2243,200
stratified,0.15,468,2658,1881,200
stratified,0.15,469,3058,2059,200
stratified,0.15,470,2602,2001,200
stratified,0.15,471,3013,2228,200
stratified,0.15,472,2630,1882,200
stratified,0.15,473,2629,1946,200
stratified,0.15,474,3037,2165,200
stratified,0.15,475,3056,2125,200
stratified,0.15,476,3063,2014,200
stratified,0.15,477,2623,1988,200
stratified,0.15,478,3051,2270,200
stratified,0.15,479,2770,2023,200
stratified,0.15,480,2624,1931,200
stratified,0.15,481,3037,2114,200
stratified,0.15,482,2610,1941,200
stratified,0.15,483,3047,2084,200
stratified,0.15,484,3044,2194,200
stratified,0.15,485,3051,2252,200
stratified,0.15,486,3198,2107,200
stratified,0.15,487,2625,1959,200
stratified,0.15,488,3048,1966,200
stratified,0.15,489,3054,2098,200
stratified,0.15,490,3019,2005,200
stratified,0.15,491,2772,2062,200
stratified,0.15,492,3048,2312,200
stratified,0.15,493,3035,2185,200
stratified,0.15,494,3051,2171,200
stratified,0.15,495,3048,2073,200
stratified,0.15,496,2604,1961,200
stratified,0.15,497,3202,2215,200
stratified,0.15,498,2774,2048,200
stratified,0.15,499,3047,2151,200
stratified,0.2,0,2602,1903,200
stratified,0.2,1,2436,1726,200
stratified,0.2,2,2949,1846,200
stratified,0.2,3,2220,1508,200
stratified,0.2,4,2446,1667,200
stratified,0.2,5,2219,1769,200
stratified,0.2,6,2823,2016,200
stratified,0.2,7,2439,1724,200
stratified,0.2,8,2825,1471,200
stratified,0.2,9,2370,1657,200
stratified,0.2,10,2584,1881,200
stratified,0.2,11,2821,1663,200
stratified,0.2,12,2581,1740,200
stratified,0.2,13,2386,1812,200
stratified,0.2,14,1817,1351,200
stratified,0.2,15,1639,1288,200
stratified,0.2,16,2753,1787,200
stratified,0.2,17,2223,1591,200
stratified,0.2,18,2820,1959,200
stratified,0.2,19,2053,1470,200
stratified,0.2,20,1817,1256,200
stratified,0.2,21,2772,1953,200
stratified,0.2,22,2455,1585,200
stratified,0.2,23,1973,1323,200
stratified,0.2,24,2808,2058,200
stratified,0.2,25,2212,1512,200
stratified,0.2,26,2956,2073,200
stratified,0.2,27,2214,1660,200
stratified,0.2,28,2363,1606,200
stratified,0.2,29,2227,1539,200
stratified,0.2,30,2448,1692,200
stratified,0.2,31,2439,1836,200
stratified,0.2,32,1638,1232,200
stratified,0.2,33,2427,1614,200
stratified,0.2,34,2243,1513,200
stratified,0.2,35,2806,1875,200
stratified,0.2,36,1980,1285,200
stratified,0.2,37,1824,1346,200
stratified,0.2,38,2952,2053,200
stratified,0.2,39,1809,1210,200
stratified,0.2,40,2231,1616,200
stratified,0.2,41,2448,1638,200
stratified,0.2,42,2630,1783,200
stratified,0.2,43,2441,1831,200
stratified,0.2,44,2439,1807,200
stratified,0.2,45,2231,1380,200
stratified,0.2,46,2447,1753,200
stratified,0.2,47,2422,1739,200
stratified,0.2,48,2412,1721,200
stratified,0.2,49,785,538,200
stratified,0.2,50,2219,1513,200
stratified,0.2,51,2790,1961,200
stratified,0.2,52,2419,1851,200
stratified,0.2,53,1123,799,200
stratified,0.2,54,2821,1695,200
stratified,0.2,55,1621,1263,200
stratified,0.2,56,2344,1379,200
stratified,0.2,57,2780,1911,200
stratified,0.2,58,2240,1494,200
stratified,0.2,59,2526,1745,200
stratified,0.2,60,2244,1394,200
stratified,0.2,61,2282,1526,200
stratified,0.2,62,2416,1744,200
stratified,0.2,63,2368,1696,200
stratified,0.2,64,2191,1494,200
stratified,0.2,65,1952,1350,200
stratified,0.2,66,2819,2052,200
stratified,0.2,67,2249,1803,200
stratified,0.2,68,2017,1488,200
stratified,0.2,69,2215,1572,200
stratified,0.2,70,1827,1284,200
stratified,0.2,71,2807,1917,200
stratified,0.2,72,2241,1475,200
stratified,0.2,73,2837,1872,200
stratified,0.2,74,2818,1891,200
stratified,0.2,75,2364,1635,200
stratified,0.2,76,2221,1532,200
stratified,0.2,77,2253,1283,200
stratified,0.2,78,1955,1407,200
stratified,0.2,79,2419,1835,200
stratified,0.2,80,730,618,200
stratified,0.2,81,2829,2017,200
stratified,0.2,82,1831,1293,200
stratified,0.2,83,2426,1777,200
stratified,0.2,84,2838,1924,200
stratified,0.2,85,2197,1758,200
stratified,0.2,86,2223,1467,200
stratified,0.2,87,2185,1346,200
stratified,0.2,88,2822,2009,200
stratified,0.2,89,2158,1446,200
stratified,0.2,90,2337,1624,200
stratified,0.2,91,2245,1387,200
stratified,0.2,92,2622,1792,200
stratified,0.2,93,2238,1816,200
stratified,0.2,94,2422,1769,200
stratified,0.2,95,2244,1356,200
stratified,0.2,96,1984,1441,200
stratified,0.2,97,2215,1545,200
stratified,0.2,98,2175,1516,200
stratified,0.2,99,2401,1732,200
stratified,0.2,100,2440,1718,200
stratified,0.2,101,2813,1930,200
stratified,0.2,102,2578,1830,200
stratified,0.2,103,2445,1738,200
stratified,0.2,104,2379,1782,200
stratified,0.2,105,2800,2008,200
stratified,0.2,106,1871,1225,200
stratified,0.2,107,2403,1746,200
stratified,0.2,108,2796,1750,200
stratified,0.2,109,2582,1833,200
stratified,0.2,110,2250,1606,200
stratified,0.2,111,2438,1734,200
stratified,0.2,112,2232,1609,200
stratified,0.2,113,2562,1835,200
stratified,0.2,114,2245,1515,200
stratified,0.2,115,2537,1869,200
stratified,0.2,116,2452,1731,200
stratified,0.2,117,2254,1525,200
stratified,0.2,118,2917,1918,200
stratified,0.2,119,2631,1861,200
stratified,0.2,120,2829,1877,200
stratified,0.2,121,2837,1968,200
stratified,0.2,122,2234,1314,200
stratified,0.2,123,2830,1874,200
stratified,0.2,124,991,672,200
stratified,0.2,125,2325,1754,200
stratified,0.2,126,2212,1441,200
stratified,0.2,127,2429,1770,200
stratified,0.2,128,1816,1279,200
stratified,0.2,129,1968,1433,200
stratified,0.2,130,2362,1651,200
stratified,0.2,131,2264,1514,200
stratified,0.2,132,1847,1267,200
stratified,0.2,133,2435,1718,200
stratified,0.2,134,2244,1818,200
stratified,0.2,135,1737,1247,200
stratified,0.2,136,2219,1757,200
stratified,0.2,137,2694,1999,200
stratified,0.2,138,2569,1739,200
stratified,0.2,139,2328,1490,200
stratified,0.2,140,1645,1272,200
stratified,0.2,141,2448,1720,200
stratified,0.2,142,2848,1993,200
stratified,0.2,143,2459,1830,200
stratified,0.2,144,2446,1806,200
stratified,0.2,145,2437,1737,200
stratified,0.2,146,2263,1734,200
stratified,0.2,147,2832,1912,200
stratified,0.2,148,2238,1408,200
stratified,0.2,149,2004,1462,200
stratified,0.2,150,984,683,200
stratified,0.2,151,2948,1998,200
stratified,0.2,152,2229,1550,200
stratified,0.2,153,2801,1998,200
stratified,0.2,154,2573,1801,200
stratified,0.2,155,2413,1731,200
stratified,0.2,156,1983,1429,200
stratified,0.2,157,2137,1511,200
stratified,0.2,158,2420,1762,200
stratified,0.2,159,2945,2116,200
stratified,0.2,160,2421,1841,200
stratified,0.2,161,2820,1822,200
stratified,0.2,162,2228,1392,200
stratified,0.2,163,2225,1419,200
stratified,0.2,164,2829,1944,200
stratified,0.2,165,2965,1817,200
stratified,0.2,166,2379,1621,200
stratified,0.2,167,1850,1297,200
stratified,0.2,168,1629,1307,200
stratified,0.2,169,1861,1322,200
stratified,0.2,170,2228,1599,200
stratified,0.2,171,2777,2095,200
stratified,0.2,172,2308,1689,200
stratified,0.2,173,2405,1671,200
stratified,0.2,174,1791,1257,200
stratified,0.2,175,2223,1517,200
stratified,0.2,176,2832,1752,200
stratified,0.2,177,2813,1969,200
stratified,0.2,178,2229,1524,200
stratified,0.2,179,2601,1831,200
stratified,0.2,180,2239,1419,200
stratified,0.2,181,2416,1739,200
stratified,0.2,182,2241,1600,200
stratified,0.2,183,2780,1996,200
stratified,0.2,184,2425,1816,200
stratified,0.2,185,2419,1806,200
stratified,0.2,186,1962,1343,200
stratified,0.2,187,2035,1585,200
stratified,0.2,188,2746,1808,200
stratified,0.2,189,2433,1783,200
stratified,0.2,190,2242,1766,200
stratified,0.2,191,2344,1642,200
stratified,0.2,192,1980,1355,200
stratified,0.2,193,1833,1360,200
stratified,0.2,194,2804,1838,200
stratified,0.2,195,2400,1723,200
stratified,0.2,196,2820,2029,200
stratified,0.2,197,2555,1897,200
stratified,0.2,198,2242,1705,200
stratified,0.2,199,2349,1744,200
stratified,0.2,200,2438,1758,200
stratified,0.2,201,2610,1889,200
stratified,0.2,202,2243,1443,200
stratified,0.2,203,1967,1423,200
stratified,0.2,204,2246,1305,200
stratified,0.2,205,1848,1309,200
stratified,0.2,206,2566,1816,200
stratified,0.2,207,2213,1541,200
stratified,0.2,208,2414,1677,200
stratified,0.2,209,1846,1335,200
stratified,0.2,210,1646,1263,200
stratified,0.2,211,2373,1611,200
stratified,0.2,212,2972,2124,200
stratified,0.2,213,2855,1904,200
stratified,0.2,214,2639,2054,200
stratified,0.2,215,2151,1550,200
stratified,0.2,216,534,386,200
stratified,0.2,217,2573,1879,200
stratified,0.2,218,2811,1941,200
stratified,0.2,219,2823,1805,200
stratified,0.2,220,977,725,200
stratified,0.2,221,2814,1852,200
stratified,0.2,222,2432,1739,200
stratified,0.2,223,1830,1339,200
stratified,0.2,224,2225,1480,200
stratified,0.2,225,2228,1509,200
stratified,0.2,226,1991,1407,200
stratified,0.2,227,2419,1720,200
stratified,0.2,228,2573,1714,200
stratified,0.2,229,2241,1344,200
stratified,0.2,230,2442,1744,200
stratified,0.2,231,2230,1493,200
stratified,0.2,232,2838,1762,200
stratified,0.2,233,2445,1860,200
stratified,0.2,234,2345,1554,200
stratified,0.2,235,2430,1770,200
stratified,0.2,236,2439,1792,200
stratified,0.2,237,2201,1512,200
stratified,0.2,238,2800,1794,200
stratified,0.2,239,2429,1707,200
stratified,0.2,240,1843,1277,200
stratified,0.2,241,1951,1367,200
stratified,0.2,242,2603,1806,200
stratified,0.2,243,2216,1726,200
stratified,0.2,244,2405,1785,200
stratified,0.2,245,2812,1746,200
stratified,0.2,246,2424,1646,200
stratified,0.2,247,2443,1705,200
stratified,0.2,248,2835,1857,200
stratified,0.2,249,2438,1707,200
stratified,0.2,250,2611,1656,200
stratified,0.2,251,2423,1713,200
stratified,0.2,252,1740,1223,200
stratified,0.2,253,2412,1778,200
stratified,0.2,254,2549,1860,200
stratified,0.2,255,2409,1767,200
stratified,0.2,256,2378,1833,200
stratified,0.2,257,989,698,200
stratified,0.2,258,2426,1879,200
stratified,0.2,259,2250,1477,200
stratified,0.2,260,2773,1568,200
stratified,0.2,261,2427,1686,200
stratified,0.2,262,2462,1807,200
stratified,0.2,263,2579,1795,200
stratified,0.2,264,2411,1697,200
stratified,0.2,265,2397,1784,200
stratified,0.2,266,2213,1540,200
stratified,0.2,267,2455,1834,200
stratified,0.2,268,2031,1528,200
stratified,0.2,269,1841,1268,200
stratified,0.2,270,2835,1979,200
stratified,0.2,271,2392,1797,200
stratified,0.2,272,2817,1946,200
stratified,0.2,273,2049,1437,200
stratified,0.2,274,1979,1422,200
stratified,0.2,275,2424,1822,200
stratified,0.2,276,2821,1990,200
stratified,0.2,277,1843,1298,200
stratified,0.2,278,1981,1366,200
stratified,0.2,279,2211,1627,200
stratified,0.2,280,2809,1831,200
stratified,0.2,281,1844,1332,200
stratified,0.2,282,2439,1602,200
stratified,0.2,283,2398,1688,200
stratified,0.2,284,2241,1446,200
stratified,0.2,285,2824,1814,200
stratified,0.2,286,1821,1298,200
stratified,0.2,287,2397,1844,200
stratified,0.2,288,1948,1386,200
stratified,0.2,289,2814,2018,200
stratified,0.2,290,2841,1927,200
stratified,0.2,291,2437,1735,200
stratified,0.2,292,1856,1317,200
stratified,0.2,293,1969,1413,200
stratified,0.2,294,2437,1744,200
stratified,0.2,295,2445,1681,200
stratified,0.2,296,2429,1688,200
stratified,0.2,297,2227,1584,200
stratified,0.2,298,1833,1308,200
stratified,0.2,299,2546,1791,200
stratified,0.2,300,2543,1828,200
stratified,0.2,301,1772,1414,200
stratified,0.2,302,2340,1513,200
stratified,0.2,303,2117,1512,200
stratified,0.2,304,2581,1811,200
stratified,0.2,305,594,510,200
stratified,0.2,306,2611,2000,200
stratified,0.2,307,1839,1316,200
stratified,0.2,308,2820,1764,200
stratified,0.2,309,2376,1659,200
stratified,0.2,310,2216,1704,200
stratified,0.2,311,2801,1930,200
stratified,0.2,312,2508,1917,200
stratified,0.2,313,2770,1953,200
stratified,0.2,314,1295,626,200
stratified,0.2,315,2810,1877,200
stratified,0.2,316,1826,1217,200
stratified,0.2,317,2399,1745,200
stratified,0.2,318,2403,1732,200
stratified,0.2,319,2771,1814,200
stratified,0.2,320,2242,1447,200
stratified,0.2,321,2449,1746,200
stratified,0.2,322,2232,1554,200
stratified,0.2,323,2825,1855,200
stratified,0.2,324,1618,1263,200
stratified,0.2,325,2444,1838,200
stratified,0.2,326,2811,2070,200
stratified,0.2,327,2348,1769,200
stratified,0.2,328,1807,1286,200
stratified,0.2,329,2823,1877,200
stratified,0.2,330,2196,1444,200
stratified,0.2,331,2814,1967,200
stratified,0.2,332,2215,1475,200
stratified,0.2,333,2806,1990,200
stratified,0.2,334,2437,1658,200
stratified,0.2,335,1821,1257,200
stratified,0.2,336,2217,1442,200
stratified,0.2,337,988,684,200
stratified,0.2,338,2931,1970,200
stratified,0.2,339,2702,1840,200
stratified,0.2,340,2197,1501,200
stratified,0.2,341,2243,1427,200
stratified,0.2,342,2410,1737,200
stratified,0.2,343,2797,1785,200
stratified,0.2,344,1819,1280,200
stratified,0.2,345,2835,1842,200
stratified,0.2,346,2760,2010,200
stratified,0.2,347,2443,1779,200
stratified,0.2,348,2971,1913,200
stratified,0.2,349,2591,1921,200
stratified,0.2,350,2835,1806,200
stratified,0.2,351,2809,2014,200
stratified,0.2,352,2184,1428,200
stratified,0.2,353,2769,2049,200
stratified,0.2,354,2242,1714,200
stratified,0.2,355,2554,1771,200
stratified,0.2,356,2438,1820,200
stratified,0.2,357,2419,1772,200
stratified,0.2,358,2573,1817,200
stratified,0.2,359,2822,1848,200
stratified,0.2,360,2209,1460,200
stratified,0.2,361,2349,1713,200
stratified,0.2,362,2381,1505,200
stratified,0.2,363,2847,1859,200
stratified,0.2,364,2577,1789,200
stratified,0.2,365,2267,1454,200
stratified,0.2,366,2564,1809,200
stratified,0.2,367,2236,1561,200
stratified,0.2,368,2617,1948,200
stratified,0.2,369,2353,1779,200
stratified,0.2,370,2846,1740,200
stratified,0.2,371,2835,1943,200
stratified,0.2,372,2380,1851,200
stratified,0.2,373,2832,1809,200
stratified,0.2,374,2801,1712,200
stratified,0.2,375,2427,1759,200
stratified,0.2,376,2416,1814,200
stratified,0.2,377,2454,1759,200
stratified,0.2,378,2828,1626,200
stratified,0.2,379,2829,1984,200
stratified,0.2,380,2442,1649,200
stratified,0.2,381,2815,1970,200
stratified,0.2,382,1949,1349,200
stratified,0.2,383,2405,1724,200
stratified,0.2,384,2564,1758,200
stratified,0.2,385,2239,1421,200
stratified,0.2,386,2417,1770,200
stratified,0.2,387,2841,2027,200
stratified,0.2,388,2837,1985,200
stratified,0.2,389,2551,1867,200
stratified,0.2,390,2542,1843,200
stratified,0.2,391,2439,1783,200
stratified,0.2,392,2347,1726,200
stratified,0.2,393,1845,1336,200
stratified,0.2,394,2242,1600,200
stratified,0.2,395,731,588,200
stratified,0.2,396,2406,1803,200
stratified,0.2,397,2432,1737,200
stratified,0.2,398,2371,1718,200
stratified,0.2,399,1831,1296,200
stratified,0.2,400,2760,1747,200
stratified,0.2,401,1828,1276,200
stratified,0.2,402,2424,1750,200
stratified,0.2,403,2409,1701,200
stratified,0.2,404,2424,1773,200
stratified,0.2,405,2429,1791,200
stratified,0.2,406,1847,1320,200
stratified,0.2,407,1832,1365,200
stratified,0.2,408,2443,1763,200
stratified,0.2,409,2814,1962,200
stratified,0.2,410,2745,1977,200
stratified,0.2,411,2791,1869,200
stratified,0.2,412,2557,1799,200
stratified,0.2,413,2439,1750,200
stratified,0.2,414,2223,1728,200
stratified,0.2,415,2554,1925,200
stratified,0.2,416,2426,1730,200
stratified,0.2,417,2628,2056,200
stratified,0.2,418,2839,1663,200
stratified,0.2,419,2948,1819,200
stratified,0.2,420,2439,1810,200
stratified,0.2,421,2241,1489,200
stratified,0.2,422,2444,1706,200
stratified,0.2,423,2015,1578,200
stratified,0.2,424,2199,1724,200
stratified,0.2,425,1746,1154,200
stratified,0.2,426,2809,2080,200
stratified,0.2,427,2577,1919,200
stratified,0.2,428,2461,1756,200
stratified,0.2,429,2638,2028,200
stratified,0.2,430,2840,1803,200
stratified,0.2,431,2215,1317,200
stratified,0.2,432,2434,1874,200
stratified,0.2,433,2231,1585,200
stratified,0.2,434,1873,1345,200
stratified,0.2,435,2355,1718,200
stratified,0.2,436,2845,2034,200
stratified,0.2,437,2415,1833,200
stratified,0.2,438,2440,1857,200
stratified,0.2,439,2343,1366,200
stratified,0.2,440,2232,1353,200
stratified,0.2,441,2617,1993,200
stratified,0.2,442,2841,1831,200
stratified,0.2,443,2799,1846,200
stratified,0.2,444,1851,1325,200
stratified,0.2,445,1954,1366,200
stratified,0.2,446,2424,1697,200
stratified,0.2,447,2971,2019,200
stratified,0.2,448,2372,1458,200
stratified,0.2,449,1823,1346,200
stratified,0.2,450,2981,1953,200
stratified,0.2,451,2442,1742,200
stratified,0.2,452,2426,1761,200
stratified,0.2,453,2250,1459,200
stratified,0.2,454,1850,1253,200
stratified,0.2,455,2437,1745,200
stratified,0.2,456,1806,1245,200
stratified,0.2,457,1808,1245,200
stratified,0.2,458,2824,2034,200
stratified,0.2,459,2409,1722,200
stratified,0.2,460,2413,1782,200
stratified,0.2,461,1856,1212,200
stratified,0.2,462,1829,1244,200
stratified,0.2,463,2434,1725,200
stratified,0.2,464,2595,1923,200
stratified,0.2,465,2409,1751,200
stratified,0.2,466,2451,1768,200
stratified,0.2,467,2345,1670,200
stratified,0.2,468,2816,1704,200
stratified,0.2,469,2441,1739,200
stratified,0.2,470,2248,1694,200
stratified,0.2,471,1629,1269,200
stratified,0.2,472,2305,1505,200
stratified,0.2,473,2812,1906,200
stratified,0.2,474,2841,2038,200
stratified,0.2,475,1841,1412,200
stratified,0.2,476,2549,1884,200
stratified,0.2,477,2420,1842,200
stratified,0.2,478,2838,1944,200
stratified,0.2,479,2153,1509,200
stratified,0.2,480,2794,2008,200
stratified,0.2,481,2241,1452,200
stratified,0.2,482,2423,1702,200
stratified,0.2,483,2437,1815,200
stratified,0.2,484,2522,1735,200
stratified,0.2,485,2560,1836,200
stratified,0.2,486,2842,2014,200
stratified,0.2,487,1765,1233,200
stratified,0.2,488,2794,1966,200
stratified,0.2,489,1649,1236,200
stratified,0.2,490,2222,1389,200
stratified,0.2,491,1967,1398,200
stratified,0.2,492,2419,1712,200
stratified,0.2,493,2162,1517,200
stratified,0.2,494,2200,1805,200
stratified,0.2,495,2213,1462,200
stratified,0.2,496,2425,1695,200
stratified,0.2,497,2239,1599,200
stratified,0.2,498,2737,2002,200
stratified,0.2,499,2855,1913,200
