strategy,budget,run_id,total_infected,peak_infected,duration
random,0.01,0,79561,66826,200
random,0.01,1,79406,66662,200
random,0.01,2,79377,66593,200
random,0.01,3,79574,66625,200
random,0.01,4,79535,66805,200
random,0.01,5,79423,66632,200
random,0.01,6,79335,66626,200
random,0.01,7,79483,66815,200
random,0.01,8,79296,66618,200
random,0.01,9,79566,66641,200
random,0.01,10,79259,66559,200
random,0.01,11,79449,66655,200
random,0.01,12,79438,66726,200
random,0.01,13,79282,66702,200
random,0.01,14,79414,66717,200
random,0.01,15,79452,66620,200
random,0.01,16,79516,66787,200
random,0.01,17,79279,66793,200
random,0.01,18,79354,66542,200
random,0.01,19,79580,66866,200
random,0.01,20,79398,66696,200
random,0.01,21,79356,66703,200
random,0.01,22,79487,66592,200
random,0.01,23,79296,66690,200
random,0.01,24,79277,66527,200
random,0.01,25,79444,66550,200
random,0.01,26,79442,66847,200
random,0.01,27,79410,66943,200
random,0.01,28,79334,66741,200
random,0.01,29,79420,66715,200
random,0.01,30,79515,66808,200
random,0.01,31,79615,66695,200
random,0.01,32,79516,66721,200
random,0.01,33,79508,66635,200
random,0.01,34,79574,67005,200
random,0.01,35,79438,66621,200
random,0.01,36,79466,66715,200
random,0.01,37,79434,66760,200
random,0.01,38,79283,66789,200
random,0.01,39,79350,66590,200
random,0.01,40,79483,66787,200
random,0.01,41,79551,66750,200
random,0.01,42,79394,66824,200
random,0.01,43,79523,66753,200
random,0.01,44,79486,66818,200
random,0.01,45,79517,66874,200
random,0.01,46,79423,66839,200
random,0.01,47,79434,66899,200
random,0.01,48,79503,66744,200
random,0.01,49,79400,66974,200
random,0.01,50,79392,66763,200
random,0.01,51,79472,66742,200
random,0.01,52,79527,66859,200
random,0.01,53,79554,66793,200
random,0.01,54,79386,66873,200
random,0.01,55,79442,66732,200
random,0.01,56,79480,66793,200
random,0.01,57,79412,66490,200
random,0.01,58,79471,66795,200
random,0.01,59,79493,66621,200
random,0.01,60,79542,66852,200
random,0.01,61,79592,66806,200
random,0.01,62,79549,66761,200
random,0.01,63,79499,66643,200
random,0.01,64,79464,66464,200
random,0.01,65,79446,66335,200
random,0.01,66,79531,66731,200
random,0.01,67,79566,66824,200
random,0.01,68,79398,66652,200
random,0.01,69,79499,66659,200
random,0.01,70,79374,66638,200
random,0.01,71,79424,66731,200
random,0.01,72,79421,66576,200
random,0.01,73,79290,66633,200
random,0.01,74,79433,66700,200
random,0.01,75,79482,66633,200
random,0.01,76,79601,66569,200
random,0.01,77,79434,66837,200
random,0.01,78,79448,66597,200
random,0.01,79,79485,66689,200
random,0.01,80,79357,66705,200
random,0.01,81,79458,66857,200
random,0.01,82,79425,66755,200
random,0.01,83,79419,66718,200
random,0.01,84,79383,66837,200
random,0.01,85,79463,66846,200
random,0.01,86,79456,66786,200
random,0.01,87,79506,66760,200
random,0.01,88,79382,66671,200
random,0.01,89,79431,66809,200
random,0.01,90,79498,66804,200
random,0.01,91,79502,66581,200
random,0.01,92,79514,66918,200
random,0.01,93,79498,66864,200
random,0.01,94,79500,66818,200
random,0.01,95,79391,66573,200
random,0.01,96,79521,66879,200
random,0.01,97,79542,66843,200
random,0.01,98,79474,66819,200
random,0.01,99,79475,66598,200
random,0.01,100,79534,66655,200
random,0.01,101,79450,66754,200
random,0.01,102,79481,66478,200
random,0.01,103,79412,66728,200
random,0.01,104,79282,66435,200
random,0.01,105,79472,66828,200
random,0.01,106,79377,66523,200
random,0.01,107,79398,66711,200
random,0.01,108,79369,66691,200
random,0.01,109,79572,66709,200
random,0.01,110,79570,66700,200
random,0.01,111,79377,66653,200
random,0.01,112,79273,66531,200
random,0.01,113,79599,66866,200
random,0.01,114,79584,66943,200
random,0.01,115,79498,66423,200
random,0.01,116,79533,66459,200
random,0.01,117,79582,66776,200
random,0.01,118,79417,66805,200
random,0.01,119,79515,66887,200
random,0.01,120,79420,66752,200
random,0.01,121,79416,66821,200
random,0.01,122,79456,66779,200
random,0.01,123,79420,66814,200
random,0.01,124,79389,66805,200
random,0.01,125,79372,66744,200
random,0.01,126,79241,66478,200
random,0.01,127,79499,66823,200
random,0.01,128,79581,66831,200
random,0.01,129,79233,66658,200
random,0.01,130,79460,66799,200
random,0.01,131,79376,66701,200
random,0.01,132,79337,66632,200
random,0.01,133,79329,66466,200
random,0.01,134,79356,66757,200
random,0.01,135,79522,66675,200
random,0.01,136,79439,66777,200
random,0.01,137,79305,66581,200
random,0.01,138,79477,66840,200
random,0.01,139,79444,66540,200
random,0.01,140,79334,66454,200
random,0.01,141,79435,66723,200
random,0.01,142,79423,66594,200
random,0.01,143,79396,66641,200
random,0.01,144,79359,66687,200
random,0.01,145,79472,66562,200
random,0.01,146,79540,66773,200
random,0.01,147,79483,66621,200
random,0.01,148,79398,66591,200
random,0.01,149,79491,66571,200
random,0.01,150,79499,66763,200
random,0.01,151,79300,66782,200
random,0.01,152,79456,66749,200
random,0.01,153,79387,66783,200
random,0.01,154,79423,66735,200
random,0.01,155,79546,66685,200
random,0.01,156,79498,66702,200
random,0.01,157,79559,66981,200
random,0.01,158,79568,66738,200
random,0.01,159,79356,66740,200
random,0.01,160,79633,66989,200
random,0.01,161,79462,66758,200
random,0.01,162,79306,66519,200
random,0.01,163,79446,66919,200
random,0.01,164,79538,66858,200
random,0.01,165,79503,66925,200
random,0.01,166,79412,66716,200
random,0.01,167,79174,66425,200
random,0.01,168,79357,66672,200
random,0.01,169,79473,66719,200
random,0.01,170,79266,66605,200
random,0.01,171,79489,66811,200
random,0.01,172,79331,66660,200
random,0.01,173,79290,66463,200
random,0.01,174,79247,66505,200
random,0.01,175,79468,66677,200
random,0.01,176,79481,66785,200
random,0.01,177,79299,66742,200
random,0.01,178,79392,66473,200
random,0.01,179,79577,66916,200
random,0.01,180,79375,66541,200
random,0.01,181,79394,66857,200
random,0.01,182,79529,66915,200
random,0.01,183,79551,66707,200
random,0.01,184,79343,66395,200
random,0.01,185,79450,66770,200
random,0.01,186,79502,66746,200
random,0.01,187,79648,66844,200
random,0.01,188,79373,66625,200
random,0.01,189,79419,66808,200
random,0.01,190,79463,66819,200
random,0.01,191,79605,66745,200
random,0.01,192,79478,66826,200
random,0.01,193,79568,66834,200
random,0.01,194,79385,66574,200
random,0.01,195,79340,66452,200
random,0.01,196,79304,66432,200
random,0.01,197,79441,66810,200
random,0.01,198,79513,66828,200
random,0.01,199,79482,66789,200
random,0.01,200,79533,66628,200
random,0.01,201,79391,66364,200
random,0.01,202,79528,67078,200
random,0.01,203,79465,66851,200
random,0.01,204,79243,66641,200
random,0.01,205,79430,66799,200
random,0.01,206,79530,66804,200
random,0.01,207,79433,66737,200
random,0.01,208,79329,66754,200
random,0.01,209,79493,66671,200
random,0.01,210,79453,66554,200
random,0.01,211,79563,66867,200
random,0.01,212,79369,66734,200
random,0.01,213,79492,66742,200
random,0.01,214,79517,66811,200
random,0.01,215,79391,66679,200
random,0.01,216,79459,66962,200
random,0.01,217,79438,66627,200
random,0.01,218,79505,66710,200
random,0.01,219,79511,66778,200
random,0.01,220,79459,66710,200
random,0.01,221,79436,66750,200
random,0.01,222,79322,66610,200
random,0.01,223,79348,66498,200
random,0.01,224,79324,66642,200
random,0.01,225,79488,66874,200
random,0.01,226,79392,66591,200
random,0.01,227,79403,66876,200
random,0.01,228,79391,66685,200
random,0.01,229,79284,66687,200
random,0.01,230,79485,66755,200
random,0.01,231,79411,66832,200
random,0.01,232,79465,66642,200
random,0.01,233,79554,66935,200
random,0.01,234,79434,66760,200
random,0.01,235,79426,66766,200
random,0.01,236,79303,66727,200
random,0.01,237,79477,66658,200
random,0.01,238,79472,66425,200
random,0.01,239,79407,66706,200
random,0.01,240,79474,66602,200
random,0.01,241,79496,66809,200
random,0.01,242,79426,66802,200
random,0.01,243,79531,66736,200
random,0.01,244,79592,66700,200
random,0.01,245,79107,66144,200
random,0.01,246,79531,66928,200
random,0.01,247,79620,66639,200
random,0.01,248,79419,66737,200
random,0.01,249,79293,66582,200
random,0.01,250,79543,66781,200
random,0.01,251,79628,66609,200
random,0.01,252,79481,66653,200
random,0.01,253,79492,66874,200
random,0.01,254,79466,66598,200
random,0.01,255,79400,66793,200
random,0.01,256,79322,66536,200
random,0.01,257,79411,66835,200
random,0.01,258,79302,66574,200
random,0.01,259,79326,66660,200
random,0.01,260,79556,66919,200
random,0.01,261,79414,66876,200
random,0.01,262,79447,66681,200
random,0.01,263,79480,66633,200
random,0.01,264,79289,66443,200
random,0.01,265,79375,66817,200
random,0.01,266,79483,66654,200
random,0.01,267,79303,66613,200
random,0.01,268,79462,66999,200
random,0.01,269,79489,66674,200
random,0.01,270,79616,66808,200
random,0.01,271,79522,66763,200
random,0.01,272,79401,66478,200
random,0.01,273,79339,66800,200
random,0.01,274,79436,66626,200
random,0.01,275,79385,66631,200
random,0.01,276,79541,66893,200
random,0.01,277,79536,66792,200
random,0.01,278,79435,66607,200
random,0.01,279,79337,66745,200
random,0.01,280,79544,66739,200
random,0.01,281,79465,66748,200
random,0.01,282,79521,66661,200
random,0.01,283,79420,66745,200
random,0.01,284,79477,66622,200
random,0.01,285,79451,66533,200
random,0.01,286,79486,66745,200
random,0.01,287,79455,66959,200
random,0.01,288,79485,66878,200
random,0.01,289,79330,66787,200
random,0.01,290,79239,66535,200
random,0.01,291,79387,66807,200
random,0.01,292,79437,66614,200
random,0.01,293,79388,66641,200
random,0.01,294,79430,66609,200
random,0.01,295,79423,66555,200
random,0.01,296,79341,66539,200
random,0.01,297,79544,66975,200
random,0.01,298,79527,66872,200
random,0.01,299,79498,66754,200
random,0.01,300,79445,66787,200
random,0.01,301,79453,66885,200
random,0.01,302,79362,66549,200
random,0.01,303,79414,66771,200
random,0.01,304,79406,66736,200
random,0.01,305,79446,66611,200
random,0.01,306,79293,66585,200
random,0.01,307,79452,66591,200
random,0.01,308,79499,66714,200
random,0.01,309,79500,66756,200
random,0.01,310,79462,66635,200
random,0.01,311,79407,66626,200
random,0.01,312,79465,66574,200
random,0.01,313,79428,66468,200
random,0.01,314,79418,66765,200
random,0.01,315,79436,66802,200
random,0.01,316,79404,66656,200
random,0.01,317,79443,66387,200
random,0.01,318,79402,66620,200
random,0.01,319,79362,66704,200
random,0.01,320,79582,66728,200
random,0.01,321,79542,66907,200
random,0.01,322,79369,66658,200
random,0.01,323,79467,66871,200
random,0.01,324,79522,66897,200
random,0.01,325,79415,66734,200
random,0.01,326,79528,66617,200
random,0.01,327,79591,66643,200
random,0.01,328,79307,66637,200
random,0.01,329,79458,66837,200
random,0.01,330,79643,66863,200
random,0.01,331,79457,66875,200
random,0.01,332,79549,66637,200
random,0.01,333,79412,66936,200
random,0.01,334,79451,66884,200
random,0.01,335,79542,66735,200
random,0.01,336,79485,66686,200
random,0.01,337,79153,66596,200
random,0.01,338,79463,66688,200
random,0.01,339,79402,66681,200
random,0.01,340,79341,66741,200
random,0.01,341,79424,66690,200
random,0.01,342,79378,66792,200
random,0.01,343,79475,66736,200
random,0.01,344,79467,66730,200
random,0.01,345,79483,66840,200
random,0.01,346,79467,66872,200
random,0.01,347,79421,66623,200
random,0.01,348,79428,66852,200
random,0.01,349,79362,66516,200
random,0.01,350,79282,66708,200
random,0.01,351,79362,66748,200
random,0.01,352,79478,66887,200
random,0.01,353,79432,66900,200
random,0.01,354,79472,66917,200
random,0.01,355,79237,66479,200
random,0.01,356,79348,66476,200
random,0.01,357,79357,66412,200
random,0.01,358,79462,66686,200
random,0.01,359,79486,66763,200
random,0.01,360,79317,66850,200
random,0.01,361,79286,66679,200
random,0.01,362,79431,66810,200
random,0.01,363,79519,66659,200
random,0.01,364,79440,66487,200
random,0.01,365,79482,66495,200
random,0.01,366,79561,66929,200
random,0.01,367,79490,66902,200
random,0.01,368,79504,66684,200
random,0.01,369,79473,66837,200
random,0.01,370,79446,66847,200
random,0.01,371,79434,66777,200
random,0.01,372,79318,66501,200
random,0.01,373,79438,66465,200
random,0.01,374,79395,66598,200
random,0.01,375,79491,66650,200
random,0.01,376,79323,66629,200
random,0.01,377,79310,66676,200
random,0.01,378,79439,66839,200
random,0.01,379,79438,66659,200
random,0.01,380,79401,66693,200
random,0.01,381,79409,66620,200
random,0.01,382,79437,66695,200
random,0.01,383,79415,66704,200
random,0.01,384,79426,66780,200
random,0.01,385,79493,66786,200
random,0.01,386,79511,66533,200
random,0.01,387,79331,66800,200
random,0.01,388,79466,66746,200
random,0.01,389,79659,66726,200
random,0.01,390,79442,66724,200
random,0.01,391,79487,66648,200
random,0.01,392,79294,66420,200
random,0.01,393,79435,66696,200
random,0.01,394,79528,66537,200
random,0.01,395,79600,67016,200
random,0.01,396,79410,66752,200
random,0.01,397,79429,66853,200
random,0.01,398,79354,66810,200
random,0.01,399,79442,66745,200
random,0.01,400,79466,66481,200
random,0.01,401,79411,66977,200
random,0.01,402,79534,66609,200
random,0.01,403,79434,66700,200
random,0.01,404,79407,67005,200
random,0.01,405,79546,66841,200
random,0.01,406,79407,66750,200
random,0.01,407,79508,66910,200
random,0.01,408,79516,66749,200
random,0.01,409,79380,66508,200
random,0.01,410,79411,66644,200
random,0.01,411,79478,66816,200
random,0.01,412,79504,66814,200
random,0.01,413,79421,66709,200
random,0.01,414,79364,66776,200
random,0.01,415,79326,66815,200
random,0.01,416,79535,66837,200
random,0.01,417,79275,66601,200
random,0.01,418,79409,66697,200
random,0.01,419,79527,66603,200
random,0.01,420,79404,66806,200
random,0.01,421,79358,66850,200
random,0.01,422,79386,66505,200
random,0.01,423,79576,66712,200
random,0.01,424,79539,66834,200
random,0.01,425,79449,66737,200
random,0.01,426,79430,66688,200
random,0.01,427,79447,66747,200
random,0.01,428,79379,66810,200
random,0.01,429,79397,66747,200
random,0.01,430,79541,67004,200
random,0.01,431,79384,66686,200
random,0.01,432,79369,66845,200
random,0.01,433,79475,66657,200
random,0.01,434,79407,66772,200
random,0.01,435,79400,66660,200
random,0.01,436,79444,66786,200
random,0.01,437,79583,66857,200
random,0.01,438,79308,66329,200
random,0.01,439,79495,66741,200
random,0.01,440,79406,66825,200
random,0.01,441,79517,66779,200
random,0.01,442,79512,66675,200
random,0.01,443,79424,66644,200
random,0.01,444,79532,66830,200
random,0.01,445,79548,66559,200
random,0.01,446,79464,66244,200
random,0.01,447,79419,66769,200
random,0.01,448,79413,66629,200
random,0.01,449,79369,66835,200
random,0.01,450,79414,66829,200
random,0.01,451,79343,66679,200
random,0.01,452,79433,66800,200
random,0.01,453,79578,66759,200
random,0.01,454,79290,66553,200
random,0.01,455,79614,66714,200
random,0.01,456,79363,66494,200
random,0.01,457,79432,66883,200
random,0.01,458,79415,66616,200
random,0.01,459,79427,66656,200
random,0.01,460,79387,66619,200
random,0.01,461,79351,66549,200
random,0.01,462,79600,66802,200
random,0.01,463,79327,66614,200
random,0.01,464,79424,66476,200
random,0.01,465,79264,66709,200
random,0.01,466,79520,66892,200
random,0.01,467,79509,66789,200
random,0.01,468,79311,66507,200
random,0.01,469,79419,66767,200
random,0.01,470,79531,66561,200
random,0.01,471,79402,66616,200
random,0.01,472,79493,66952,200
random,0.01,473,79452,66712,200
random,0.01,474,79358,66518,200
random,0.01,475,79420,66886,200
random,0.01,476,79623,66778,200
random,0.01,477,79456,66706,200
random,0.01,478,79465,66716,200
random,0.01,479,79284,66821,200
random,0.01,480,79245,66691,200
random,0.01,481,79348,66688,200
random,0.01,482,79451,66910,200
random,0.01,483,79419,66583,200
random,0.01,484,79557,66794,200
random,0.01,485,79445,66735,200
random,0.01,486,79450,66845,200
random,0.01,487,79463,66675,200
random,0.01,488,79395,66592,200
random,0.01,489,79427,66603,200
random,0.01,490,79411,66745,200
random,0.01,491,79419,66781,200
random,0.01,492,79561,66783,200
random,0.01,493,79441,66822,200
random,0.01,494,79323,66450,200
random,0.01,495,79533,66796,200
random,0.01,496,79301,66800,200
random,0.01,497,79347,66704,200
random,0.01,498,79401,66681,200
random,0.01,499,79527,66790,200
random,0.05,0,76006,63614,200
random,0.05,1,76029,63699,200
random,0.05,2,75950,63525,200
random,0.05,3,75697,63559,200
random,0.05,4,75916,63705,200
random,0.05,5,76040,63670,200
random,0.05,6,76051,63729,200
random,0.05,7,75800,63344,200
random,0.05,8,75809,63459,200
random,0.05,9,75847,63560,200
random,0.05,10,76073,63635,200
random,0.05,11,75836,63364,200
random,0.05,12,75788,63582,200
random,0.05,13,75932,63597,200
random,0.05,14,76173,63828,200
random,0.05,15,76025,63580,200
random,0.05,16,75973,63746,200
random,0.05,17,76116,63870,200
random,0.05,18,75834,63430,200
random,0.05,19,76220,63766,200
random,0.05,20,75922,63399,200
random,0.05,21,75996,63417,200
random,0.05,22,75934,63387,200
random,0.05,23,75802,63470,200
random,0.05,24,76070,63608,200
random,0.05,25,76021,63576,200
random,0.05,26,75846,63544,200
random,0.05,27,76072,63635,200
random,0.05,28,76039,63644,200
random,0.05,29,75943,63697,200
random,0.05,30,75795,63498,200
random,0.05,31,75972,63691,200
random,0.05,32,75895,63598,200
random,0.05,33,75858,63572,200
random,0.05,34,76032,63845,200
random,0.05,35,76041,63818,200
random,0.05,36,75885,63481,200
random,0.05,37,75933,63814,200
random,0.05,38,75906,63644,200
random,0.05,39,76111,63835,200
random,0.05,40,75969,63774,200
random,0.05,41,76059,63635,200
random,0.05,42,75949,63569,200
random,0.05,43,75939,63458,200
random,0.05,44,76015,63538,200
random,0.05,45,75801,63363,200
random,0.05,46,75908,63508,200
random,0.05,47,76159,63794,200
random,0.05,48,75905,63391,200
random,0.05,49,76011,63432,200
random,0.05,50,75877,63595,200
random,0.05,51,76228,63933,200
random,0.05,52,75885,63546,200
random,0.05,53,75863,63610,200
random,0.05,54,76064,63733,200
random,0.05,55,75963,63388,200
random,0.05,56,75971,63517,200
random,0.05,57,75812,63499,200
random,0.05,58,75972,63547,200
random,0.05,59,75953,63529,200
random,0.05,60,75974,63626,200
random,0.05,61,75854,63624,200
random,0.05,62,76056,63815,200
random,0.05,63,76072,63636,200
random,0.05,64,75816,63568,200
random,0.05,65,76063,63870,200
random,0.05,66,75961,63430,200
random,0.05,67,75878,63508,200
random,0.05,68,75946,63390,200
random,0.05,69,75885,63538,200
random,0.05,70,75769,63344,200
random,0.05,71,76027,63553,200
random,0.05,72,75880,63713,200
random,0.05,73,75904,63473,200
random,0.05,74,75883,63622,200
random,0.05,75,75954,63750,200
random,0.05,76,75995,63691,200
random,0.05,77,75775,63638,200
random,0.05,78,76009,63740,200
random,0.05,79,76001,63519,200
random,0.05,80,75963,63739,200
random,0.05,81,75992,63536,200
random,0.05,82,76095,63769,200
random,0.05,83,75992,63559,200
random,0.05,84,75901,63545,200
random,0.05,85,76030,63642,200
random,0.05,86,75874,63364,200
random,0.05,87,75951,63543,200
random,0.05,88,76022,63738,200
random,0.05,89,75941,63529,200
random,0.05,90,76086,63571,200
random,0.05,91,76064,63636,200
random,0.05,92,75824,63324,200
random,0.05,93,76032,63507,200
random,0.05,94,75956,63548,200
random,0.05,95,75944,63515,200
random,0.05,96,75733,63514,200
random,0.05,97,75957,63603,200
random,0.05,98,75762,63475,200
random,0.05,99,75942,63574,200
random,0.05,100,76089,63603,200
random,0.05,101,75913,63483,200
random,0.05,102,75845,63467,200
random,0.05,103,76028,63504,200
random,0.05,104,76039,63662,200
random,0.05,105,76146,63740,200
random,0.05,106,76012,63574,200
random,0.05,107,75798,63574,200
random,0.05,108,75953,63499,200
random,0.05,109,75985,63702,200
random,0.05,110,76075,63808,200
random,0.05,111,75925,63634,200
random,0.05,112,76111,63533,200
random,0.05,113,75863,63467,200
random,0.05,114,76058,63703,200
random,0.05,115,76081,63701,200
random,0.05,116,75948,63533,200
random,0.05,117,75895,63629,200
random,0.05,118,75886,63793,200
random,0.05,119,75816,63543,200
random,0.05,120,76076,63952,200
random,0.05,121,75958,63563,200
random,0.05,122,75734,63383,200
random,0.05,123,75914,63439,200
random,0.05,124,75816,63510,200
random,0.05,125,76053,63720,200
random,0.05,126,75855,63719,200
random,0.05,127,75695,63381,200
random,0.05,128,75766,63435,200
random,0.05,129,76102,63834,200
random,0.05,130,75778,63528,200
random,0.05,131,75947,63563,200
random,0.05,132,75842,63392,200
random,0.05,133,76130,63469,200
random,0.05,134,75929,63599,200
random,0.05,135,75860,63426,200
random,0.05,136,75910,63506,200
random,0.05,137,76039,63910,200
random,0.05,138,76068,63869,200
random,0.05,139,76031,63784,200
random,0.05,140,75898,63698,200
random,0.05,141,75991,63718,200
random,0.05,142,76005,63676,200
random,0.05,143,76080,63661,200
random,0.05,144,76025,63446,200
random,0.05,145,76065,63382,200
random,0.05,146,76002,63720,200
random,0.05,147,75880,63463,200
random,0.05,148,75844,63359,200
random,0.05,149,75861,63256,200
random,0.05,150,76065,63710,200
random,0.05,151,75875,63572,200
random,0.05,152,76123,63436,200
random,0.05,153,75969,63555,200
random,0.05,154,76011,63747,200
random,0.05,155,75867,63577,200
random,0.05,156,75958,63798,200
random,0.05,157,75842,63663,200
random,0.05,158,75890,63578,200
random,0.05,159,76032,63676,200
random,0.05,160,75766,63311,200
random,0.05,161,76039,63756,200
random,0.05,162,75633,63412,200
random,0.05,163,75904,63418,200
random,0.05,164,76092,63627,200
random,0.05,165,76084,63809,200
random,0.05,166,75992,63610,200
random,0.05,167,75935,63636,200
random,0.05,168,75887,63513,200
random,0.05,169,75739,63371,200
random,0.05,170,76087,63767,200
random,0.05,171,75875,63527,200
random,0.05,172,75999,63496,200
random,0.05,173,76172,63432,200
random,0.05,174,75978,63561,200
random,0.05,175,75950,63511,200
random,0.05,176,75855,63689,200
random,0.05,177,75820,63535,200
random,0.05,178,76034,63669,200
random,0.05,179,75856,63423,200
random,0.05,180,75898,63330,200
random,0.05,181,76041,63506,200
random,0.05,182,75868,63425,200
random,0.05,183,76039,63585,200
random,0.05,184,75864,63585,200
random,0.05,185,75970,63695,200
random,0.05,186,75928,63420,200
random,0.05,187,76098,63813,200
random,0.05,188,76123,63517,200
random,0.05,189,76157,63725,200
random,0.05,190,75534,63352,200
random,0.05,191,75931,63502,200
random,0.05,192,76080,63651,200
random,0.05,193,76138,63595,200
random,0.05,194,76037,63623,200
random,0.05,195,76068,63786,200
random,0.05,196,75934,63758,200
random,0.05,197,75890,63715,200
random,0.05,198,75736,63427,200
random,0.05,199,75874,63499,200
random,0.05,200,76001,63492,200
random,0.05,201,75981,63809,200
random,0.05,202,76135,63626,200
random,0.05,203,75947,63523,200
random,0.05,204,75859,63331,200
random,0.05,205,76028,63690,200
random,0.05,206,75974,63722,200
random,0.05,207,75979,63449,200
random,0.05,208,76021,63579,200
random,0.05,209,75907,63562,200
random,0.05,210,76122,63837,200
random,0.05,211,75982,63640,200
random,0.05,212,75848,63557,200
random,0.05,213,75940,63840,200
random,0.05,214,76097,63703,200
random,0.05,215,76104,63707,200
random,0.05,216,76091,63838,200
random,0.05,217,75949,63734,200
random,0.05,218,76024,63409,200
random,0.05,219,75977,63431,200
random,0.05,220,75960,63636,200
random,0.05,221,75910,63727,200
random,0.05,222,76056,63547,200
random,0.05,223,76001,63456,200
random,0.05,224,76070,63654,200
random,0.05,225,75985,63736,200
random,0.05,226,75857,63484,200
random,0.05,227,76196,63852,200
random,0.05,228,75951,63655,200
random,0.05,229,75943,63646,200
random,0.05,230,75857,63611,200
random,0.05,231,75739,63771,200
random,0.05,232,75844,63425,200
random,0.05,233,75948,63540,200
random,0.05,234,76139,63905,200
random,0.05,235,75957,63400,200
random,0.05,236,76180,63647,200
random,0.05,237,75994,63495,200
random,0.05,238,76095,63690,200
random,0.05,239,76001,63657,200
random,0.05,240,75808,63367,200
random,0.05,241,75865,63415,200
random,0.05,242,75824,63590,200
random,0.05,243,76008,63697,200
random,0.05,244,76104,63590,200
random,0.05,245,75997,63733,200
random,0.05,246,76143,63684,200
random,0.05,247,76001,63612,200
random,0.05,248,76012,63501,200
random,0.05,249,76001,63591,200
random,0.05,250,75961,63562,200
random,0.05,251,75789,63426,200
random,0.05,252,75938,63652,200
random,0.05,253,76005,63556,200
random,0.05,254,75938,63596,200
random,0.05,255,75977,63879,200
random,0.05,256,76010,63669,200
random,0.05,257,76055,63841,200
random,0.05,258,76018,63532,200
random,0.05,259,76038,63714,200
random,0.05,260,75919,63813,200
random,0.05,261,75802,63581,200
random,0.05,262,76100,63730,200
random,0.05,263,75697,63482,200
random,0.05,264,75952,63508,200
random,0.05,265,75958,63715,200
random,0.05,266,75812,63598,200
random,0.05,267,75848,63389,200
random,0.05,268,75932,63589,200
random,0.05,269,75735,63602,200
random,0.05,270,76046,63586,200
random,0.05,271,75976,63669,200
random,0.05,272,75893,63453,200
random,0.05,273,75820,63353,200
random,0.05,274,75812,63434,200
random,0.05,275,75884,63434,200
random,0.05,276,75930,63701,200
random,0.05,277,75975,63673,200
random,0.05,278,76036,63483,200
random,0.05,279,75839,63578,200
random,0.05,280,75962,63626,200
random,0.05,281,75780,63531,200
random,0.05,282,75889,63552,200
random,0.05,283,76154,63599,200
random,0.05,284,75882,63441,200
random,0.05,285,75839,63596,200
random,0.05,286,75892,63441,200
random,0.05,287,75916,63361,200
random,0.05,288,75993,63580,200
random,0.05,289,75770,63368,200
random,0.05,290,75931,63272,200
random,0.05,291,75955,63384,200
random,0.05,292,75886,63514,200
random,0.05,293,75805,63691,200
random,0.05,294,75768,63441,200
random,0.05,295,75826,63601,200
random,0.05,296,76143,63645,200
random,0.05,297,75747,63392,200
random,0.05,298,75927,63878,200
random,0.05,299,75891,63384,200
random,0.05,300,75874,63709,200
random,0.05,301,76016,63459,200
random,0.05,302,75927,63717,200
random,0.05,303,75930,63833,200
random,0.05,304,75906,63373,200
random,0.05,305,75952,63665,200
random,0.05,306,76072,63564,200
random,0.05,307,75943,63549,200
random,0.05,308,75937,63629,200
random,0.05,309,75933,63420,200
random,0.05,310,76105,63546,200
random,0.05,311,75969,63497,200
random,0.05,312,75960,63648,200
random,0.05,313,76089,63755,200
random,0.05,314,75875,63481,200
random,0.05,315,75785,63491,200
random,0.05,316,75976,63558,200
random,0.05,317,75930,63627,200
random,0.05,318,76023,63494,200
random,0.05,319,75946,63501,200
random,0.05,320,75619,63376,200
random,0.05,321,75998,63739,200
random,0.05,322,75880,63646,200
random,0.05,323,75939,63549,200
random,0.05,324,75945,63621,200
random,0.05,325,75954,63417,200
random,0.05,326,76034,63743,200
random,0.05,327,75891,63754,200
random,0.05,328,75874,63291,200
random,0.05,329,75897,63729,200
random,0.05,330,75900,63556,200
random,0.05,331,76089,63513,200
random,0.05,332,76073,63686,200
random,0.05,333,76055,63577,200
random,0.05,334,75879,63603,200
random,0.05,335,75833,63315,200
random,0.05,336,75907,63729,200
random,0.05,337,75943,63611,200
random,0.05,338,76031,63647,200
random,0.05,339,75808,63546,200
random,0.05,340,76017,63643,200
random,0.05,341,75982,63716,200
random,0.05,342,75825,63353,200
random,0.05,343,75843,63391,200
random,0.05,344,75862,63678,200
random,0.05,345,75762,63579,200
random,0.05,346,75852,63474,200
random,0.05,347,76158,63809,200
random,0.05,348,76020,63390,200
random,0.05,349,75956,63635,200
random,0.05,350,75798,63498,200
random,0.05,351,75920,63715,200
random,0.05,352,75840,63588,200
random,0.05,353,75820,63484,200
random,0.05,354,76001,63696,200
random,0.05,355,75848,63457,200
random,0.05,356,76082,63738,200
random,0.05,357,75978,63888,200
random,0.05,358,76021,63618,200
random,0.05,359,75932,63468,200
random,0.05,360,75816,63454,200
random,0.05,361,76066,63691,200
random,0.05,362,75889,63633,200
random,0.05,363,76051,63744,200
random,0.05,364,75930,63557,200
random,0.05,365,76087,63634,200
random,0.05,366,75786,63508,200
random,0.05,367,76033,63483,200
random,0.05,368,75853,63245,200
random,0.05,369,75936,63509,200
random,0.05,370,76028,63694,200
random,0.05,371,75834,63528,200
random,0.05,372,75995,63578,200
random,0.05,373,75897,63642,200
random,0.05,374,76066,63779,200
random,0.05,375,75856,63199,200
random,0.05,376,75813,63521,200
random,0.05,377,75955,63630,200
random,0.05,378,76067,63745,200
random,0.05,379,75886,63479,200
random,0.05,380,75926,63667,200
random,0.05,381,75923,63815,200
random,0.05,382,75849,63586,200
random,0.05,383,76156,63586,200
random,0.05,384,75997,63545,200
random,0.05,385,76029,63760,200
random,0.05,386,76076,63571,200
random,0.05,387,75864,63552,200
random,0.05,388,76012,63754,200
random,0.05,389,76031,63575,200
random,0.05,390,76081,63690,200
random,0.05,391,76114,63728,200
random,0.05,392,75992,63546,200
random,0.05,393,75920,63530,200
random,0.05,394,75841,63556,200
random,0.05,395,75768,63253,200
random,0.05,396,76011,63601,200
random,0.05,397,76109,63552,200
random,0.05,398,76008,63609,200
random,0.05,399,75893,63416,200
random,0.05,400,75994,63820,200
random,0.05,401,75992,63610,200
random,0.05,402,75817,63595,200
random,0.05,403,76093,63581,200
random,0.05,404,75913,63551,200
random,0.05,405,75856,63411,200
random,0.05,406,75966,63583,200
random,0.05,407,75981,63606,200
random,0.05,408,76120,63669,200
random,0.05,409,75983,63670,200
random,0.05,410,75606,63416,200
random,0.05,411,76037,63958,200
random,0.05,412,75856,63519,200
random,0.05,413,76087,63462,200
random,0.05,414,75962,63858,200
random,0.05,415,76045,63695,200
random,0.05,416,75872,63542,200
random,0.05,417,75889,63388,200
random,0.05,418,76016,63646,200
random,0.05,419,76133,63538,200
random,0.05,420,76068,63541,200
random,0.05,421,76007,63529,200
random,0.05,422,75858,63649,200
random,0.05,423,75857,63449,200
random,0.05,424,75937,63666,200
random,0.05,425,75867,63429,200
random,0.05,426,75682,63370,200
random,0.05,427,75881,63397,200
random,0.05,428,75919,63509,200
random,0.05,429,75892,63466,200
random,0.05,430,75995,63710,200
random,0.05,431,76052,63486,200
random,0.05,432,75823,63488,200
random,0.05,433,75851,63554,200
random,0.05,434,75984,63657,200
random,0.05,435,75957,63516,200
random,0.05,436,75805,63547,200
random,0.05,437,75786,63292,200
random,0.05,438,76039,63690,200
random,0.05,439,75809,63654,200
random,0.05,440,75982,64028,200
random,0.05,441,76011,63680,200
random,0.05,442,75986,63536,200
random,0.05,443,75939,63390,200
random,0.05,444,75994,63582,200
random,0.05,445,76043,63578,200
random,0.05,446,75729,63305,200
random,0.05,447,76078,63543,200
random,0.05,448,76008,63590,200
random,0.05,449,75914,63651,200
random,0.05,450,75723,63761,200
random,0.05,451,76128,63683,200
random,0.05,452,76054,63706,200
random,0.05,453,75995,63755,200
random,0.05,454,76099,63847,200
random,0.05,455,76041,63809,200
random,0.05,456,76051,63619,200
random,0.05,457,75790,63510,200
random,0.05,458,76141,63495,200
random,0.05,459,75910,63477,200
random,0.05,460,76105,63801,200
random,0.05,461,76015,63629,200
random,0.05,462,75920,63632,200
random,0.05,463,75782,63448,200
random,0.05,464,76023,63614,200
random,0.05,465,75923,63489,200
random,0.05,466,75790,63596,200
random,0.05,467,75954,63582,200
random,0.05,468,75996,63438,200
random,0.05,469,76020,63524,200
random,0.05,470,75819,63523,200
random,0.05,471,75997,63555,200
random,0.05,472,75995,63502,200
random,0.05,473,75968,63577,200
random,0.05,474,75820,63261,200
random,0.05,475,76143,63583,200
random,0.05,476,76061,63645,200
random,0.05,477,76022,63742,200
random,0.05,478,75976,63685,200
random,0.05,479,75801,63414,200
random,0.05,480,76214,63610,200
random,0.05,481,75873,63421,200
random,0.05,482,75976,63701,200
random,0.05,483,76004,63747,200
random,0.05,484,75907,63560,200
random,0.05,485,76026,63664,200
random,0.05,486,76085,63748,200
random,0.05,487,75998,63652,200
random,0.05,488,75933,63570,200
random,0.05,489,75934,63690,200
random,0.05,490,76177,63910,200
random,0.05,491,75938,63693,200
random,0.05,492,76030,63856,200
random,0.05,493,76129,63704,200
random,0.05,494,75980,63528,200
random,0.05,495,75781,63435,200
random,0.05,496,76215,63649,200
random,0.05,497,75912,63518,200
random,0.05,498,75774,63359,200
random,0.05,499,76010,63501,200
random,0.1,0,71647,59713,200
random,0.1,1,71594,59751,200
random,0.1,2,71856,59789,200
random,0.1,3,71645,59774,200
random,0.1,4,71552,59637,200
random,0.1,5,71614,59863,200
random,0.1,6,71393,59628,200
random,0.1,7,71698,59874,200
random,0.1,8,71786,59810,200
random,0.1,9,71581,59618,200
random,0.1,10,71535,59807,200
random,0.1,11,71463,59764,200
random,0.1,12,71413,59582,200
random,0.1,13,71756,59838,200
random,0.1,14,71703,59705,200
random,0.1,15,71639,59759,200
random,0.1,16,71536,59934,200
random,0.1,17,71217,59555,200
random,0.1,18,71703,59701,200
random,0.1,19,71440,59719,200
random,0.1,20,71615,59781,200
random,0.1,21,71428,59592,200
random,0.1,22,71558,59737,200
random,0.1,23,71593,59994,200
random,0.1,24,71573,59768,200
random,0.1,25,71755,59748,200
random,0.1,26,71679,59930,200
random,0.1,27,71914,60103,200
random,0.1,28,71651,59759,200
random,0.1,29,71483,59618,200
random,0.1,30,71752,59718,200
random,0.1,31,71690,59634,200
random,0.1,32,71402,59706,200
random,0.1,33,71750,59734,200
random,0.1,34,71353,59634,200
random,0.1,35,71673,59801,200
random,0.1,36,71583,59690,200
random,0.1,37,71605,59781,200
random,0.1,38,71544,59551,200
random,0.1,39,71566,59546,200
random,0.1,40,71607,59832,200
random,0.1,41,71658,59967,200
random,0.1,42,71753,59717,200
random,0.1,43,71572,59703,200
random,0.1,44,71506,59573,200
random,0.1,45,71495,59903,200
random,0.1,46,71486,59590,200
random,0.1,47,71348,59574,200
random,0.1,48,71614,59693,200
random,0.1,49,71579,59700,200
random,0.1,50,71545,59600,200
random,0.1,51,71797,59998,200
random,0.1,52,71540,59673,200
random,0.1,53,71321,59602,200
random,0.1,54,71527,59609,200
random,0.1,55,71614,59861,200
random,0.1,56,71638,59844,200
random,0.1,57,71772,59825,200
random,0.1,58,71664,59678,200
random,0.1,59,71773,59780,200
random,0.1,60,71380,59475,200
random,0.1,61,71603,59891,200
random,0.1,62,71616,59977,200
random,0.1,63,71545,59876,200
random,0.1,64,71745,59847,200
random,0.1,65,71641,59759,200
random,0.1,66,71749,59765,200
random,0.1,67,71571,59402,200
random,0.1,68,71702,59882,200
random,0.1,69,71536,59548,200
random,0.1,70,71740,59784,200
random,0.1,71,71416,59542,200
random,0.1,72,71429,59493,200
random,0.1,73,71513,59632,200
random,0.1,74,71674,59970,200
random,0.1,75,71678,59813,200
random,0.1,76,71742,59651,200
random,0.1,77,71514,59508,200
random,0.1,78,71705,59703,200
random,0.1,79,71388,59550,200
random,0.1,80,71506,59439,200
random,0.1,81,71267,59702,200
random,0.1,82,71753,59764,200
random,0.1,83,71470,59550,200
random,0.1,84,71755,59782,200
random,0.1,85,71573,59751,200
random,0.1,86,71619,59753,200
random,0.1,87,71472,59275,200
random,0.1,88,71489,59466,200
random,0.1,89,71834,59867,200
random,0.1,90,71632,59698,200
random,0.1,91,71685,59938,200
random,0.1,92,71947,59872,200
random,0.1,93,71529,59492,200
random,0.1,94,71610,59719,200
random,0.1,95,71409,59469,200
random,0.1,96,71590,59630,200
random,0.1,97,71517,59601,200
random,0.1,98,71732,59704,200
random,0.1,99,71566,59843,200
random,0.1,100,71551,59871,200
random,0.1,101,71733,59594,200
random,0.1,102,71753,60081,200
random,0.1,103,71646,59769,200
random,0.1,104,71545,59824,200
random,0.1,105,71455,59522,200
random,0.1,106,71542,59603,200
random,0.1,107,71788,59889,200
random,0.1,108,71694,59973,200
random,0.1,109,71750,59606,200
random,0.1,110,71593,59728,200
random,0.1,111,71687,59722,200
random,0.1,112,71696,59632,200
random,0.1,113,71732,59722,200
random,0.1,114,71496,59585,200
random,0.1,115,71601,59735,200
random,0.1,116,71485,59561,200
random,0.1,117,71561,59662,200
random,0.1,118,71397,59596,200
random,0.1,119,71526,59674,200
random,0.1,120,71645,59565,200
random,0.1,121,71492,59642,200
random,0.1,122,71714,59849,200
random,0.1,123,71544,59699,200
random,0.1,124,71844,59796,200
random,0.1,125,71469,59742,200
random,0.1,126,71757,59749,200
random,0.1,127,71643,59724,200
random,0.1,128,71824,59853,200
random,0.1,129,71436,59689,200
random,0.1,130,71508,59662,200
random,0.1,131,71680,59575,200
random,0.1,132,71379,59394,200
random,0.1,133,71406,59670,200
random,0.1,134,71551,59685,200
random,0.1,135,71633,59641,200
random,0.1,136,71585,59869,200
random,0.1,137,71430,59686,200
random,0.1,138,71768,59632,200
random,0.1,139,71696,59752,200
random,0.1,140,71520,59668,200
random,0.1,141,71583,59796,200
random,0.1,142,71738,59936,200
random,0.1,143,71398,59599,200
random,0.1,144,71639,59692,200
random,0.1,145,71683,59559,200
random,0.1,146,71678,59591,200
random,0.1,147,71603,59851,200
random,0.1,148,71664,59510,200
random,0.1,149,71569,59887,200
random,0.1,150,71806,59826,200
random,0.1,151,71585,59647,200
random,0.1,152,71651,59754,200
random,0.1,153,71689,60011,200
random,0.1,154,71702,59787,200
random,0.1,155,71399,59484,200
random,0.1,156,71681,59913,200
random,0.1,157,71571,59666,200
random,0.1,158,71714,59825,200
random,0.1,159,71609,59685,200
random,0.1,160,71454,59783,200
random,0.1,161,71745,59613,200
random,0.1,162,71521,59638,200
random,0.1,163,71636,59731,200
random,0.1,164,71737,59785,200
random,0.1,165,71876,59807,200
random,0.1,166,71782,59829,200
random,0.1,167,71420,59499,200
random,0.1,168,71395,59307,200
random,0.1,169,71646,59652,200
random,0.1,170,71468,59709,200
random,0.1,171,71637,59649,200
random,0.1,172,71372,59341,200
random,0.1,173,71757,59840,200
random,0.1,174,71654,59726,200
random,0.1,175,71422,59538,200
random,0.1,176,71460,59691,200
random,0.1,177,71605,59641,200
random,0.1,178,71611,59777,200
random,0.1,179,71466,59552,200
random,0.1,180,71491,59620,200
random,0.1,181,71663,59931,200
random,0.1,182,71608,59824,200
random,0.1,183,71481,59659,200
random,0.1,184,71589,59763,200
random,0.1,185,71513,59666,200
random,0.1,186,71337,59462,200
random,0.1,187,71690,59980,200
random,0.1,188,71729,59787,200
random,0.1,189,71691,59701,200
random,0.1,190,71778,59717,200
random,0.1,191,71608,59651,200
random,0.1,192,71728,59710,200
random,0.1,193,71658,59705,200
random,0.1,194,71554,59595,200
random,0.1,195,71667,59641,200
random,0.1,196,71587,59672,200
random,0.1,197,71796,59820,200
random,0.1,198,71742,59887,200
random,0.1,199,71727,59737,200
random,0.1,200,71686,59786,200
random,0.1,201,71647,59893,200
random,0.1,202,71439,59361,200
random,0.1,203,71726,59860,200
random,0.1,204,71539,59599,200
random,0.1,205,71529,59980,200
random,0.1,206,71454,59626,200
random,0.1,207,71659,59744,200
random,0.1,208,71486,59738,200
random,0.1,209,71643,59823,200
random,0.1,210,71665,59890,200
random,0.1,211,71558,59655,200
random,0.1,212,71579,59552,200
random,0.1,213,71826,59752,200
random,0.1,214,71618,59696,200
random,0.1,215,71391,59617,200
random,0.1,216,71673,59783,200
random,0.1,217,71630,59489,200
random,0.1,218,71503,59697,200
random,0.1,219,71510,59753,200
random,0.1,220,71546,59751,200
random,0.1,221,71835,59858,200
random,0.1,222,71579,59734,200
random,0.1,223,71543,59747,200
random,0.1,224,71660,59795,200
random,0.1,225,71544,59509,200
random,0.1,226,71620,59559,200
random,0.1,227,71788,59852,200
random,0.1,228,71651,59780,200
random,0.1,229,71587,59675,200
random,0.1,230,71277,59540,200
random,0.1,231,71599,59622,200
random,0.1,232,71628,59576,200
random,0.1,233,71488,59618,200
random,0.1,234,71669,59901,200
random,0.1,235,71467,59622,200
random,0.1,236,71627,59715,200
random,0.1,237,71609,59805,200
random,0.1,238,71577,59674,200
random,0.1,239,71784,60036,200
random,0.1,240,71618,59647,200
random,0.1,241,71820,59953,200
random,0.1,242,71644,59813,200
random,0.1,243,71491,59463,200
random,0.1,244,71548,59598,200
random,0.1,245,71506,59584,200
random,0.1,246,71764,59598,200
random,0.1,247,71547,59664,200
random,0.1,248,71734,59890,200
random,0.1,249,71918,59913,200
random,0.1,250,71493,59546,200
random,0.1,251,71608,59654,200
random,0.1,252,71321,59645,200
random,0.1,253,71785,59879,200
random,0.1,254,71676,59728,200
random,0.1,255,71571,59768,200
random,0.1,256,71550,59514,200
random,0.1,257,71546,59661,200
random,0.1,258,71789,59745,200
random,0.1,259,71653,59811,200
random,0.1,260,71718,59742,200
random,0.1,261,71505,59634,200
random,0.1,262,71673,60148,200
random,0.1,263,71426,59683,200
random,0.1,264,71809,60054,200
random,0.1,265,71794,59842,200
random,0.1,266,71603,59725,200
random,0.1,267,71555,59614,200
random,0.1,268,71760,59791,200
random,0.1,269,71778,59903,200
random,0.1,270,71637,59793,200
random,0.1,271,71791,59944,200
random,0.1,272,71652,59781,200
random,0.1,273,71535,59929,200
random,0.1,274,71584,59591,200
random,0.1,275,71766,59769,200
random,0.1,276,71557,59728,200
random,0.1,277,71540,59700,200
random,0.1,278,71703,60002,200
random,0.1,279,71371,59379,200
random,0.1,280,71554,59756,200
random,0.1,281,71752,59734,200
random,0.1,282,71581,59783,200
random,0.1,283,71688,59888,200
random,0.1,284,71836,59960,200
random,0.1,285,71738,59831,200
random,0.1,286,71376,59570,200
random,0.1,287,71508,59652,200
random,0.1,288,71569,59503,200
random,0.1,289,71577,59722,200
random,0.1,290,71639,59741,200
random,0.1,291,71389,59351,200
random,0.1,292,71617,59851,200
random,0.1,293,71536,59518,200
random,0.1,294,71517,59667,200
random,0.1,295,71635,59736,200
random,0.1,296,71656,59966,200
random,0.1,297,71694,59792,200
random,0.1,298,71650,59615,200
random,0.1,299,71493,59641,200
random,0.1,300,71325,59350,200
random,0.1,301,71639,60055,200
random,0.1,302,71625,59685,200
random,0.1,303,71742,59759,200
random,0.1,304,71630,59734,200
random,0.1,305,71633,59664,200
random,0.1,306,71830,59975,200
random,0.1,307,71597,59643,200
random,0.1,308,71727,59845,200
random,0.1,309,71778,59857,200
random,0.1,310,71537,59742,200
random,0.1,311,71390,59512,200
random,0.1,312,71590,59633,200
random,0.1,313,71660,59798,200
random,0.1,314,71686,59794,200
random,0.1,315,71604,59529,200
random,0.1,316,71487,59730,200
random,0.1,317,71614,59788,200
random,0.1,318,71503,59580,200
random,0.1,319,71696,59984,200
random,0.1,320,71640,59536,200
random,0.1,321,71881,59742,200
random,0.1,322,71477,59718,200
random,0.1,323,71746,59859,200
random,0.1,324,71673,59867,200
random,0.1,325,71391,59451,200
random,0.1,326,71659,59819,200
random,0.1,327,71556,59965,200
random,0.1,328,71567,59480,200
random,0.1,329,71588,59811,200
random,0.1,330,71558,59428,200
random,0.1,331,71696,59662,200
random,0.1,332,71689,59710,200
random,0.1,333,72065,59982,200
random,0.1,334,71593,59966,200
random,0.1,335,71771,59950,200
random,0.1,336,71609,59696,200
random,0.1,337,71652,59759,200
random,0.1,338,71614,59537,200
random,0.1,339,71511,59487,200
random,0.1,340,71615,59675,200
random,0.1,341,71709,59840,200
random,0.1,342,71524,59711,200
random,0.1,343,71777,59932,200
random,0.1,344,71669,59666,200
random,0.1,345,71275,59370,200
random,0.1,346,71506,59770,200
random,0.1,347,71592,59785,200
random,0.1,348,71728,59658,200
random,0.1,349,71778,59879,200
random,0.1,350,71584,59657,200
random,0.1,351,71617,59742,200
random,0.1,352,71542,59667,200
random,0.1,353,71626,59867,200
random,0.1,354,71592,59606,200
random,0.1,355,71581,59927,200
random,0.1,356,71855,59899,200
random,0.1,357,71561,59931,200
random,0.1,358,71497,59629,200
random,0.1,359,71593,59643,200
random,0.1,360,71581,59653,200
random,0.1,361,71703,59830,200
random,0.1,362,71523,59493,200
random,0.1,363,71676,59642,200
random,0.1,364,71861,60322,200
random,0.1,365,71677,59798,200
random,0.1,366,71364,59573,200
random,0.1,367,71628,59687,200
random,0.1,368,71537,59749,200
random,0.1,369,71348,59669,200
random,0.1,370,71720,59588,200
random,0.1,371,71422,59671,200
random,0.1,372,71595,59793,200
random,0.1,373,71572,59785,200
random,0.1,374,71464,59470,200
random,0.1,375,71408,59753,200
random,0.1,376,71590,59674,200
random,0.1,377,71312,59397,200
random,0.1,378,71719,59876,200
random,0.1,379,71533,59581,200
random,0.1,380,71698,59855,200
random,0.1,381,71584,59687,200
random,0.1,382,71696,59618,200
random,0.1,383,71538,59719,200
random,0.1,384,71685,59577,200
random,0.1,385,71766,59687,200
random,0.1,386,71655,59889,200
random,0.1,387,71573,59591,200
random,0.1,388,71758,59723,200
random,0.1,389,71660,59796,200
random,0.1,390,71623,59663,200
random,0.1,391,71599,59496,200
random,0.1,392,71328,59520,200
random,0.1,393,71796,59920,200
random,0.1,394,71504,59618,200
random,0.1,395,71451,59745,200
random,0.1,396,71578,59701,200
random,0.1,397,71464,59581,200
random,0.1,398,71714,59915,200
random,0.1,399,71619,59839,200
random,0.1,400,71281,59454,200
random,0.1,401,71750,59789,200
random,0.1,402,71445,59493,200
random,0.1,403,71601,59653,200
random,0.1,404,71751,59700,200
random,0.1,405,71625,59725,200
random,0.1,406,71671,59799,200
random,0.1,407,71650,59839,200
random,0.1,408,71750,59663,200
random,0.1,409,71794,59624,200
random,0.1,410,71575,59535,200
random,0.1,411,71672,59565,200
random,0.1,412,71419,59585,200
random,0.1,413,71470,59478,200
random,0.1,414,71580,59754,200
random,0.1,415,71579,59661,200
random,0.1,416,71640,59518,200
random,0.1,417,71577,59643,200
random,0.1,418,71675,59838,200
random,0.1,419,71763,59866,200
random,0.1,420,71594,59723,200
random,0.1,421,71761,59701,200
random,0.1,422,71863,59952,200
random,0.1,423,71585,59777,200
random,0.1,424,71653,59599,200
random,0.1,425,71635,59772,200
random,0.1,426,71535,59623,200
random,0.1,427,71215,59475,200
random,0.1,428,71513,59655,200
random,0.1,429,71737,59781,200
random,0.1,430,71560,59508,200
random,0.1,431,71527,59713,200
random,0.1,432,71445,59563,200
random,0.1,433,71650,59772,200
random,0.1,434,71406,59564,200
random,0.1,435,71654,59577,200
random,0.1,436,71699,59642,200
random,0.1,437,71495,59533,200
random,0.1,438,71586,59691,200
random,0.1,439,71713,59785,200
random,0.1,440,71684,59793,200
random,0.1,441,71250,59459,200
random,0.1,442,71854,59670,200
random,0.1,443,71275,59339,200
random,0.1,444,71565,59918,200
random,0.1,445,71399,59458,200
random,0.1,446,71523,59702,200
random,0.1,447,71379,59540,200
random,0.1,448,71654,59538,200
random,0.1,449,71693,59882,200
random,0.1,450,71580,59412,200
random,0.1,451,71643,59804,200
random,0.1,452,71617,59543,200
random,0.1,453,71396,59574,200
random,0.1,454,71340,59270,200
random,0.1,455,71705,59796,200
random,0.1,456,71055,59294,200
random,0.1,457,71689,59762,200
random,0.1,458,71654,59469,200
random,0.1,459,71583,59575,200
random,0.1,460,71603,59513,200
random,0.1,461,71565,59782,200
random,0.1,462,71519,59625,200
random,0.1,463,71733,59945,200
random,0.1,464,71618,59634,200
random,0.1,465,71703,59602,200
random,0.1,466,71691,59673,200
random,0.1,467,71501,59469,200
random,0.1,468,71720,59974,200
random,0.1,469,71715,59621,200
random,0.1,470,71442,59520,200
random,0.1,471,71647,59649,200
random,0.1,472,71695,59830,200
random,0.1,473,71738,59349,200
random,0.1,474,71816,59984,200
random,0.1,475,71814,59959,200
random,0.1,476,71803,59779,200
random,0.1,477,71596,59469,200
random,0.1,478,71550,59716,200
random,0.1,479,71677,59828,200
random,0.1,480,71686,59583,200
random,0.1,481,71827,59826,200
random,0.1,482,71711,59707,200
random,0.1,483,71424,59569,200
random,0.1,484,71595,59672,200
random,0.1,485,71702,59667,200
random,0.1,486,71627,59715,200
random,0.1,487,71688,59659,200
random,0.1,488,71311,59537,200
random,0.1,489,71633,59766,200
random,0.1,490,71465,59774,200
random,0.1,491,71565,59679,200
random,0.1,492,71703,59663,200
random,0.1,493,71539,59641,200
random,0.1,494,71720,59636,200
random,0.1,495,71686,59843,200
random,0.1,496,71526,59682,200
random,0.1,497,71486,59645,200
random,0.1,498,71677,59739,200
random,0.1,499,71694,59706,200
random,0.15,0,67443,55833,200
random,0.15,1,67389,55792,200
random,0.15,2,67241,55986,200
random,0.15,3,67257,55959,200
random,0.15,4,67385,55942,200
random,0.15,5,67160,55653,200
random,0.15,6,67616,56153,200
random,0.15,7,67239,55910,200
random,0.15,8,67253,55844,200
random,0.15,9,67291,56009,200
random,0.15,10,67465,55863,200
random,0.15,11,67459,56043,200
random,0.15,12,67317,55983,200
random,0.15,13,67074,55806,200
random,0.15,14,67360,56171,200
random,0.15,15,67457,55989,200
random,0.15,16,67166,55827,200
random,0.15,17,67302,55668,200
random,0.15,18,67131,55233,200
random,0.15,19,67287,55949,200
random,0.15,20,67091,55614,200
random,0.15,21,67371,56055,200
random,0.15,22,66950,55707,200
random,0.15,23,67408,56177,200
random,0.15,24,67176,55973,200
random,0.15,25,67334,55997,200
random,0.15,26,67140,56019,200
random,0.15,27,67353,56029,200
random,0.15,28,66983,55566,200
random,0.15,29,67178,55644,200
random,0.15,30,67188,55730,200
random,0.15,31,67291,55860,200
random,0.15,32,67226,55706,200
random,0.15,33,67175,55835,200
random,0.15,34,67143,55840,200
random,0.15,35,67224,55760,200
random,0.15,36,67278,55707,200
random,0.15,37,67242,55655,200
random,0.15,38,67355,55973,200
random,0.15,39,67387,55853,200
random,0.15,40,67151,55633,200
random,0.15,41,67323,55864,200
random,0.15,42,67362,55769,200
random,0.15,43,67110,55763,200
random,0.15,44,67085,55731,200
random,0.15,45,67384,55987,200
random,0.15,46,67339,55979,200
random,0.15,47,67349,55702,200
random,0.15,48,67426,56030,200
random,0.15,49,67382,55853,200
random,0.15,50,67343,55948,200
random,0.15,51,67403,55901,200
random,0.15,52,67125,55825,200
random,0.15,53,67188,55966,200
random,0.15,54,66936,55487,200
random,0.15,55,67527,56042,200
random,0.15,56,67203,55610,200
random,0.15,57,67352,55978,200
random,0.15,58,67432,56042,200
random,0.15,59,67297,55940,200
random,0.15,60,67279,55747,200
random,0.15,61,67084,55540,200
random,0.15,62,67121,55484,200
random,0.15,63,67538,56145,200
random,0.15,64,67493,56036,200
random,0.15,65,67180,55895,200
random,0.15,66,67074,55609,200
random,0.15,67,67241,55716,200
random,0.15,68,67168,55904,200
random,0.15,69,67410,56002,200
random,0.15,70,67107,55748,200
random,0.15,71,67398,56126,200
random,0.15,72,67303,55672,200
random,0.15,73,67219,55789,200
random,0.15,74,67060,55825,200
random,0.15,75,67274,55901,200
random,0.15,76,67541,56046,200
random,0.15,77,67403,56108,200
random,0.15,78,67021,55680,200
random,0.15,79,67273,55591,200
random,0.15,80,67255,55827,200
random,0.15,81,67200,55628,200
random,0.15,82,67120,55650,200
random,0.15,83,67335,55906,200
random,0.15,84,67335,56167,200
random,0.15,85,67574,56185,200
random,0.15,86,67380,55905,200
random,0.15,87,67363,55899,200
random,0.15,88,67232,55805,200
random,0.15,89,67145,55934,200
random,0.15,90,67146,55965,200
random,0.15,91,67467,56120,200
random,0.15,92,67233,55712,200
random,0.15,93,67427,55854,200
random,0.15,94,67307,55918,200
random,0.15,95,67212,55938,200
random,0.15,96,67501,55870,200
random,0.15,97,67252,55666,200
random,0.15,98,67242,55883,200
random,0.15,99,66919,55687,200
random,0.15,100,67150,55612,200
random,0.15,101,67184,55712,200
random,0.15,102,67082,55655,200
random,0.15,103,67108,55666,200
random,0.15,104,67484,55970,200
random,0.15,105,67372,56088,200
random,0.15,106,67293,55958,200
random,0.15,107,67548,56315,200
random,0.15,108,67273,55784,200
random,0.15,109,67359,55931,200
random,0.15,110,67217,55830,200
random,0.15,111,67381,55921,200
random,0.15,112,67177,55776,200
random,0.15,113,67619,55969,200
random,0.15,114,67020,55608,200
random,0.15,115,67281,55640,200
random,0.15,116,66991,55708,200
random,0.15,117,67259,56118,200
random,0.15,118,66965,55475,200
random,0.15,119,67288,55923,200
random,0.15,120,67163,55422,200
random,0.15,121,67018,55797,200
random,0.15,122,67330,55958,200
random,0.15,123,67355,56052,200
random,0.15,124,67317,55855,200
random,0.15,125,67296,55825,200
random,0.15,126,67160,55753,200
random,0.15,127,67342,55877,200
random,0.15,128,67270,55845,200
random,0.15,129,67224,55851,200
random,0.15,130,67202,55747,200
random,0.15,131,67215,55751,200
random,0.15,132,67133,55534,200
random,0.15,133,66967,55728,200
random,0.15,134,67070,55614,200
random,0.15,135,67333,55899,200
random,0.15,136,67246,55830,200
random,0.15,137,67151,55720,200
random,0.15,138,67251,55701,200
random,0.15,139,67077,55761,200
random,0.15,140,67216,55677,200
random,0.15,141,67299,55944,200
random,0.15,142,66950,55591,200
random,0.15,143,67162,55866,200
random,0.15,144,67102,55783,200
random,0.15,145,67282,55873,200
random,0.15,146,67341,55798,200
random,0.15,147,67438,56076,200
random,0.15,148,67355,55990,200
random,0.15,149,66838,55600,200
random,0.15,150,67228,55822,200
random,0.15,151,66941,55726,200
random,0.15,152,67314,55622,200
random,0.15,153,67363,56024,200
random,0.15,154,67263,55860,200
random,0.15,155,67392,56142,200
random,0.15,156,67233,55949,200
random,0.15,157,67227,55751,200
random,0.15,158,67166,55882,200
random,0.15,159,67082,55853,200
random,0.15,160,67139,55934,200
random,0.15,161,67242,55834,200
random,0.15,162,67231,55881,200
random,0.15,163,66952,55622,200
random,0.15,164,67118,55655,200
random,0.15,165,67309,55915,200
random,0.15,166,67194,55885,200
random,0.15,167,67411,56101,200
random,0.15,168,67069,55810,200
random,0.15,169,66952,55548,200
random,0.15,170,67261,55776,200
random,0.15,171,67362,56040,200
random,0.15,172,67242,55719,200
random,0.15,173,67225,55752,200
random,0.15,174,67425,55790,200
random,0.15,175,67298,55940,200
random,0.15,176,67319,55809,200
random,0.15,177,67058,55705,200
random,0.15,178,67210,55608,200
random,0.15,179,67025,55765,200
random,0.15,180,67187,55737,200
random,0.15,181,66991,55525,200
random,0.15,182,67325,56082,200
random,0.15,183,67198,55814,200
random,0.15,184,67179,55888,200
random,0.15,185,67286,55855,200
random,0.15,186,67284,55999,200
random,0.15,187,67287,55860,200
random,0.15,188,67385,55910,200
random,0.15,189,67462,56149,200
random,0.15,190,67381,56063,200
random,0.15,191,67260,55901,200
random,0.15,192,67249,56052,200
random,0.15,193,67187,55825,200
random,0.15,194,67176,55752,200
random,0.15,195,67256,55856,200
random,0.15,196,67241,55963,200
random,0.15,197,67208,55687,200
random,0.15,198,67296,55980,200
random,0.15,199,67392,56021,200
random,0.15,200,67191,55843,200
random,0.15,201,67316,55966,200
random,0.15,202,67104,55677,200
random,0.15,203,67205,55656,200
random,0.15,204,67062,55887,200
random,0.15,205,67157,55497,200
random,0.15,206,67125,55783,200
random,0.15,207,67376,55791,200
random,0.15,208,67098,55814,200
random,0.15,209,67097,55662,200
random,0.15,210,67150,55742,200
random,0.15,211,67283,55973,200
random,0.15,212,66900,55599,200
random,0.15,213,67075,55821,200
random,0.15,214,67044,55621,200
random,0.15,215,67160,55902,200
random,0.15,216,67396,55680,200
random,0.15,217,67478,55863,200
random,0.15,218,66933,55708,200
random,0.15,219,67031,55768,200
random,0.15,220,67129,55683,200
random,0.15,221,67063,55701,200
random,0.15,222,67267,55928,200
random,0.15,223,67383,56066,200
random,0.15,224,67338,55988,200
random,0.15,225,67168,55988,200
random,0.15,226,67413,56115,200
random,0.15,227,67183,55864,200
random,0.15,228,67151,55706,200
random,0.15,229,67168,55882,200
random,0.15,230,67247,56051,200
random,0.15,231,67353,56132,200
random,0.15,232,67366,55872,200
random,0.15,233,67275,55730,200
random,0.15,234,67015,55728,200
random,0.15,235,67295,55733,200
random,0.15,236,67354,55975,200
random,0.15,237,67261,55893,200
random,0.15,238,67095,55706,200
random,0.15,239,67292,55986,200
random,0.15,240,67281,55959,200
random,0.15,241,67391,55997,200
random,0.15,242,67383,55954,200
random,0.15,243,67459,56144,200
random,0.15,244,67014,55681,200
random,0.15,245,67143,55879,200
random,0.15,246,67342,55721,200
random,0.15,247,66989,55675,200
random,0.15,248,67409,56104,200
random,0.15,249,67268,55711,200
random,0.15,250,67355,56086,200
random,0.15,251,67192,55587,200
random,0.15,252,67034,55791,200
random,0.15,253,67345,55925,200
random,0.15,254,67412,55877,200
random,0.15,255,67408,55800,200
random,0.15,256,67425,55973,200
random,0.15,257,67091,55670,200
random,0.15,258,67211,55935,200
random,0.15,259,67340,55981,200
random,0.15,260,67409,55877,200
random,0.15,261,67022,55468,200
random,0.15,262,67222,55653,200
random,0.15,263,67459,56135,200
random,0.15,264,67184,55758,200
random,0.15,265,67262,55889,200
random,0.15,266,67157,55628,200
random,0.15,267,67013,55613,200
random,0.15,268,67157,55548,200
random,0.15,269,67276,55996,200
random,0.15,270,67188,55789,200
random,0.15,271,67404,55676,200
random,0.15,272,67379,55719,200
random,0.15,273,67436,55924,200
random,0.15,274,67183,55664,200
random,0.15,275,67422,56048,200
random,0.15,276,67266,55829,200
random,0.15,277,67176,55811,200
random,0.15,278,67065,55945,200
random,0.15,279,67114,55844,200
random,0.15,280,66994,55302,200
random,0.15,281,67331,55799,200
random,0.15,282,67233,55919,200
random,0.15,283,67354,55946,200
random,0.15,284,67316,55835,200
random,0.15,285,67375,55870,200
random,0.15,286,67197,55854,200
random,0.15,287,67171,55794,200
random,0.15,288,67193,55987,200
random,0.15,289,66838,55629,200
random,0.15,290,67136,55783,200
random,0.15,291,67177,55882,200
random,0.15,292,67355,55960,200
random,0.15,293,67264,55885,200
random,0.15,294,67425,55876,200
random,0.15,295,67221,56094,200
random,0.15,296,67081,55784,200
random,0.15,297,67079,55790,200
random,0.15,298,66979,55596,200
random,0.15,299,67306,55969,200
random,0.15,300,67308,55889,200
random,0.15,301,67562,56142,200
random,0.15,302,67218,55909,200
random,0.15,303,67183,55842,200
random,0.15,304,67313,55863,200
random,0.15,305,67151,55946,200
random,0.15,306,67145,55730,200
random,0.15,307,67251,55854,200
random,0.15,308,67205,55791,200
random,0.15,309,67027,55787,200
random,0.15,310,67384,55903,200
random,0.15,311,67370,55933,200
random,0.15,312,66966,55657,200
random,0.15,313,66975,55733,200
random,0.15,314,67240,55751,200
random,0.15,315,67261,55871,200
random,0.15,316,67526,55950,200
random,0.15,317,67253,55747,200
random,0.15,318,67033,55653,200
random,0.15,319,67227,55537,200
random,0.15,320,67085,55996,200
random,0.15,321,67321,56018,200
random,0.15,322,67124,55569,200
random,0.15,323,67324,55892,200
random,0.15,324,67294,55882,200
random,0.15,325,67113,55847,200
random,0.15,326,67028,55677,200
random,0.15,327,67506,55997,200
random,0.15,328,67266,55756,200
random,0.15,329,67140,55732,200
random,0.15,330,67076,55748,200
random,0.15,331,67230,56080,200
random,0.15,332,67094,55766,200
random,0.15,333,67372,55940,200
random,0.15,334,67231,55821,200
random,0.15,335,67024,55734,200
random,0.15,336,67285,55953,200
random,0.15,337,67510,55783,200
random,0.15,338,67342,55763,200
random,0.15,339,67483,56144,200
random,0.15,340,66920,55582,200
random,0.15,341,67238,55925,200
random,0.15,342,67265,55898,200
random,0.15,343,67096,55789,200
random,0.15,344,67242,56086,200
random,0.15,345,67056,55507,200
random,0.15,346,67314,56000,200
random,0.15,347,67172,55858,200
random,0.15,348,67098,55649,200
random,0.15,349,67498,56123,200
random,0.15,350,67321,55807,200
random,0.15,351,67468,56032,200
random,0.15,352,67234,55943,200
random,0.15,353,67107,55813,200
random,0.15,354,67462,56063,200
random,0.15,355,67106,55814,200
random,0.15,356,67143,55886,200
random,0.15,357,67514,55942,200
random,0.15,358,67440,55999,200
random,0.15,359,67263,55931,200
random,0.15,360,67171,55792,200
random,0.15,361,67044,55586,200
random,0.15,362,67489,56112,200
random,0.15,363,67182,55701,200
random,0.15,364,67258,55843,200
random,0.15,365,67230,55840,200
random,0.15,366,67267,55922,200
random,0.15,367,67235,55931,200
random,0.15,368,67150,55914,200
random,0.15,369,67448,55841,200
random,0.15,370,67132,55696,200
random,0.15,371,67194,55970,200
random,0.15,372,67070,55871,200
random,0.15,373,67439,56163,200
random,0.15,374,67144,55681,200
random,0.15,375,67361,55917,200
random,0.15,376,67347,55884,200
random,0.15,377,67301,55750,200
random,0.15,378,67316,55924,200
random,0.15,379,67025,55960,200
random,0.15,380,67491,55889,200
random,0.15,381,66909,55474,200
random,0.15,382,67353,56006,200
random,0.15,383,67219,56005,200
random,0.15,384,67069,55531,200
random,0.15,385,67181,55756,200
random,0.15,386,67099,55646,200
random,0.15,387,67371,55959,200
random,0.15,388,67437,56022,200
random,0.15,389,67257,55855,200
random,0.15,390,67265,55759,200
random,0.15,391,67320,56136,200
random,0.15,392,67231,55855,200
random,0.15,393,67318,55739,200
random,0.15,394,67069,55621,200
random,0.15,395,67145,55840,200
random,0.15,396,67047,55807,200
random,0.15,397,67609,56248,200
random,0.15,398,67259,55811,200
random,0.15,399,67271,55948,200
random,0.15,400,67250,55889,200
random,0.15,401,67194,55712,200
random,0.15,402,67505,56169,200
random,0.15,403,67610,56075,200
random,0.15,404,67069,55808,200
random,0.15,405,67312,55880,200
random,0.15,406,67450,55725,200
random,0.15,407,67239,55905,200
random,0.15,408,66829,55668,200
random,0.15,409,67166,55704,200
random,0.15,410,67446,55954,200
random,0.15,411,67402,56045,200
random,0.15,412,67191,55570,200
random,0.15,413,67350,55723,200
random,0.15,414,67477,55899,200
random,0.15,415,67288,55848,200
random,0.15,416,66907,55483,200
random,0.15,417,66921,55436,200
random,0.15,418,67292,55869,200
random,0.15,419,67064,55752,200
random,0.15,420,67252,55814,200
random,0.15,421,67313,55827,200
random,0.15,422,67202,56021,200
random,0.15,423,67168,55739,200
random,0.15,424,67162,55746,200
random,0.15,425,67066,55829,200
random,0.15,426,67125,55713,200
random,0.15,427,67216,56063,200
random,0.15,428,67313,55769,200
random,0.15,429,67023,55608,200
random,0.15,430,67174,55798,200
random,0.15,431,67417,56060,200
random,0.15,432,67006,55565,200
random,0.15,433,67342,55857,200
random,0.15,434,67067,55710,200
random,0.15,435,67253,55871,200
random,0.15,436,67281,56101,200
random,0.15,437,67220,55796,200
random,0.15,438,67390,56123,200
random,0.15,439,67120,55551,200
random,0.15,440,67514,56092,200
random,0.15,441,67130,55755,200
random,0.15,442,67199,55678,200
random,0.15,443,67080,55595,200
random,0.15,444,67100,55702,200
random,0.15,445,67252,55883,200
random,0.15,446,67164,55701,200
random,0.15,447,67298,55879,200
random,0.15,448,67318,55850,200
random,0.15,449,67215,55727,200
random,0.15,450,67223,55739,200
random,0.15,451,67223,55742,200
random,0.15,452,67270,55765,200
random,0.15,453,67106,55929,200
random,0.15,454,66975,55490,200
random,0.15,455,67240,55664,200
random,0.15,456,67035,55775,200
random,0.15,457,67115,55686,200
random,0.15,458,67336,55919,200
random,0.15,459,67224,55828,200
random,0.15,460,67224,55798,200
random,0.15,461,67121,55493,200
random,0.15,462,67473,56043,200
random,0.15,463,67389,55968,200
random,0.15,464,66957,55612,200
random,0.15,465,67368,55996,200
random,0.15,466,67251,55885,200
random,0.15,467,67253,56015,200
random,0.15,468,67191,55845,200
random,0.15,469,67273,55823,200
random,0.15,470,67216,55596,200
random,0.15,471,67378,56141,200
random,0.15,472,67334,55935,200
random,0.15,473,67382,56116,200
random,0.15,474,67224,55620,200
random,0.15,475,67239,55781,200
random,0.15,476,67044,55859,200
random,0.15,477,67097,55716,200
random,0.15,478,67306,55767,200
random,0.15,479,67572,55883,200
random,0.15,480,67321,55806,200
random,0.15,481,67363,55849,200
random,0.15,482,67140,55893,200
random,0.15,483,67214,55919,200
random,0.15,484,67038,55479,200
random,0.15,485,66984,55591,200
random,0.15,486,66976,55676,200
random,0.15,487,67152,55729,200
random,0.15,488,67459,55969,200
random,0.15,489,67199,56001,200
random,0.15,490,67181,55735,200
random,0.15,491,67423,56056,200
random,0.15,492,67287,55879,200
random,0.15,493,67145,55569,200
random,0.15,494,67158,55883,200
random,0.15,495,67243,55744,200
random,0.15,496,67379,56089,200
random,0.15,497,67368,55935,200
random,0.15,498,67182,55758,200
random,0.15,499,67102,55687,200
random,0.2,0,63070,51816,200
random,0.2,1,62681,51865,200
random,0.2,2,63139,52167,200
random,0.2,3,62826,51786,200
random,0.2,4,62684,51904,200
random,0.2,5,62911,51948,200
random,0.2,6,63151,52310,200
random,0.2,7,63142,52296,200
random,0.2,8,63068,52048,200
random,0.2,9,62814,52175,200
random,0.2,10,62595,51731,200
random,0.2,11,62848,52182,200
random,0.2,12,62808,51880,200
random,0.2,13,62809,51778,200
random,0.2,14,62749,52046,200
random,0.2,15,62807,51942,200
random,0.2,16,62979,52074,200
random,0.2,17,62967,52051,200
random,0.2,18,63079,52500,200
random,0.2,19,62782,51700,200
random,0.2,20,62902,52132,200
random,0.2,21,62621,51770,200
random,0.2,22,62780,51848,200
random,0.2,23,62592,51864,200
random,0.2,24,62951,52206,200
random,0.2,25,62855,52001,200
random,0.2,26,63020,52124,200
random,0.2,27,62789,51698,200
random,0.2,28,63074,52136,200
random,0.2,29,62731,52127,200
random,0.2,30,62922,51905,200
random,0.2,31,62986,52223,200
random,0.2,32,62977,51696,200
random,0.2,33,62732,51880,200
random,0.2,34,63003,52246,200
random,0.2,35,62764,52002,200
random,0.2,36,62995,52066,200
random,0.2,37,62879,52095,200
random,0.2,38,62813,51937,200
random,0.2,39,62903,52000,200
random,0.2,40,62780,51889,200
random,0.2,41,63079,52058,200
random,0.2,42,63100,52262,200
random,0.2,43,62898,52034,200
random,0.2,44,62754,51857,200
random,0.2,45,62726,51852,200
random,0.2,46,62721,51589,200
random,0.2,47,62765,51805,200
random,0.2,48,62855,51917,200
random,0.2,49,62789,51871,200
random,0.2,50,62884,51964,200
random,0.2,51,62915,52023,200
random,0.2,52,62805,51788,200
random,0.2,53,62848,51939,200
random,0.2,54,62843,51946,200
random,0.2,55,62941,51995,200
random,0.2,56,63116,51902,200
random,0.2,57,62882,52031,200
random,0.2,58,62904,51804,200
random,0.2,59,62987,52249,200
random,0.2,60,62953,52135,200
random,0.2,61,62625,51904,200
random,0.2,62,62938,52098,200
random,0.2,63,63012,51916,200
random,0.2,64,62869,51869,200
random,0.2,65,63112,52223,200
random,0.2,66,62907,52170,200
random,0.2,67,63265,52409,200
random,0.2,68,62730,51819,200
random,0.2,69,62936,51949,200
random,0.2,70,62856,51992,200
random,0.2,71,62919,51840,200
random,0.2,72,62756,51859,200
random,0.2,73,62872,52126,200
random,0.2,74,62847,52171,200
random,0.2,75,62706,51637,200
random,0.2,76,62907,52062,200
random,0.2,77,62946,52013,200
random,0.2,78,62905,51832,200
random,0.2,79,62903,51957,200
random,0.2,80,63167,52329,200
random,0.2,81,63015,52090,200
random,0.2,82,63177,52329,200
random,0.2,83,62787,51853,200
random,0.2,84,62851,51995,200
random,0.2,85,62903,52074,200
random,0.2,86,63133,52088,200
random,0.2,87,62873,52049,200
random,0.2,88,63011,52199,200
random,0.2,89,62860,52024,200
random,0.2,90,63131,52160,200
random,0.2,91,62824,51824,200
random,0.2,92,62782,52052,200
random,0.2,93,62737,51695,200
random,0.2,94,62960,52001,200
random,0.2,95,63015,52225,200
random,0.2,96,62850,51762,200
random,0.2,97,62909,51789,200
random,0.2,98,62845,52025,200
random,0.2,99,62786,51755,200
random,0.2,100,62875,51911,200
random,0.2,101,62751,51776,200
random,0.2,102,62869,52139,200
random,0.2,103,62762,51928,200
random,0.2,104,62821,51962,200
random,0.2,105,62931,51900,200
random,0.2,106,62761,51822,200
random,0.2,107,62983,51921,200
random,0.2,108,63128,51982,200
random,0.2,109,62914,52212,200
random,0.2,110,63082,52055,200
random,0.2,111,62877,51836,200
random,0.2,112,62910,52122,200
random,0.2,113,63241,52429,200
random,0.2,114,62726,51966,200
random,0.2,115,62631,51841,200
random,0.2,116,62852,52035,200
random,0.2,117,62949,51951,200
random,0.2,118,63005,52193,200
random,0.2,119,62917,52254,200
random,0.2,120,63043,52012,200
random,0.2,121,62898,51854,200
random,0.2,122,62876,52025,200
random,0.2,123,62758,51757,200
random,0.2,124,62879,52025,200
random,0.2,125,63108,52239,200
random,0.2,126,62846,51888,200
random,0.2,127,62877,51960,200
random,0.2,128,63005,52034,200
random,0.2,129,62920,52131,200
random,0.2,130,62907,51944,200
random,0.2,131,63090,52334,200
random,0.2,132,62912,51812,200
random,0.2,133,63051,52177,200
random,0.2,134,62955,52199,200
random,0.2,135,62907,51794,200
random,0.2,136,62728,51903,200
random,0.2,137,62969,52318,200
random,0.2,138,62675,51719,200
random,0.2,139,62607,51747,200
random,0.2,140,62991,52079,200
random,0.2,141,63054,52064,200
random,0.2,142,62876,51958,200
random,0.2,143,62914,52381,200
random,0.2,144,62990,52076,200
random,0.2,145,62842,52132,200
random,0.2,146,63018,52070,200
random,0.2,147,62645,51795,200
random,0.2,148,62776,51780,200
random,0.2,149,62929,52080,200
random,0.2,150,62769,52036,200
random,0.2,151,63038,52248,200
random,0.2,152,62921,51966,200
random,0.2,153,63055,52121,200
random,0.2,154,63004,52028,200
random,0.2,155,62706,51901,200
random,0.2,156,62935,52074,200
random,0.2,157,62798,51708,200
random,0.2,158,62805,51924,200
random,0.2,159,63000,52002,200
random,0.2,160,62977,52075,200
random,0.2,161,63012,51887,200
random,0.2,162,63213,52391,200
random,0.2,163,62986,51974,200
random,0.2,164,63223,52150,200
random,0.2,165,63019,52028,200
random,0.2,166,62585,51605,200
random,0.2,167,62810,51695,200
random,0.2,168,63099,52257,200
random,0.2,169,62789,51782,200
random,0.2,170,63156,52131,200
random,0.2,171,62998,51991,200
random,0.2,172,62967,51861,200
random,0.2,173,62890,51986,200
random,0.2,174,63065,52145,200
random,0.2,175,62994,51911,200
random,0.2,176,62890,51977,200
random,0.2,177,62966,52133,200
random,0.2,178,63141,52127,200
random,0.2,179,63076,52278,200
random,0.2,180,62653,52079,200
random,0.2,181,62825,51885,200
random,0.2,182,62915,51982,200
random,0.2,183,63006,51777,200
random,0.2,184,62912,51835,200
random,0.2,185,62621,51763,200
random,0.2,186,62662,51839,200
random,0.2,187,62835,52041,200
random,0.2,188,62550,51865,200
random,0.2,189,62829,52033,200
random,0.2,190,62883,51988,200
random,0.2,191,62895,52115,200
random,0.2,192,62938,51869,200
random,0.2,193,63167,52279,200
random,0.2,194,63150,52120,200
random,0.2,195,62887,52064,200
random,0.2,196,63188,52329,200
random,0.2,197,62691,51640,200
random,0.2,198,63085,52367,200
random,0.2,199,62975,51950,200
random,0.2,200,62916,52311,200
random,0.2,201,62697,51886,200
random,0.2,202,62908,51899,200
random,0.2,203,62670,52113,200
random,0.2,204,62621,51894,200
random,0.2,205,62819,51926,200
random,0.2,206,62777,51809,200
random,0.2,207,62938,52007,200
random,0.2,208,62778,52222,200
random,0.2,209,62573,51686,200
random,0.2,210,62924,52000,200
random,0.2,211,62742,51648,200
random,0.2,212,63212,52104,200
random,0.2,213,62800,52038,200
random,0.2,214,62654,51827,200
random,0.2,215,62839,52116,200
random,0.2,216,62923,51883,200
random,0.2,217,62945,52060,200
random,0.2,218,62888,51956,200
random,0.2,219,62881,52066,200
random,0.2,220,62743,51827,200
random,0.2,221,62822,51960,200
random,0.2,222,62958,51890,200
random,0.2,223,62862,52004,200
random,0.2,224,62777,51914,200
random,0.2,225,62639,51829,200
random,0.2,226,62937,52181,200
random,0.2,227,63269,52265,200
random,0.2,228,62921,52056,200
random,0.2,229,62894,51968,200
random,0.2,230,62961,52115,200
random,0.2,231,62929,52075,200
random,0.2,232,63032,52129,200
random,0.2,233,62842,52078,200
random,0.2,234,63036,52164,200
random,0.2,235,62954,52215,200
random,0.2,236,62819,52124,200
random,0.2,237,62744,51710,200
random,0.2,238,62803,51952,200
random,0.2,239,62868,51932,200
random,0.2,240,62736,51984,200
random,0.2,241,62508,51770,200
random,0.2,242,62918,52206,200
random,0.2,243,63112,52062,200
random,0.2,244,62923,52096,200
random,0.2,245,63168,52175,200
random,0.2,246,62817,51820,200
random,0.2,247,62522,51796,200
random,0.2,248,62945,52015,200
random,0.2,249,62882,52029,200
random,0.2,250,62888,51841,200
random,0.2,251,62843,51861,200
random,0.2,252,62742,52091,200
random,0.2,253,62891,52179,200
random,0.2,254,62680,51858,200
random,0.2,255,63133,52071,200
random,0.2,256,62800,52078,200
random,0.2,257,62913,51935,200
random,0.2,258,62853,52069,200
random,0.2,259,62665,51784,200
random,0.2,260,63167,52290,200
random,0.2,261,63038,51923,200
random,0.2,262,62940,52355,200
random,0.2,263,63147,52012,200
random,0.2,264,62721,51758,200
random,0.2,265,62904,52138,200
random,0.2,266,63126,52071,200
random,0.2,267,63054,52198,200
random,0.2,268,62725,51781,200
random,0.2,269,62973,52258,200
random,0.2,270,63225,52228,200
random,0.2,271,62933,51944,200
random,0.2,272,62837,51843,200
random,0.2,273,62673,51835,200
random,0.2,274,62768,51896,200
random,0.2,275,62822,51937,200
random,0.2,276,62928,51921,200
random,0.2,277,62953,52043,200
random,0.2,278,62840,52119,200
random,0.2,279,62980,51924,200
random,0.2,280,62995,52111,200
random,0.2,281,63173,52372,200
random,0.2,282,63088,52133,200
random,0.2,283,63233,52345,200
random,0.2,284,62860,51926,200
random,0.2,285,63128,52207,200
random,0.2,286,62845,51915,200
random,0.2,287,63030,52116,200
random,0.2,288,62998,52038,200
random,0.2,289,63221,52264,200
random,0.2,290,62740,51985,200
random,0.2,291,62694,51891,200
random,0.2,292,62948,51731,200
random,0.2,293,63099,52122,200
random,0.2,294,62851,51997,200
random,0.2,295,63063,52232,200
random,0.2,296,62626,51786,200
random,0.2,297,62843,51744,200
random,0.2,298,63031,52099,200
random,0.2,299,62836,52048,200
random,0.2,300,62913,51915,200
random,0.2,301,62589,51594,200
random,0.2,302,63072,52190,200
random,0.2,303,62514,51797,200
random,0.2,304,62992,52094,200
random,0.2,305,62967,52216,200
random,0.2,306,63022,52020,200
random,0.2,307,62827,51919,200
random,0.2,308,62874,52016,200
random,0.2,309,62636,51698,200
random,0.2,310,62923,52164,200
random,0.2,311,62919,52097,200
random,0.2,312,62778,52013,200
random,0.2,313,63033,52056,200
random,0.2,314,62835,52032,200
random,0.2,315,63097,52182,200
random,0.2,316,63065,52123,200
random,0.2,317,62966,51992,200
random,0.2,318,62974,52167,200
random,0.2,319,63022,52193,200
random,0.2,320,62872,51974,200
random,0.2,321,62968,52007,200
random,0.2,322,62795,51770,200
random,0.2,323,62586,51723,200
random,0.2,324,63014,51929,200
random,0.2,325,63119,52188,200
random,0.2,326,62655,51704,200
random,0.2,327,63017,51880,200
random,0.2,328,63004,51863,200
random,0.2,329,62515,51873,200
random,0.2,330,62790,52065,200
random,0.2,331,63098,52143,200
random,0.2,332,62903,51973,200
random,0.2,333,62816,51752,200
random,0.2,334,63103,52307,200
random,0.2,335,62827,51833,200
random,0.2,336,63035,52155,200
random,0.2,337,62722,51822,200
random,0.2,338,62825,52050,200
random,0.2,339,62910,52042,200
random,0.2,340,62964,52146,200
random,0.2,341,63034,52076,200
random,0.2,342,63056,52235,200
random,0.2,343,62924,51907,200
random,0.2,344,62693,51826,200
random,0.2,345,62948,52081,200
random,0.2,346,62873,52109,200
random,0.2,347,62912,52056,200
random,0.2,348,62799,51876,200
random,0.2,349,63028,52077,200
random,0.2,350,62937,51707,200
random,0.2,351,62900,51884,200
random,0.2,352,62856,51999,200
random,0.2,353,62752,51902,200
random,0.2,354,62725,51825,200
random,0.2,355,62991,52022,200
random,0.2,356,62741,51976,200
random,0.2,357,62955,52047,200
random,0.2,358,62990,52122,200
random,0.2,359,62783,51767,200
random,0.2,360,62963,52029,200
random,0.2,361,62781,51735,200
random,0.2,362,62658,51996,200
random,0.2,363,63022,52225,200
random,0.2,364,63028,52074,200
random,0.2,365,62773,51963,200
random,0.2,366,63203,52144,200
random,0.2,367,62725,51812,200
random,0.2,368,62947,51979,200
random,0.2,369,62996,52029,200
random,0.2,370,62816,51852,200
random,0.2,371,62758,52000,200
random,0.2,372,62798,51808,200
random,0.2,373,62833,51841,200
random,0.2,374,62811,51856,200
random,0.2,375,62907,52173,200
random,0.2,376,62854,51947,200
random,0.2,377,62763,51998,200
random,0.2,378,63046,51981,200
random,0.2,379,62682,51728,200
random,0.2,380,62886,52118,200
random,0.2,381,62815,52050,200
random,0.2,382,62817,51808,200
random,0.2,383,62785,51861,200
random,0.2,384,62541,51874,200
random,0.2,385,62809,52116,200
random,0.2,386,63102,52212,200
random,0.2,387,63027,52212,200
random,0.2,388,62819,52201,200
random,0.2,389,62933,52210,200
random,0.2,390,62943,52041,200
random,0.2,391,63241,52122,200
random,0.2,392,62836,51830,200
random,0.2,393,63087,52075,200
random,0.2,394,62938,51901,200
random,0.2,395,62879,51918,200
random,0.2,396,62936,52087,200
random,0.2,397,62764,51636,200
random,0.2,398,63168,52153,200
random,0.2,399,62702,51793,200
random,0.2,400,62814,51846,200
random,0.2,401,62887,51840,200
random,0.2,402,63141,52328,200
random,0.2,403,62743,51918,200
random,0.2,404,63300,52446,200
random,0.2,405,62989,52361,200
random,0.2,406,62829,52021,200
random,0.2,407,62787,51688,200
random,0.2,408,62958,51818,200
random,0.2,409,63153,52366,200
random,0.2,410,62945,52220,200
random,0.2,411,63030,51925,200
random,0.2,412,62945,51990,200
random,0.2,413,62792,51950,200
random,0.2,414,62499,51677,200
random,0.2,415,62821,51937,200
random,0.2,416,62688,51935,200
random,0.2,417,62835,51682,200
random,0.2,418,63064,52300,200
random,0.2,419,62886,52067,200
random,0.2,420,62902,51801,200
random,0.2,421,62953,51791,200
random,0.2,422,62672,52062,200
random,0.2,423,62897,52123,200
random,0.2,424,63205,52108,200
random,0.2,425,62852,52007,200
random,0.2,426,62815,52012,200
random,0.2,427,62963,51971,200
random,0.2,428,63319,52338,200
random,0.2,429,63033,52319,200
random,0.2,430,62896,52025,200
random,0.2,431,62878,51782,200
random,0.2,432,62884,52021,200
random,0.2,433,62851,51931,200
random,0.2,434,62983,51957,200
random,0.2,435,62970,52013,200
random,0.2,436,62743,51968,200
random,0.2,437,62871,51994,200
random,0.2,438,63027,51918,200
random,0.2,439,63199,52296,200
random,0.2,440,63168,52189,200
random,0.2,441,62918,51767,200
random,0.2,442,62830,51843,200
random,0.2,443,62967,51998,200
random,0.2,444,62697,51644,200
random,0.2,445,63081,52303,200
random,0.2,446,63006,51992,200
random,0.2,447,62801,51840,200
random,0.2,448,62748,51901,200
random,0.2,449,62895,51920,200
random,0.2,450,62775,51743,200
random,0.2,451,62968,51941,200
random,0.2,452,62788,51941,200
random,0.2,453,62858,51814,200
random,0.2,454,62719,52004,200
random,0.2,455,62936,51719,200
random,0.2,456,62825,51860,200
random,0.2,457,62862,52117,200
random,0.2,458,62891,51926,200
random,0.2,459,62870,52054,200
random,0.2,460,62919,52062,200
random,0.2,461,62910,52222,200
random,0.2,462,62961,52133,200
random,0.2,463,62753,51714,200
random,0.2,464,63149,52060,200
random,0.2,465,62830,52142,200
random,0.2,466,62448,51515,200
random,0.2,467,62895,51930,200
random,0.2,468,62807,51970,200
random,0.2,469,63058,52174,200
random,0.2,470,62881,52092,200
random,0.2,471,62996,52201,200
random,0.2,472,62561,51731,200
random,0.2,473,63060,52127,200
random,0.2,474,62947,51895,200
random,0.2,475,62638,51617,200
random,0.2,476,62827,51958,200
random,0.2,477,62871,51988,200
random,0.2,478,62985,52223,200
random,0.2,479,62821,51983,200
random,0.2,480,63162,51968,200
random,0.2,481,62868,52014,200
random,0.2,482,62964,52170,200
random,0.2,483,62984,52117,200
random,0.2,484,62521,51565,200
random,0.2,485,62881,52019,200
random,0.2,486,62500,51557,200
random,0.2,487,63052,52128,200
random,0.2,488,62997,52041,200
random,0.2,489,63086,52183,200
random,0.2,490,62571,51607,200
random,0.2,491,62955,52121,200
random,0.2,492,63101,52092,200
random,0.2,493,62806,51666,200
random,0.2,494,63089,51997,200
random,0.2,495,63046,52218,200
random,0.2,496,62898,51980,200
random,0.2,497,62825,52159,200
random,0.2,498,62999,52364,200
random,0.2,499,62582,52089,200
degree,0.01,0,78438,64853,200
degree,0.01,1,78572,64908,200
degree,0.01,2,78375,64987,200
degree,0.01,3,78427,64633,200
degree,0.01,4,78446,64826,200
degree,0.01,5,78596,64843,200
degree,0.01,6,78496,64980,200
degree,0.01,7,78485,64734,200
degree,0.01,8,78506,64595,200
degree,0.01,9,78427,64640,200
degree,0.01,10,78392,64701,200
degree,0.01,11,78593,64952,200
degree,0.01,12,78410,64850,200
degree,0.01,13,78477,64751,200
degree,0.01,14,78497,64846,200
degree,0.01,15,78320,64652,200
degree,0.01,16,78446,64753,200
degree,0.01,17,78439,64711,200
degree,0.01,18,78393,64841,200
degree,0.01,19,78325,64832,200
degree,0.01,20,78565,64969,200
degree,0.01,21,78602,65363,200
degree,0.01,22,78682,64975,200
degree,0.01,23,78542,65095,200
degree,0.01,24,78422,65003,200
degree,0.01,25,78602,64872,200
degree,0.01,26,78292,64652,200
degree,0.01,27,78535,64911,200
degree,0.01,28,78427,64850,200
degree,0.01,29,78487,64728,200
degree,0.01,30,78345,64923,200
degree,0.01,31,78500,64680,200
degree,0.01,32,78559,64716,200
degree,0.01,33,78549,64981,200
degree,0.01,34,78475,64882,200
degree,0.01,35,78350,65000,200
degree,0.01,36,78376,64836,200
degree,0.01,37,78409,64740,200
degree,0.01,38,78596,64799,200
degree,0.01,39,78572,64974,200
degree,0.01,40,78184,64614,200
degree,0.01,41,78493,64860,200
degree,0.01,42,78549,64917,200
degree,0.01,43,78246,64538,200
degree,0.01,44,78408,64828,200
degree,0.01,45,78426,64717,200
degree,0.01,46,78316,64716,200
degree,0.01,47,78419,64773,200
degree,0.01,48,78428,64723,200
degree,0.01,49,78473,64665,200
degree,0.01,50,78584,64886,200
degree,0.01,51,78435,64992,200
degree,0.01,52,78451,64372,200
degree,0.01,53,78568,64521,200
degree,0.01,54,78471,64742,200
degree,0.01,55,78290,64608,200
degree,0.01,56,78398,64499,200
degree,0.01,57,78300,64804,200
degree,0.01,58,78462,64753,200
degree,0.01,59,78530,65112,200
degree,0.01,60,78629,64749,200
degree,0.01,61,78385,64627,200
degree,0.01,62,78411,64768,200
degree,0.01,63,78315,64679,200
degree,0.01,64,78440,64987,200
degree,0.01,65,78409,64821,200
degree,0.01,66,78427,64882,200
degree,0.01,67,78453,64829,200
degree,0.01,68,78292,64716,200
degree,0.01,69,78418,64768,200
degree,0.01,70,78450,64915,200
degree,0.01,71,78635,64729,200
degree,0.01,72,78479,64894,200
degree,0.01,73,78140,64633,200
degree,0.01,74,78550,64780,200
degree,0.01,75,78406,64728,200
degree,0.01,76,78351,64885,200
degree,0.01,77,78365,64870,200
degree,0.01,78,78392,64697,200
degree,0.01,79,78349,64608,200
degree,0.01,80,78328,64596,200
degree,0.01,81,78490,64746,200
degree,0.01,82,78290,64885,200
degree,0.01,83,78532,64713,200
degree,0.01,84,78535,64738,200
degree,0.01,85,78389,64788,200
degree,0.01,86,78525,65008,200
degree,0.01,87,78376,64731,200
degree,0.01,88,78458,64919,200
degree,0.01,89,78506,64803,200
degree,0.01,90,78432,64701,200
degree,0.01,91,78563,64994,200
degree,0.01,92,78446,64957,200
degree,0.01,93,78357,64686,200
degree,0.01,94,78465,64701,200
degree,0.01,95,78256,64728,200
degree,0.01,96,78583,64850,200
degree,0.01,97,78669,64833,200
degree,0.01,98,78370,64674,200
degree,0.01,99,78472,64855,200
degree,0.01,100,78371,64660,200
degree,0.01,101,78566,65014,200
degree,0.01,102,78445,64736,200
degree,0.01,103,78615,64828,200
degree,0.01,104,78374,64803,200
degree,0.01,105,78315,64595,200
degree,0.01,106,78561,64901,200
degree,0.01,107,78398,64808,200
degree,0.01,108,78305,64664,200
degree,0.01,109,78483,65117,200
degree,0.01,110,78516,64768,200
degree,0.01,111,78437,64777,200
degree,0.01,112,78442,64757,200
degree,0.01,113,78579,64789,200
degree,0.01,114,78617,65191,200
degree,0.01,115,78447,64523,200
degree,0.01,116,78423,64903,200
degree,0.01,117,78289,64508,200
degree,0.01,118,78438,64870,200
degree,0.01,119,78623,64925,200
degree,0.01,120,78308,64813,200
degree,0.01,121,78397,64719,200
degree,0.01,122,78319,64981,200
degree,0.01,123,78373,64720,200
degree,0.01,124,78456,64759,200
degree,0.01,125,78338,64810,200
degree,0.01,126,78273,64759,200
degree,0.01,127,78303,64473,200
degree,0.01,128,78416,64822,200
degree,0.01,129,78533,64671,200
degree,0.01,130,78243,64655,200
degree,0.01,131,78252,64719,200
degree,0.01,132,78597,64667,200
degree,0.01,133,78314,64613,200
degree,0.01,134,78529,64742,200
degree,0.01,135,78472,64796,200
degree,0.01,136,78341,64650,200
degree,0.01,137,78462,64900,200
degree,0.01,138,78403,64621,200
degree,0.01,139,78403,64988,200
degree,0.01,140,78323,64870,200
degree,0.01,141,78268,64715,200
degree,0.01,142,78418,64791,200
degree,0.01,143,78459,64734,200
degree,0.01,144,78519,64720,200
degree,0.01,145,78555,64844,200
degree,0.01,146,78465,64728,200
degree,0.01,147,78454,64711,200
degree,0.01,148,78581,64684,200
degree,0.01,149,78476,64782,200
degree,0.01,150,78465,64977,200
degree,0.01,151,78401,64805,200
degree,0.01,152,78365,64882,200
degree,0.01,153,78503,64689,200
degree,0.01,154,78290,64741,200
degree,0.01,155,78435,65123,200
degree,0.01,156,78476,64528,200
degree,0.01,157,78252,64730,200
degree,0.01,158,78491,64719,200
degree,0.01,159,78565,65030,200
degree,0.01,160,78368,64910,200
degree,0.01,161,78439,64835,200
degree,0.01,162,78469,64691,200
degree,0.01,163,78485,64889,200
degree,0.01,164,78493,64692,200
degree,0.01,165,78319,64923,200
degree,0.01,166,78539,64744,200
degree,0.01,167,78530,64957,200
degree,0.01,168,78414,64908,200
degree,0.01,169,78568,64642,200
degree,0.01,170,78543,64662,200
degree,0.01,171,78610,64984,200
degree,0.01,172,78313,64745,200
degree,0.01,173,78269,64732,200
degree,0.01,174,78364,64752,200
degree,0.01,175,78450,64830,200
degree,0.01,176,78538,65014,200
degree,0.01,177,78470,64674,200
degree,0.01,178,78533,64931,200
degree,0.01,179,78362,64617,200
degree,0.01,180,78205,64644,200
degree,0.01,181,78452,64835,200
degree,0.01,182,78555,64778,200
degree,0.01,183,78425,64948,200
degree,0.01,184,78396,64483,200
degree,0.01,185,78449,64721,200
degree,0.01,186,78476,64895,200
degree,0.01,187,78668,64997,200
degree,0.01,188,78420,64818,200
degree,0.01,189,78380,64760,200
degree,0.01,190,78281,64587,200
degree,0.01,191,78628,64687,200
degree,0.01,192,78484,64957,200
degree,0.01,193,78368,64625,200
degree,0.01,194,78471,64859,200
degree,0.01,195,78379,64632,200
degree,0.01,196,78320,64506,200
degree,0.01,197,78354,64729,200
degree,0.01,198,78373,64837,200
degree,0.01,199,78477,64488,200
degree,0.01,200,78385,64878,200
degree,0.01,201,78380,64753,200
degree,0.01,202,78629,65127,200
degree,0.01,203,78380,64984,200
degree,0.01,204,78757,65052,200
degree,0.01,205,78587,64956,200
degree,0.01,206,78449,64876,200
degree,0.01,207,78558,64870,200
degree,0.01,208,78424,64888,200
degree,0.01,209,78508,64829,200
degree,0.01,210,78381,64849,200
degree,0.01,211,78428,64740,200
degree,0.01,212,78387,64755,200
degree,0.01,213,78642,65126,200
degree,0.01,214,78579,64809,200
degree,0.01,215,78450,64739,200
degree,0.01,216,78479,64841,200
degree,0.01,217,78434,64736,200
degree,0.01,218,78312,64595,200
degree,0.01,219,78404,64706,200
degree,0.01,220,78509,65016,200
degree,0.01,221,78448,64963,200
degree,0.01,222,78471,64901,200
degree,0.01,223,78423,64633,200
degree,0.01,224,78397,65008,200
degree,0.01,225,78267,64753,200
degree,0.01,226,78394,64899,200
degree,0.01,227,78510,64747,200
degree,0.01,228,78566,64912,200
degree,0.01,229,78530,64710,200
degree,0.01,230,78311,65100,200
degree,0.01,231,78536,64772,200
degree,0.01,232,78555,65183,200
degree,0.01,233,78469,64986,200
degree,0.01,234,78465,64597,200
degree,0.01,235,78548,64961,200
degree,0.01,236,78525,64919,200
degree,0.01,237,78565,64898,200
degree,0.01,238,78556,64828,200
degree,0.01,239,78473,64913,200
degree,0.01,240,78427,64860,200
degree,0.01,241,78396,64957,200
degree,0.01,242,78542,65008,200
degree,0.01,243,78492,64644,200
degree,0.01,244,78315,64927,200
degree,0.01,245,78514,64985,200
degree,0.01,246,78524,64931,200
degree,0.01,247,78325,64602,200
degree,0.01,248,78512,64915,200
degree,0.01,249,78440,64878,200
degree,0.01,250,78445,65078,200
degree,0.01,251,78405,64735,200
degree,0.01,252,78347,64630,200
degree,0.01,253,78541,64847,200
degree,0.01,254,78242,64895,200
degree,0.01,255,78389,64810,200
degree,0.01,256,78370,64725,200
degree,0.01,257,78343,64562,200
degree,0.01,258,78316,64607,200
degree,0.01,259,78566,64882,200
degree,0.01,260,78518,65004,200
degree,0.01,261,78522,64898,200
degree,0.01,262,78457,64607,200
degree,0.01,263,78449,64977,200
degree,0.01,264,78381,64613,200
degree,0.01,265,78450,64745,200
degree,0.01,266,78469,64851,200
degree,0.01,267,78332,64893,200
degree,0.01,268,78440,64891,200
degree,0.01,269,78478,64806,200
degree,0.01,270,78290,64852,200
degree,0.01,271,78463,64766,200
degree,0.01,272,78413,64834,200
degree,0.01,273,78551,64771,200
degree,0.01,274,78586,65162,200
degree,0.01,275,78293,64456,200
degree,0.01,276,78557,64796,200
degree,0.01,277,78452,64791,200
degree,0.01,278,78330,64680,200
degree,0.01,279,78442,64855,200
degree,0.01,280,78328,64931,200
degree,0.01,281,78320,64680,200
degree,0.01,282,78617,64835,200
degree,0.01,283,78324,64607,200
degree,0.01,284,78338,64571,200
degree,0.01,285,78509,64996,200
degree,0.01,286,78350,64566,200
degree,0.01,287,78294,64672,200
degree,0.01,288,78542,64880,200
degree,0.01,289,78346,64489,200
degree,0.01,290,78563,64918,200
degree,0.01,291,78776,64915,200
degree,0.01,292,78551,64733,200
degree,0.01,293,78398,64759,200
degree,0.01,294,78478,64867,200
degree,0.01,295,78334,64578,200
degree,0.01,296,78261,64559,200
degree,0.01,297,78391,64544,200
degree,0.01,298,78611,64809,200
degree,0.01,299,78479,64762,200
degree,0.01,300,78537,64703,200
degree,0.01,301,78411,64682,200
degree,0.01,302,78440,64849,200
degree,0.01,303,78512,64609,200
degree,0.01,304,78641,64914,200
degree,0.01,305,78290,64722,200
degree,0.01,306,78559,64915,200
degree,0.01,307,78496,64867,200
degree,0.01,308,78520,64721,200
degree,0.01,309,78396,64970,200
degree,0.01,310,78544,64829,200
degree,0.01,311,78555,64850,200
degree,0.01,312,78512,64663,200
degree,0.01,313,78603,64745,200
degree,0.01,314,78364,64866,200
degree,0.01,315,78287,64847,200
degree,0.01,316,78477,64825,200
degree,0.01,317,78478,64754,200
degree,0.01,318,78518,64813,200
degree,0.01,319,78331,64784,200
degree,0.01,320,78635,65095,200
degree,0.01,321,78647,64899,200
degree,0.01,322,78498,65126,200
degree,0.01,323,78375,64726,200
degree,0.01,324,78293,64700,200
degree,0.01,325,78507,64877,200
degree,0.01,326,78452,64966,200
degree,0.01,327,78605,65004,200
degree,0.01,328,78352,64687,200
degree,0.01,329,78529,64938,200
degree,0.01,330,78238,64813,200
degree,0.01,331,78373,64838,200
degree,0.01,332,78363,64759,200
degree,0.01,333,78546,64817,200
degree,0.01,334,78432,64631,200
degree,0.01,335,78579,64696,200
degree,0.01,336,78442,64853,200
degree,0.01,337,78468,64763,200
degree,0.01,338,78368,64814,200
degree,0.01,339,78448,64528,200
degree,0.01,340,78352,64623,200
degree,0.01,341,78412,64525,200
degree,0.01,342,78445,64834,200
degree,0.01,343,78462,64922,200
degree,0.01,344,78509,64885,200
degree,0.01,345,78471,64811,200
degree,0.01,346,78457,64559,200
degree,0.01,347,78489,64795,200
degree,0.01,348,78463,65074,200
degree,0.01,349,78331,64620,200
degree,0.01,350,78438,64842,200
degree,0.01,351,78448,64891,200
degree,0.01,352,78513,64712,200
degree,0.01,353,78474,64913,200
degree,0.01,354,78492,64837,200
degree,0.01,355,78505,64960,200
degree,0.01,356,78407,65037,200
degree,0.01,357,78365,64745,200
degree,0.01,358,78306,64681,200
degree,0.01,359,78246,64494,200
degree,0.01,360,78445,64930,200
degree,0.01,361,78472,64801,200
degree,0.01,362,78429,64840,200
degree,0.01,363,78347,64853,200
degree,0.01,364,78381,64781,200
degree,0.01,365,78605,64934,200
degree,0.01,366,78497,64917,200
degree,0.01,367,78489,64899,200
degree,0.01,368,78285,64735,200
degree,0.01,369,78459,64909,200
degree,0.01,370,78341,64862,200
degree,0.01,371,78570,64812,200
degree,0.01,372,78336,64745,200
degree,0.01,373,78500,65011,200
degree,0.01,374,78388,64650,200
degree,0.01,375,78518,64666,200
degree,0.01,376,78399,64888,200
degree,0.01,377,78502,64975,200
degree,0.01,378,78494,64967,200
degree,0.01,379,78342,64532,200
degree,0.01,380,78475,64792,200
degree,0.01,381,78400,64901,200
degree,0.01,382,78452,64921,200
degree,0.01,383,78469,64633,200
degree,0.01,384,78476,64880,200
degree,0.01,385,78429,64785,200
degree,0.01,386,78307,64759,200
degree,0.01,387,78604,64794,200
degree,0.01,388,78491,65056,200
degree,0.01,389,78520,64734,200
degree,0.01,390,78275,64666,200
degree,0.01,391,78387,64974,200
degree,0.01,392,78567,64744,200
degree,0.01,393,78394,64676,200
degree,0.01,394,78598,64831,200
degree,0.01,395,78322,64466,200
degree,0.01,396,78513,64763,200
degree,0.01,397,78578,64733,200
degree,0.01,398,78439,64777,200
degree,0.01,399,78520,64930,200
degree,0.01,400,78359,64719,200
degree,0.01,401,78571,65086,200
degree,0.01,402,78451,64816,200
degree,0.01,403,78275,64736,200
degree,0.01,404,78568,64938,200
degree,0.01,405,78520,64762,200
degree,0.01,406,78522,64941,200
degree,0.01,407,78385,64807,200
degree,0.01,408,78477,64906,200
degree,0.01,409,78417,64698,200
degree,0.01,410,78339,64731,200
degree,0.01,411,78440,64932,200
degree,0.01,412,78422,64926,200
degree,0.01,413,78497,64771,200
degree,0.01,414,78371,64729,200
degree,0.01,415,78444,64901,200
degree,0.01,416,78651,65094,200
degree,0.01,417,78478,64848,200
degree,0.01,418,78535,64942,200
degree,0.01,419,78503,64721,200
degree,0.01,420,78393,64854,200
degree,0.01,421,78412,64828,200
degree,0.01,422,78451,65088,200
degree,0.01,423,78412,64758,200
degree,0.01,424,78267,65079,200
degree,0.01,425,78430,64746,200
degree,0.01,426,78107,64729,200
degree,0.01,427,78516,64654,200
degree,0.01,428,78615,65014,200
degree,0.01,429,78470,65088,200
degree,0.01,430,78378,64860,200
degree,0.01,431,78348,64890,200
degree,0.01,432,78496,64798,200
degree,0.01,433,78509,64808,200
degree,0.01,434,78493,64806,200
degree,0.01,435,78562,64869,200
degree,0.01,436,78523,64814,200
degree,0.01,437,78612,64915,200
degree,0.01,438,78368,64684,200
degree,0.01,439,78504,64770,200
degree,0.01,440,78299,64813,200
degree,0.01,441,78544,64777,200
degree,0.01,442,78374,64545,200
degree,0.01,443,78495,64899,200
degree,0.01,444,78374,64695,200
degree,0.01,445,78326,65065,200
degree,0.01,446,78471,64906,200
degree,0.01,447,78553,65014,200
degree,0.01,448,78571,64948,200
degree,0.01,449,78605,65033,200
degree,0.01,450,78357,64717,200
degree,0.01,451,78348,65000,200
degree,0.01,452,78386,64928,200
degree,0.01,453,78623,65015,200
degree,0.01,454,78526,64890,200
degree,0.01,455,78464,64723,200
degree,0.01,456,78512,64882,200
degree,0.01,457,78309,64635,200
degree,0.01,458,78428,64727,200
degree,0.01,459,78390,64874,200
degree,0.01,460,78491,65066,200
degree,0.01,461,78478,64669,200
degree,0.01,462,78460,65095,200
degree,0.01,463,78489,64643,200
degree,0.01,464,78327,64719,200
degree,0.01,465,78357,64895,200
degree,0.01,466,78447,64905,200
degree,0.01,467,78592,64928,200
degree,0.01,468,78550,64884,200
degree,0.01,469,78213,64422,200
degree,0.01,470,78445,64648,200
degree,0.01,471,78464,64547,200
degree,0.01,472,78481,64562,200
degree,0.01,473,78407,64879,200
degree,0.01,474,78493,64657,200
degree,0.01,475,78619,64838,200
degree,0.01,476,78494,64692,200
degree,0.01,477,78400,64937,200
degree,0.01,478,78262,64727,200
degree,0.01,479,78579,64764,200
degree,0.01,480,78483,64931,200
degree,0.01,481,78563,64910,200
degree,0.01,482,78390,64681,200
degree,0.01,483,78257,64623,200
degree,0.01,484,78408,64929,200
degree,0.01,485,78396,64785,200
degree,0.01,486,78540,64791,200
degree,0.01,487,78503,64998,200
degree,0.01,488,78447,64790,200
degree,0.01,489,78393,64718,200
degree,0.01,490,78368,64822,200
degree,0.01,491,78329,64577,200
degree,0.01,492,78422,64874,200
degree,0.01,493,78342,64768,200
degree,0.01,494,78377,64915,200
degree,0.01,495,78444,64884,200
degree,0.01,496,78425,64796,200
degree,0.01,497,78572,64815,200
degree,0.01,498,78381,64884,200
degree,0.01,499,78466,64814,200
degree,0.05,0,68357,54233,200
degree,0.05,1,68321,54199,200
degree,0.05,2,68374,54088,200
degree,0.05,3,68470,54008,200
degree,0.05,4,68433,54071,200
degree,0.05,5,68427,54267,200
degree,0.05,6,68247,53972,200
degree,0.05,7,68280,54140,200
degree,0.05,8,68460,53896,200
degree,0.05,9,68458,54176,200
degree,0.05,10,68386,53806,200
degree,0.05,11,68438,54167,200
degree,0.05,12,68324,53979,200
degree,0.05,13,68345,54225,200
degree,0.05,14,68420,53971,200
degree,0.05,15,68307,54204,200
degree,0.05,16,68301,54172,200
degree,0.05,17,68293,54313,200
degree,0.05,18,68456,54174,200
degree,0.05,19,68428,54155,200
degree,0.05,20,68336,54351,200
degree,0.05,21,68444,54010,200
degree,0.05,22,68380,54229,200
degree,0.05,23,68299,53959,200
degree,0.05,24,68297,54003,200
degree,0.05,25,68404,54076,200
degree,0.05,26,68266,54206,200
degree,0.05,27,68405,53858,200
degree,0.05,28,68209,54114,200
degree,0.05,29,68398,54161,200
degree,0.05,30,68455,54173,200
degree,0.05,31,68387,54426,200
degree,0.05,32,68446,54224,200
degree,0.05,33,68343,54172,200
degree,0.05,34,68404,53954,200
degree,0.05,35,68364,54129,200
degree,0.05,36,68280,53889,200
degree,0.05,37,68355,54145,200
degree,0.05,38,68331,54080,200
degree,0.05,39,68444,54022,200
degree,0.05,40,68325,54143,200
degree,0.05,41,68384,54258,200
degree,0.05,42,68423,54225,200
degree,0.05,43,68474,54231,200
degree,0.05,44,68268,53704,200
degree,0.05,45,68397,54310,200
degree,0.05,46,68290,54226,200
degree,0.05,47,68346,54258,200
degree,0.05,48,68290,54164,200
degree,0.05,49,68388,54172,200
degree,0.05,50,68168,53889,200
degree,0.05,51,68309,53890,200
degree,0.05,52,68301,53975,200
degree,0.05,53,68288,54194,200
degree,0.05,54,68395,54153,200
degree,0.05,55,68267,54211,200
degree,0.05,56,68368,54082,200
degree,0.05,57,68344,54110,200
degree,0.05,58,68245,53626,200
degree,0.05,59,68227,54070,200
degree,0.05,60,68365,54220,200
degree,0.05,61,68458,54125,200
degree,0.05,62,68410,54147,200
degree,0.05,63,68439,54363,200
degree,0.05,64,68344,53968,200
degree,0.05,65,68325,53998,200
degree,0.05,66,68374,53916,200
degree,0.05,67,68366,54240,200
degree,0.05,68,68347,53884,200
degree,0.05,69,68310,54060,200
degree,0.05,70,68349,54167,200
degree,0.05,71,68408,54037,200
degree,0.05,72,68207,53773,200
degree,0.05,73,68396,54219,200
degree,0.05,74,68363,53956,200
degree,0.05,75,68399,54119,200
degree,0.05,76,68322,54170,200
degree,0.05,77,68426,54130,200
degree,0.05,78,68185,54078,200
degree,0.05,79,68421,54251,200
degree,0.05,80,68271,54062,200
degree,0.05,81,68266,54120,200
degree,0.05,82,68378,54181,200
degree,0.05,83,68391,53926,200
degree,0.05,84,68461,54330,200
degree,0.05,85,68397,54053,200
degree,0.05,86,68391,54237,200
degree,0.05,87,68457,54119,200
degree,0.05,88,68314,53736,200
degree,0.05,89,68434,54331,200
degree,0.05,90,68346,54048,200
degree,0.05,91,68458,54033,200
degree,0.05,92,68261,53974,200
degree,0.05,93,68371,53927,200
degree,0.05,94,68299,54041,200
degree,0.05,95,68401,54143,200
degree,0.05,96,68351,54226,200
degree,0.05,97,68440,54035,200
degree,0.05,98,68385,53997,200
degree,0.05,99,68302,54089,200
degree,0.05,100,68416,53989,200
degree,0.05,101,68421,53935,200
degree,0.05,102,68225,53898,200
degree,0.05,103,68310,54129,200
degree,0.05,104,68297,54030,200
degree,0.05,105,68289,54253,200
degree,0.05,106,68199,53784,200
degree,0.05,107,68286,54053,200
degree,0.05,108,68330,54173,200
degree,0.05,109,68517,54051,200
degree,0.05,110,68320,54051,200
degree,0.05,111,68332,54156,200
degree,0.05,112,68443,54310,200
degree,0.05,113,68474,54236,200
degree,0.05,114,68377,54231,200
degree,0.05,115,68286,54173,200
degree,0.05,116,68437,54126,200
degree,0.05,117,68384,54137,200
degree,0.05,118,68330,54050,200
degree,0.05,119,68437,54120,200
degree,0.05,120,68386,54214,200
degree,0.05,121,68243,53697,200
degree,0.05,122,68391,54054,200
degree,0.05,123,68319,54131,200
degree,0.05,124,68312,54323,200
degree,0.05,125,68426,53944,200
degree,0.05,126,68347,54120,200
degree,0.05,127,68232,54012,200
degree,0.05,128,68335,53852,200
degree,0.05,129,68409,54140,200
degree,0.05,130,68529,54165,200
degree,0.05,131,68170,54055,200
degree,0.05,132,68359,54090,200
degree,0.05,133,68318,54083,200
degree,0.05,134,68375,54116,200
degree,0.05,135,68498,54089,200
degree,0.05,136,68597,54381,200
degree,0.05,137,68278,54010,200
degree,0.05,138,68445,54331,200
degree,0.05,139,68234,54097,200
degree,0.05,140,68437,54102,200
degree,0.05,141,68434,54049,200
degree,0.05,142,68279,53826,200
degree,0.05,143,68372,53979,200
degree,0.05,144,68407,54138,200
degree,0.05,145,68443,54290,200
degree,0.05,146,68441,54351,200
degree,0.05,147,68343,53985,200
degree,0.05,148,68283,54256,200
degree,0.05,149,68464,54069,200
degree,0.05,150,68413,54141,200
degree,0.05,151,68294,54187,200
degree,0.05,152,68335,54114,200
degree,0.05,153,68252,53972,200
degree,0.05,154,68451,54135,200
degree,0.05,155,68400,54122,200
degree,0.05,156,68467,53905,200
degree,0.05,157,68418,54188,200
degree,0.05,158,68465,54348,200
degree,0.05,159,68384,54019,200
degree,0.05,160,68493,54254,200
degree,0.05,161,68326,53997,200
degree,0.05,162,68297,53937,200
degree,0.05,163,68316,54214,200
degree,0.05,164,68393,54118,200
degree,0.05,165,68357,53886,200
degree,0.05,166,68278,53964,200
degree,0.05,167,68333,53913,200
degree,0.05,168,68465,54128,200
degree,0.05,169,68341,54131,200
degree,0.05,170,68429,54180,200
degree,0.05,171,68527,54106,200
degree,0.05,172,68380,54051,200
degree,0.05,173,68340,53984,200
degree,0.05,174,68348,53967,200
degree,0.05,175,68393,54301,200
degree,0.05,176,68436,54049,200
degree,0.05,177,68475,54253,200
degree,0.05,178,68378,54107,200
degree,0.05,179,68364,54123,200
degree,0.05,180,68313,54097,200
degree,0.05,181,68408,53983,200
degree,0.05,182,68288,54003,200
degree,0.05,183,68452,54163,200
degree,0.05,184,68344,53903,200
degree,0.05,185,68237,54244,200
degree,0.05,186,68328,54216,200
degree,0.05,187,68413,54012,200
degree,0.05,188,68363,53900,200
degree,0.05,189,68404,54050,200
degree,0.05,190,68293,54122,200
degree,0.05,191,68402,54216,200
degree,0.05,192,68294,54091,200
degree,0.05,193,68252,54084,200
degree,0.05,194,68415,54089,200
degree,0.05,195,68330,54082,200
degree,0.05,196,68460,53918,200
degree,0.05,197,68374,53935,200
degree,0.05,198,68385,54241,200
degree,0.05,199,68393,53969,200
degree,0.05,200,68428,54310,200
degree,0.05,201,68219,54032,200
degree,0.05,202,68365,54130,200
degree,0.05,203,68245,53881,200
degree,0.05,204,68433,54180,200
degree,0.05,205,68386,53979,200
degree,0.05,206,68428,54277,200
degree,0.05,207,68321,54056,200
degree,0.05,208,68271,53966,200
degree,0.05,209,68352,54221,200
degree,0.05,210,68431,54209,200
degree,0.05,211,68378,54047,200
degree,0.05,212,68204,53955,200
degree,0.05,213,68369,53904,200
degree,0.05,214,68222,54114,200
degree,0.05,215,68326,54052,200
degree,0.05,216,68214,54004,200
degree,0.05,217,68421,54261,200
degree,0.05,218,68276,53779,200
degree,0.05,219,68332,53935,200
degree,0.05,220,68425,53937,200
degree,0.05,221,68492,54025,200
degree,0.05,222,68439,54125,200
degree,0.05,223,68298,54098,200
degree,0.05,224,68392,54031,200
degree,0.05,225,68376,54042,200
degree,0.05,226,68257,53801,200
degree,0.05,227,68355,54241,200
degree,0.05,228,68332,53946,200
degree,0.05,229,68412,54262,200
degree,0.05,230,68476,53980,200
degree,0.05,231,68429,54349,200
degree,0.05,232,68326,53913,200
degree,0.05,233,68237,53896,200
degree,0.05,234,68477,54266,200
degree,0.05,235,68317,54116,200
degree,0.05,236,68474,54266,200
degree,0.05,237,68379,54069,200
degree,0.05,238,68388,54295,200
degree,0.05,239,68453,54106,200
degree,0.05,240,68286,54212,200
degree,0.05,241,68431,53759,200
degree,0.05,242,68336,53965,200
degree,0.05,243,68402,54238,200
degree,0.05,244,68337,54369,200
degree,0.05,245,68341,54198,200
degree,0.05,246,68346,53967,200
degree,0.05,247,68457,53951,200
degree,0.05,248,68460,54252,200
degree,0.05,249,68330,54166,200
degree,0.05,250,68432,54415,200
degree,0.05,251,68409,54223,200
degree,0.05,252,68468,54166,200
degree,0.05,253,68359,54118,200
degree,0.05,254,68285,53799,200
degree,0.05,255,68314,54212,200
degree,0.05,256,68311,53971,200
degree,0.05,257,68377,53914,200
degree,0.05,258,68429,54469,200
degree,0.05,259,68418,54178,200
degree,0.05,260,68331,53954,200
degree,0.05,261,68397,54260,200
degree,0.05,262,68483,54368,200
degree,0.05,263,68356,54361,200
degree,0.05,264,68441,54235,200
degree,0.05,265,68314,53987,200
degree,0.05,266,68393,54067,200
degree,0.05,267,68357,54019,200
degree,0.05,268,68378,54282,200
degree,0.05,269,68301,54028,200
degree,0.05,270,68266,53626,200
degree,0.05,271,68304,53992,200
degree,0.05,272,68482,54637,200
degree,0.05,273,68393,54237,200
degree,0.05,274,68446,54250,200
degree,0.05,275,68267,54249,200
degree,0.05,276,68454,54220,200
degree,0.05,277,68338,54105,200
degree,0.05,278,68439,54182,200
degree,0.05,279,68339,54003,200
degree,0.05,280,68246,54069,200
degree,0.05,281,68290,54428,200
degree,0.05,282,68219,54363,200
degree,0.05,283,68389,53946,200
degree,0.05,284,68391,54068,200
degree,0.05,285,68395,54154,200
degree,0.05,286,68266,54136,200
degree,0.05,287,68266,54021,200
degree,0.05,288,68352,53951,200
degree,0.05,289,68366,54163,200
degree,0.05,290,68458,54211,200
degree,0.05,291,68345,54190,200
degree,0.05,292,68342,54120,200
degree,0.05,293,68410,54163,200
degree,0.05,294,68379,54109,200
degree,0.05,295,68514,54008,200
degree,0.05,296,68354,54206,200
degree,0.05,297,68451,54184,200
degree,0.05,298,68305,54040,200
degree,0.05,299,68321,54216,200
degree,0.05,300,68365,53879,200
degree,0.05,301,68477,54035,200
degree,0.05,302,68325,54244,200
degree,0.05,303,68364,54330,200
degree,0.05,304,68331,53910,200
degree,0.05,305,68502,54281,200
degree,0.05,306,68417,54304,200
degree,0.05,307,68407,53947,200
degree,0.05,308,68343,54004,200
degree,0.05,309,68431,53970,200
degree,0.05,310,68442,54302,200
degree,0.05,311,68355,54248,200
degree,0.05,312,68297,54118,200
degree,0.05,313,68212,53955,200
degree,0.05,314,68397,54171,200
degree,0.05,315,68328,54141,200
degree,0.05,316,68382,54086,200
degree,0.05,317,68417,54180,200
degree,0.05,318,68361,53932,200
degree,0.05,319,68274,54286,200
degree,0.05,320,68332,54140,200
degree,0.05,321,68306,53894,200
degree,0.05,322,68370,54079,200
degree,0.05,323,68548,53989,200
degree,0.05,324,68333,54142,200
degree,0.05,325,68404,54082,200
degree,0.05,326,68382,54008,200
degree,0.05,327,68327,54009,200
degree,0.05,328,68216,54189,200
degree,0.05,329,68416,54129,200
degree,0.05,330,68375,54322,200
degree,0.05,331,68394,54117,200
degree,0.05,332,68286,53961,200
degree,0.05,333,68466,54078,200
degree,0.05,334,68314,54070,200
degree,0.05,335,68414,54177,200
degree,0.05,336,68342,53891,200
degree,0.05,337,68272,54234,200
degree,0.05,338,68268,54117,200
degree,0.05,339,68483,54295,200
degree,0.05,340,68281,54106,200
degree,0.05,341,68340,54252,200
degree,0.05,342,68351,54345,200
degree,0.05,343,68376,53860,200
degree,0.05,344,68415,54058,200
degree,0.05,345,68298,54257,200
degree,0.05,346,68329,53829,200
degree,0.05,347,68491,53985,200
degree,0.05,348,68342,53950,200
degree,0.05,349,68447,54175,200
degree,0.05,350,68364,53878,200
degree,0.05,351,68335,54113,200
degree,0.05,352,68354,54107,200
degree,0.05,353,68230,54193,200
degree,0.05,354,68258,53576,200
degree,0.05,355,68348,53989,200
degree,0.05,356,68446,54281,200
degree,0.05,357,68473,54159,200
degree,0.05,358,68421,54283,200
degree,0.05,359,68308,54134,200
degree,0.05,360,68307,54336,200
degree,0.05,361,68281,53933,200
degree,0.05,362,68192,53920,200
degree,0.05,363,68338,53955,200
degree,0.05,364,68318,53835,200
degree,0.05,365,68391,54118,200
degree,0.05,366,68460,54178,200
degree,0.05,367,68388,53819,200
degree,0.05,368,68371,54003,200
degree,0.05,369,68505,54421,200
degree,0.05,370,68405,54220,200
degree,0.05,371,68316,54234,200
degree,0.05,372,68407,54161,200
degree,0.05,373,68371,54106,200
degree,0.05,374,68371,54152,200
degree,0.05,375,68419,54053,200
degree,0.05,376,68325,53990,200
degree,0.05,377,68488,54043,200
degree,0.05,378,68386,54047,200
degree,0.05,379,68271,54110,200
degree,0.05,380,68466,54216,200
degree,0.05,381,68402,54318,200
degree,0.05,382,68334,53929,200
degree,0.05,383,68398,54245,200
degree,0.05,384,68549,54212,200
degree,0.05,385,68437,54045,200
degree,0.05,386,68181,54067,200
degree,0.05,387,68330,53986,200
degree,0.05,388,68404,54198,200
degree,0.05,389,68376,54040,200
degree,0.05,390,68294,53991,200
degree,0.05,391,68506,54086,200
degree,0.05,392,68332,54026,200
degree,0.05,393,68539,54229,200
degree,0.05,394,68272,54002,200
degree,0.05,395,68341,54223,200
degree,0.05,396,68367,54061,200
degree,0.05,397,68345,53933,200
degree,0.05,398,68427,54003,200
degree,0.05,399,68318,54177,200
degree,0.05,400,68342,54108,200
degree,0.05,401,68322,53989,200
degree,0.05,402,68296,53912,200
degree,0.05,403,68279,54239,200
degree,0.05,404,68232,54144,200
degree,0.05,405,68407,54296,200
degree,0.05,406,68407,54204,200
degree,0.05,407,68328,54054,200
degree,0.05,408,68416,54253,200
degree,0.05,409,68339,54024,200
degree,0.05,410,68374,53992,200
degree,0.05,411,68493,54283,200
degree,0.05,412,68418,54019,200
degree,0.05,413,68293,53824,200
degree,0.05,414,68421,54207,200
degree,0.05,415,68536,54345,200
degree,0.05,416,68275,53952,200
degree,0.05,417,68422,53912,200
degree,0.05,418,68437,54158,200
degree,0.05,419,68275,53949,200
degree,0.05,420,68377,54104,200
degree,0.05,421,68439,53952,200
degree,0.05,422,68418,53920,200
degree,0.05,423,68530,54139,200
degree,0.05,424,68354,53783,200
degree,0.05,425,7,6,142
degree,0.05,426,68409,53787,200
degree,0.05,427,68353,53972,200
degree,0.05,428,68290,53940,200
degree,0.05,429,68288,53970,200
degree,0.05,430,68373,53983,200
degree,0.05,431,68289,54146,200
degree,0.05,432,68554,54358,200
degree,0.05,433,68430,54285,200
degree,0.05,434,68335,54446,200
degree,0.05,435,68208,54004,200
degree,0.05,436,68411,54166,200
degree,0.05,437,68457,53956,200
degree,0.05,438,68382,54131,200
degree,0.05,439,68348,53937,200
degree,0.05,440,68453,54164,200
degree,0.05,441,68302,53938,200
degree,0.05,442,68136,53990,200
degree,0.05,443,68387,54169,200
degree,0.05,444,68468,54273,200
degree,0.05,445,68167,54014,200
degree,0.05,446,68284,54120,200
degree,0.05,447,68310,54313,200
degree,0.05,448,68338,54116,200
degree,0.05,449,68403,53851,200
degree,0.05,450,68450,54211,200
degree,0.05,451,68355,54264,200
degree,0.05,452,68351,54085,200
degree,0.05,453,68426,53941,200
degree,0.05,454,68439,54287,200
degree,0.05,455,68424,53922,200
degree,0.05,456,68332,54002,200
degree,0.05,457,68453,54303,200
degree,0.05,458,68426,53689,200
degree,0.05,459,68317,53842,200
degree,0.05,460,68352,54027,200
degree,0.05,461,68396,53778,200
degree,0.05,462,68289,54109,200
degree,0.05,463,68341,54198,200
degree,0.05,464,68357,54178,200
degree,0.05,465,68412,54137,200
degree,0.05,466,68395,54032,200
degree,0.05,467,68290,53953,200
degree,0.05,468,68222,54064,200
degree,0.05,469,68425,54087,200
degree,0.05,470,68253,53993,200
degree,0.05,471,68212,54022,200
degree,0.05,472,68301,53855,200
degree,0.05,473,68312,54088,200
degree,0.05,474,68371,54080,200
degree,0.05,475,68447,54088,200
degree,0.05,476,68347,53967,200
degree,0.05,477,68363,54125,200
degree,0.05,478,68470,54222,200
degree,0.05,479,68358,54101,200
degree,0.05,480,68412,54117,200
degree,0.05,481,68345,54210,200
degree,0.05,482,68339,54080,200
degree,0.05,483,68394,54377,200
degree,0.05,484,68350,54125,200
degree,0.05,485,68223,53895,200
degree,0.05,486,68288,53927,200
degree,0.05,487,68430,53937,200
degree,0.05,488,68295,54276,200
degree,0.05,489,68382,54108,200
degree,0.05,490,68389,53981,200
degree,0.05,491,68333,54097,200
degree,0.05,492,68673,54370,200
degree,0.05,493,68323,54134,200
degree,0.05,494,68331,54099,200
degree,0.05,495,68212,54093,200
degree,0.05,496,68416,54320,200
degree,0.05,497,68354,54050,200
degree,0.05,498,68402,54049,200
degree,0.05,499,68338,54081,200
degree,0.1,0,60976,46260,200
degree,0.1,1,60872,46071,200
degree,0.1,2,61023,45588,200
degree,0.1,3,60577,45779,200
degree,0.1,4,61031,45977,200
degree,0.1,5,60983,45986,200
degree,0.1,6,61004,46010,200
degree,0.1,7,61019,45981,200
degree,0.1,8,61019,45993,200
degree,0.1,9,61031,45813,200
degree,0.1,10,61065,45874,200
degree,0.1,11,60923,45918,200
degree,0.1,12,61018,45805,200
degree,0.1,13,60811,45728,200
degree,0.1,14,61031,46002,200
degree,0.1,15,61062,46014,200
degree,0.1,16,60992,46184,200
degree,0.1,17,60946,45650,200
degree,0.1,18,61062,46089,200
degree,0.1,19,60757,46030,200
degree,0.1,20,61112,46016,200
degree,0.1,21,61022,46075,200
degree,0.1,22,60973,46317,200
degree,0.1,23,60712,46098,200
degree,0.1,24,61096,46228,200
degree,0.1,25,60990,46254,200
degree,0.1,26,61040,46206,200
degree,0.1,27,60833,45708,200
degree,0.1,28,60927,45995,200
degree,0.1,29,60781,46046,200
degree,0.1,30,60931,45736,200
degree,0.1,31,60924,46055,200
degree,0.1,32,60999,45998,200
degree,0.1,33,60958,45893,200
degree,0.1,34,61093,46224,200
degree,0.1,35,61063,45924,200
degree,0.1,36,61022,45995,200
degree,0.1,37,60998,46166,200
degree,0.1,38,60905,46346,200
degree,0.1,39,61032,45768,200
degree,0.1,40,61006,45995,200
degree,0.1,41,60953,46010,200
degree,0.1,42,60930,45743,200
degree,0.1,43,60892,46100,200
degree,0.1,44,60991,46014,200
degree,0.1,45,60914,45957,200
degree,0.1,46,61062,45998,200
degree,0.1,47,61155,46272,200
degree,0.1,48,60934,46355,200
degree,0.1,49,60951,46132,200
degree,0.1,50,60907,45858,200
degree,0.1,51,61114,46190,200
degree,0.1,52,60910,46286,200
degree,0.1,53,61073,46315,200
degree,0.1,54,60990,45879,200
degree,0.1,55,60874,45549,200
degree,0.1,56,60864,46328,200
degree,0.1,57,61037,46276,200
degree,0.1,58,61058,46100,200
degree,0.1,59,61038,45977,200
degree,0.1,60,60961,46141,200
degree,0.1,61,60927,45923,200
degree,0.1,62,61149,46037,200
degree,0.1,63,61199,45814,200
degree,0.1,64,60684,45805,200
degree,0.1,65,61050,46147,200
degree,0.1,66,61002,45671,200
degree,0.1,67,60990,45843,200
degree,0.1,68,61105,46255,200
degree,0.1,69,61155,46282,200
degree,0.1,70,61010,45819,200
degree,0.1,71,60878,45943,200
degree,0.1,72,60971,46020,200
degree,0.1,73,60792,46173,200
degree,0.1,74,60833,46006,200
degree,0.1,75,60900,45857,200
degree,0.1,76,61219,46438,200
degree,0.1,77,61047,46106,200
degree,0.1,78,61034,46119,200
degree,0.1,79,61028,45954,200
degree,0.1,80,60813,45893,200
degree,0.1,81,61114,46139,200
degree,0.1,82,60916,45978,200
degree,0.1,83,60955,46037,200
degree,0.1,84,61063,46141,200
degree,0.1,85,60736,45531,200
degree,0.1,86,60914,45783,200
degree,0.1,87,60996,45933,200
degree,0.1,88,60763,45641,200
degree,0.1,89,60886,46149,200
degree,0.1,90,61136,46128,200
degree,0.1,91,60897,45919,200
degree,0.1,92,60834,46143,200
degree,0.1,93,60864,45784,200
degree,0.1,94,61072,46242,200
degree,0.1,95,60989,45883,200
degree,0.1,96,61063,45938,200
degree,0.1,97,61032,46045,200
degree,0.1,98,61168,46042,200
degree,0.1,99,61043,46116,200
degree,0.1,100,61024,46229,200
degree,0.1,101,60943,46246,200
degree,0.1,102,60964,45736,200
degree,0.1,103,60963,45855,200
degree,0.1,104,60961,46150,200
degree,0.1,105,60878,45826,200
degree,0.1,106,61023,45765,200
degree,0.1,107,60966,46283,200
degree,0.1,108,60797,46173,200
degree,0.1,109,60853,46424,200
degree,0.1,110,61068,46123,200
degree,0.1,111,60984,45955,200
degree,0.1,112,60979,46201,200
degree,0.1,113,60751,45949,200
degree,0.1,114,60950,46285,200
degree,0.1,115,61090,46014,200
degree,0.1,116,60867,45988,200
degree,0.1,117,61004,45949,200
degree,0.1,118,60963,46050,200
degree,0.1,119,60972,45749,200
degree,0.1,120,61034,46165,200
degree,0.1,121,60918,45994,200
degree,0.1,122,61012,45950,200
degree,0.1,123,60926,46220,200
degree,0.1,124,60871,46141,200
degree,0.1,125,60854,45642,200
degree,0.1,126,60846,45843,200
degree,0.1,127,60866,46302,200
degree,0.1,128,60889,46114,200
degree,0.1,129,60897,45876,200
degree,0.1,130,60978,45509,200
degree,0.1,131,60993,46112,200
degree,0.1,132,60999,46138,200
degree,0.1,133,61029,46231,200
degree,0.1,134,61112,46260,200
degree,0.1,135,61007,46254,200
degree,0.1,136,60727,46013,200
degree,0.1,137,60916,46047,200
degree,0.1,138,60596,45849,200
degree,0.1,139,60858,45810,200
degree,0.1,140,61075,45707,200
degree,0.1,141,61031,46140,200
degree,0.1,142,61010,46054,200
degree,0.1,143,61143,46422,200
degree,0.1,144,61143,46404,200
degree,0.1,145,60992,46492,200
degree,0.1,146,61041,45981,200
degree,0.1,147,60999,45860,200
degree,0.1,148,61163,46298,200
degree,0.1,149,60997,46115,200
degree,0.1,150,61076,46343,200
degree,0.1,151,61110,46191,200
degree,0.1,152,61008,46107,200
degree,0.1,153,60964,46091,200
degree,0.1,154,60895,45630,200
degree,0.1,155,61008,46289,200
degree,0.1,156,60997,45692,200
degree,0.1,157,61031,45795,200
degree,0.1,158,60885,45791,200
degree,0.1,159,61059,46318,200
degree,0.1,160,60949,45735,200
degree,0.1,161,60788,45726,200
degree,0.1,162,61097,46175,200
degree,0.1,163,60984,46128,200
degree,0.1,164,60916,45783,200
degree,0.1,165,61136,45861,200
degree,0.1,166,60960,45874,200
degree,0.1,167,61104,46229,200
degree,0.1,168,60906,45900,200
degree,0.1,169,61001,46291,200
degree,0.1,170,60814,45755,200
degree,0.1,171,60984,46106,200
degree,0.1,172,60917,46215,200
degree,0.1,173,60972,46110,200
degree,0.1,174,60765,45877,200
degree,0.1,175,60973,45869,200
degree,0.1,176,61091,46175,200
degree,0.1,177,61025,46188,200
degree,0.1,178,60807,46034,200
degree,0.1,179,60874,46162,200
degree,0.1,180,61078,46237,200
degree,0.1,181,60862,45661,200
degree,0.1,182,60826,46104,200
degree,0.1,183,61041,46120,200
degree,0.1,184,60944,45816,200
degree,0.1,185,61053,46237,200
degree,0.1,186,61010,45857,200
degree,0.1,187,60955,46412,200
degree,0.1,188,60861,46221,200
degree,0.1,189,61072,46037,200
degree,0.1,190,60872,45880,200
degree,0.1,191,60940,46271,200
degree,0.1,192,60817,46113,200
degree,0.1,193,60943,46188,200
degree,0.1,194,61016,46119,200
degree,0.1,195,60817,45683,200
degree,0.1,196,60743,45849,200
degree,0.1,197,60837,46436,200
degree,0.1,198,61004,46236,200
degree,0.1,199,60996,46116,200
degree,0.1,200,61013,46213,200
degree,0.1,201,60997,45951,200
degree,0.1,202,60836,45936,200
degree,0.1,203,60910,45878,200
degree,0.1,204,60920,45992,200
degree,0.1,205,60902,45970,200
degree,0.1,206,60993,46551,200
degree,0.1,207,60647,45988,200
degree,0.1,208,61141,46130,200
degree,0.1,209,60722,45884,200
degree,0.1,210,60900,46081,200
degree,0.1,211,60893,46250,200
degree,0.1,212,61065,46588,200
degree,0.1,213,60832,46123,200
degree,0.1,214,60969,46168,200
degree,0.1,215,61065,46118,200
degree,0.1,216,60962,45921,200
degree,0.1,217,61049,46241,200
degree,0.1,218,60741,45942,200
degree,0.1,219,60859,45989,200
degree,0.1,220,61045,46090,200
degree,0.1,221,60886,46036,200
degree,0.1,222,61076,46202,200
degree,0.1,223,60967,45929,200
degree,0.1,224,60558,45853,200
degree,0.1,225,61060,45817,200
degree,0.1,226,60963,45750,200
degree,0.1,227,60880,46042,200
degree,0.1,228,60995,46056,200
degree,0.1,229,60998,45766,200
degree,0.1,230,60830,46254,200
degree,0.1,231,60664,45654,200
degree,0.1,232,61040,46017,200
degree,0.1,233,61018,45946,200
degree,0.1,234,60983,46166,200
degree,0.1,235,60931,46137,200
degree,0.1,236,60815,45896,200
degree,0.1,237,61063,46075,200
degree,0.1,238,60772,46044,200
degree,0.1,239,60919,45909,200
degree,0.1,240,60765,45672,200
degree,0.1,241,60990,46064,200
degree,0.1,242,60976,46049,200
degree,0.1,243,60958,46003,200
degree,0.1,244,60970,46244,200
degree,0.1,245,60815,46083,200
degree,0.1,246,60888,46078,200
degree,0.1,247,60956,45892,200
degree,0.1,248,61057,46200,200
degree,0.1,249,60862,45859,200
degree,0.1,250,60984,46004,200
degree,0.1,251,60909,46173,200
degree,0.1,252,60904,45691,200
degree,0.1,253,60729,46141,200
degree,0.1,254,61037,45763,200
degree,0.1,255,61020,46131,200
degree,0.1,256,60944,45941,200
degree,0.1,257,60791,45753,200
degree,0.1,258,61017,46047,200
degree,0.1,259,61041,46086,200
degree,0.1,260,61185,46228,200
degree,0.1,261,61093,46325,200
degree,0.1,262,61013,45971,200
degree,0.1,263,60781,46218,200
degree,0.1,264,60838,46131,200
degree,0.1,265,60948,45925,200
degree,0.1,266,61036,46054,200
degree,0.1,267,60898,45925,200
degree,0.1,268,61016,45753,200
degree,0.1,269,60937,45883,200
degree,0.1,270,61038,46042,200
degree,0.1,271,61018,45879,200
degree,0.1,272,61004,46071,200
degree,0.1,273,60964,45793,200
degree,0.1,274,61002,46074,200
degree,0.1,275,60917,45824,200
degree,0.1,276,60792,46009,200
degree,0.1,277,61059,46274,200
degree,0.1,278,60915,46262,200
degree,0.1,279,60948,45992,200
degree,0.1,280,60863,46147,200
degree,0.1,281,60940,46149,200
degree,0.1,282,61007,45986,200
degree,0.1,283,60923,45912,200
degree,0.1,284,60957,46108,200
degree,0.1,285,60925,46463,200
degree,0.1,286,61117,45748,200
degree,0.1,287,60991,45778,200
degree,0.1,288,60848,45826,200
degree,0.1,289,61086,46123,200
degree,0.1,290,60924,46011,200
degree,0.1,291,60845,45608,200
degree,0.1,292,60956,46300,200
degree,0.1,293,60859,46137,200
degree,0.1,294,60942,45978,200
degree,0.1,295,60890,45945,200
degree,0.1,296,60951,45607,200
degree,0.1,297,60879,46331,200
degree,0.1,298,60998,46059,200
degree,0.1,299,60889,46037,200
degree,0.1,300,60764,45870,200
degree,0.1,301,60996,46005,200
degree,0.1,302,60807,46116,200
degree,0.1,303,60995,45793,200
degree,0.1,304,60787,46108,200
degree,0.1,305,60916,46331,200
degree,0.1,306,61023,45996,200
degree,0.1,307,60986,46294,200
degree,0.1,308,60931,45753,200
degree,0.1,309,60943,46019,200
degree,0.1,310,60905,45783,200
degree,0.1,311,61063,46102,200
degree,0.1,312,60754,45756,200
degree,0.1,313,61083,46368,200
degree,0.1,314,61066,46464,200
degree,0.1,315,60825,45841,200
degree,0.1,316,60991,46146,200
degree,0.1,317,61247,46477,200
degree,0.1,318,60960,46399,200
degree,0.1,319,60968,46144,200
degree,0.1,320,61054,46120,200
degree,0.1,321,61087,45739,200
degree,0.1,322,60951,45760,200
degree,0.1,323,60977,46006,200
degree,0.1,324,61011,46302,200
degree,0.1,325,60653,45738,200
degree,0.1,326,60972,45829,200
degree,0.1,327,60885,45733,200
degree,0.1,328,61085,46082,200
degree,0.1,329,61143,46422,200
degree,0.1,330,61114,46324,200
degree,0.1,331,61094,46157,200
degree,0.1,332,61020,45915,200
degree,0.1,333,61018,45944,200
degree,0.1,334,61109,46304,200
degree,0.1,335,60979,45896,200
degree,0.1,336,61039,46527,200
degree,0.1,337,61060,46201,200
degree,0.1,338,61055,46024,200
degree,0.1,339,61088,46363,200
degree,0.1,340,60829,46102,200
degree,0.1,341,60945,45889,200
degree,0.1,342,60896,46395,200
degree,0.1,343,61064,45873,200
degree,0.1,344,60981,45739,200
degree,0.1,345,60801,45812,200
degree,0.1,346,60839,45890,200
degree,0.1,347,60856,46131,200
degree,0.1,348,61022,46144,200
degree,0.1,349,61015,46182,200
degree,0.1,350,61118,45893,200
degree,0.1,351,60937,45785,200
degree,0.1,352,60974,46313,200
degree,0.1,353,60959,45832,200
degree,0.1,354,60944,46106,200
degree,0.1,355,61034,46098,200
degree,0.1,356,60966,45946,200
degree,0.1,357,60711,46092,200
degree,0.1,358,61041,46169,200
degree,0.1,359,60807,45761,200
degree,0.1,360,60811,45987,200
degree,0.1,361,60728,46092,200
degree,0.1,362,61069,46157,200
degree,0.1,363,60838,45490,200
degree,0.1,364,60891,46218,200
degree,0.1,365,61085,46174,200
degree,0.1,366,60961,45946,200
degree,0.1,367,60928,46002,200
degree,0.1,368,61089,46434,200
degree,0.1,369,61039,46129,200
degree,0.1,370,60829,46149,200
degree,0.1,371,60961,46296,200
degree,0.1,372,60959,45960,200
degree,0.1,373,61026,46100,200
degree,0.1,374,61159,46304,200
degree,0.1,375,60908,46275,200
degree,0.1,376,60986,46239,200
degree,0.1,377,60999,46165,200
degree,0.1,378,61041,46014,200
degree,0.1,379,61078,46359,200
degree,0.1,380,60844,46067,200
degree,0.1,381,60925,46072,200
degree,0.1,382,60916,46202,200
degree,0.1,383,60864,46061,200
degree,0.1,384,61023,45965,200
degree,0.1,385,61106,46079,200
degree,0.1,386,60838,46175,200
degree,0.1,387,61000,45715,200
degree,0.1,388,60763,46094,200
degree,0.1,389,60978,45897,200
degree,0.1,390,60835,45863,200
degree,0.1,391,60938,45650,200
degree,0.1,392,61059,46030,200
degree,0.1,393,61115,45777,200
degree,0.1,394,60818,45900,200
degree,0.1,395,61045,46080,200
degree,0.1,396,60987,46312,200
degree,0.1,397,60798,45834,200
degree,0.1,398,60856,45757,200
degree,0.1,399,60926,46284,200
degree,0.1,400,61001,46270,200
degree,0.1,401,60831,46052,200
degree,0.1,402,60850,46056,200
degree,0.1,403,60886,45953,200
degree,0.1,404,60765,46147,200
degree,0.1,405,60833,45430,200
degree,0.1,406,60941,46088,200
degree,0.1,407,60909,46261,200
degree,0.1,408,61064,46171,200
degree,0.1,409,60954,46095,200
degree,0.1,410,60785,45871,200
degree,0.1,411,60715,46032,200
degree,0.1,412,60901,46124,200
degree,0.1,413,60969,46070,200
degree,0.1,414,60591,45652,200
degree,0.1,415,60723,45802,200
degree,0.1,416,60948,46035,200
degree,0.1,417,60967,46067,200
degree,0.1,418,60778,45853,200
degree,0.1,419,60949,46045,200
degree,0.1,420,60947,46023,200
degree,0.1,421,61074,46166,200
degree,0.1,422,60888,45756,200
degree,0.1,423,60975,45851,200
degree,0.1,424,60872,46049,200
degree,0.1,425,60890,46108,200
degree,0.1,426,60902,46265,200
degree,0.1,427,61027,46156,200
degree,0.1,428,61112,45952,200
degree,0.1,429,61019,46131,200
degree,0.1,430,60831,45529,200
degree,0.1,431,60966,46004,200
degree,0.1,432,60955,46196,200
degree,0.1,433,61039,45858,200
degree,0.1,434,61020,46175,200
degree,0.1,435,61031,45991,200
degree,0.1,436,61121,46239,200
degree,0.1,437,61065,46083,200
degree,0.1,438,61022,46238,200
degree,0.1,439,60938,46169,200
degree,0.1,440,60898,46092,200
degree,0.1,441,61043,45884,200
degree,0.1,442,60955,45844,200
degree,0.1,443,60906,46092,200
degree,0.1,444,61033,45971,200
degree,0.1,445,60937,46369,200
degree,0.1,446,61001,46123,200
degree,0.1,447,60812,46181,200
degree,0.1,448,60987,46120,200
degree,0.1,449,60994,46198,200
degree,0.1,450,60860,45742,200
degree,0.1,451,61085,45827,200
degree,0.1,452,61027,46150,200
degree,0.1,453,61047,46430,200
degree,0.1,454,60840,46156,200
degree,0.1,455,60793,45900,200
degree,0.1,456,61094,46210,200
degree,0.1,457,60864,46161,200
degree,0.1,458,60891,46000,200
degree,0.1,459,60927,45872,200
degree,0.1,460,60896,45856,200
degree,0.1,461,61076,46310,200
degree,0.1,462,60926,45872,200
degree,0.1,463,60623,46160,200
degree,0.1,464,61044,45826,200
degree,0.1,465,61090,46028,200
degree,0.1,466,60913,46131,200
degree,0.1,467,61053,45942,200
degree,0.1,468,61109,46442,200
degree,0.1,469,60958,46058,200
degree,0.1,470,61083,46014,200
degree,0.1,471,60976,46051,200
degree,0.1,472,60935,46327,200
degree,0.1,473,61039,46005,200
degree,0.1,474,60882,46163,200
degree,0.1,475,60953,45980,200
degree,0.1,476,61004,46242,200
degree,0.1,477,60932,45943,200
degree,0.1,478,60732,45781,200
degree,0.1,479,61053,45925,200
degree,0.1,480,60976,46200,200
degree,0.1,481,61082,46282,200
degree,0.1,482,61133,46290,200
degree,0.1,483,61088,46265,200
degree,0.1,484,60991,46095,200
degree,0.1,485,60760,45717,200
degree,0.1,486,61033,45885,200
degree,0.1,487,60873,46041,200
degree,0.1,488,60876,46005,200
degree,0.1,489,60979,46072,200
degree,0.1,490,60907,46055,200
degree,0.1,491,61096,45884,200
degree,0.1,492,61124,46056,200
degree,0.1,493,60980,45617,200
degree,0.1,494,61070,45895,200
degree,0.1,495,60976,46228,200
degree,0.1,496,60913,46268,200
degree,0.1,497,61009,46146,200
degree,0.1,498,60830,46184,200
degree,0.1,499,61035,46035,200
degree,0.15,0,54271,38369,200
degree,0.15,1,54267,38216,200
degree,0.15,2,54210,38294,200
degree,0.15,3,54077,38390,200
degree,0.15,4,54243,38482,200
degree,0.15,5,54457,38363,200
degree,0.15,6,54213,38445,200
degree,0.15,7,54235,38225,200
degree,0.15,8,54369,38444,200
degree,0.15,9,54423,38250,200
degree,0.15,10,54227,37703,200
degree,0.15,11,54395,38346,200
degree,0.15,12,54139,38522,200
degree,0.15,13,54296,38322,200
degree,0.15,14,54373,37837,200
degree,0.15,15,54461,38869,200
degree,0.15,16,54299,38271,200
degree,0.15,17,54225,37871,200
degree,0.15,18,54506,38449,200
degree,0.15,19,54121,38158,200
degree,0.15,20,54243,38322,200
degree,0.15,21,54382,38480,200
degree,0.15,22,54349,38410,200
degree,0.15,23,54310,38266,200
degree,0.15,24,54240,38560,200
degree,0.15,25,54308,38341,200
degree,0.15,26,54325,38408,200
degree,0.15,27,54179,38540,200
degree,0.15,28,54260,38418,200
degree,0.15,29,54244,37515,200
degree,0.15,30,54374,38175,200
degree,0.15,31,54390,38309,200
degree,0.15,32,53746,37752,200
degree,0.15,33,54246,38026,200
degree,0.15,34,54396,38659,200
degree,0.15,35,54350,37984,200
degree,0.15,36,54419,38532,200
degree,0.15,37,54089,38151,200
degree,0.15,38,54346,38577,200
degree,0.15,39,54266,38055,200
degree,0.15,40,54118,38243,200
degree,0.15,41,54263,38103,200
degree,0.15,42,54430,38736,200
degree,0.15,43,54438,38216,200
degree,0.15,44,54074,38266,200
degree,0.15,45,54419,38470,200
degree,0.15,46,54444,38251,200
degree,0.15,47,54199,38129,200
degree,0.15,48,54210,38131,200
degree,0.15,49,54319,38740,200
degree,0.15,50,54304,38122,200
degree,0.15,51,54438,38059,200
degree,0.15,52,53958,38096,200
degree,0.15,53,54493,38311,200
degree,0.15,54,54175,38424,200
degree,0.15,55,54354,38297,200
degree,0.15,56,54378,38388,200
degree,0.15,57,54244,37887,200
degree,0.15,58,54214,38068,200
degree,0.15,59,54517,38656,200
degree,0.15,60,54296,38393,200
degree,0.15,61,54253,38180,200
degree,0.15,62,54251,38460,200
degree,0.15,63,54378,38275,200
degree,0.15,64,54330,38425,200
degree,0.15,65,54251,38461,200
degree,0.15,66,54196,38301,200
degree,0.15,67,54457,38363,200
degree,0.15,68,54352,38142,200
degree,0.15,69,54379,38417,200
degree,0.15,70,54246,38152,200
degree,0.15,71,54164,38210,200
degree,0.15,72,54125,38235,200
degree,0.15,73,54334,38128,200
degree,0.15,74,54357,38569,200
degree,0.15,75,54130,38211,200
degree,0.15,76,54148,38054,200
degree,0.15,77,53908,38064,200
degree,0.15,78,54062,38021,200
degree,0.15,79,54348,38194,200
degree,0.15,80,54402,38594,200
degree,0.15,81,54388,38317,200
degree,0.15,82,54032,37927,200
degree,0.15,83,54049,38036,200
degree,0.15,84,54270,38610,200
degree,0.15,85,54498,38404,200
degree,0.15,86,54031,37786,200
degree,0.15,87,54434,38168,200
degree,0.15,88,54328,37956,200
degree,0.15,89,54213,38165,200
degree,0.15,90,54196,38047,200
degree,0.15,91,54376,38201,200
degree,0.15,92,54249,38251,200
degree,0.15,93,54237,38295,200
degree,0.15,94,54006,37907,200
degree,0.15,95,54328,38093,200
degree,0.15,96,54205,37999,200
degree,0.15,97,54338,38075,200
degree,0.15,98,54280,38659,200
degree,0.15,99,54465,38345,200
degree,0.15,100,54293,38354,200
degree,0.15,101,54419,38006,200
degree,0.15,102,54121,37985,200
degree,0.15,103,54188,37896,200
degree,0.15,104,54381,38305,200
degree,0.15,105,54097,38322,200
degree,0.15,106,54172,38378,200
degree,0.15,107,53991,38366,200
degree,0.15,108,54251,38297,200
degree,0.15,109,54430,38273,200
degree,0.15,110,54292,38261,200
degree,0.15,111,54211,38161,200
degree,0.15,112,54284,38469,200
degree,0.15,113,54437,38227,200
degree,0.15,114,54366,38297,200
degree,0.15,115,54248,38323,200
degree,0.15,116,54157,38327,200
degree,0.15,117,54423,38547,200
degree,0.15,118,54454,38328,200
degree,0.15,119,54316,38267,200
degree,0.15,120,54294,38113,200
degree,0.15,121,54138,38076,200
degree,0.15,122,54223,37751,200
degree,0.15,123,54186,38117,200
degree,0.15,124,54369,38342,200
degree,0.15,125,54180,38137,200
degree,0.15,126,54299,38530,200
degree,0.15,127,54311,38396,200
degree,0.15,128,54343,37931,200
degree,0.15,129,54284,38360,200
degree,0.15,130,54275,37557,200
degree,0.15,131,54313,38234,200
degree,0.15,132,54318,38156,200
degree,0.15,133,54318,39006,200
degree,0.15,134,54202,38457,200
degree,0.15,135,54080,38147,200
degree,0.15,136,54216,38119,200
degree,0.15,137,54164,38195,200
degree,0.15,138,54209,38336,200
degree,0.15,139,54457,38253,200
degree,0.15,140,54132,37811,200
degree,0.15,141,54332,38821,200
degree,0.15,142,54199,37971,200
degree,0.15,143,54326,38101,200
degree,0.15,144,54442,38258,200
degree,0.15,145,54130,38034,200
degree,0.15,146,53987,37940,200
degree,0.15,147,54374,38672,200
degree,0.15,148,54380,38321,200
degree,0.15,149,54220,38227,200
degree,0.15,150,54408,37861,200
degree,0.15,151,54175,38239,200
degree,0.15,152,54228,38479,200
degree,0.15,153,54146,38147,200
degree,0.15,154,54143,37984,200
degree,0.15,155,54312,38375,200
degree,0.15,156,54280,37840,200
degree,0.15,157,54249,38579,200
degree,0.15,158,54304,38246,200
degree,0.15,159,54276,38039,200
degree,0.15,160,54455,38028,200
degree,0.15,161,54129,38380,200
degree,0.15,162,54332,37663,200
degree,0.15,163,54357,38826,200
degree,0.15,164,54381,38458,200
degree,0.15,165,54437,37798,200
degree,0.15,166,54309,38367,200
degree,0.15,167,54212,38025,200
degree,0.15,168,54343,38142,200
degree,0.15,169,54207,38345,200
degree,0.15,170,54359,37765,200
degree,0.15,171,54238,38296,200
degree,0.15,172,54502,38577,200
degree,0.15,173,54404,38526,200
degree,0.15,174,54427,38012,200
degree,0.15,175,54049,38657,200
degree,0.15,176,54324,38332,200
degree,0.15,177,54469,38477,200
degree,0.15,178,54368,38209,200
degree,0.15,179,54461,37728,200
degree,0.15,180,54297,38259,200
degree,0.15,181,54293,38260,200
degree,0.15,182,54361,38285,200
degree,0.15,183,54445,38266,200
degree,0.15,184,54220,38518,200
degree,0.15,185,54047,37520,200
degree,0.15,186,54328,38103,200
degree,0.15,187,54172,38214,200
degree,0.15,188,54322,38235,200
degree,0.15,189,54366,37662,200
degree,0.15,190,54209,37928,200
degree,0.15,191,54265,38315,200
degree,0.15,192,54358,38207,200
degree,0.15,193,54190,37843,200
degree,0.15,194,54077,38473,200
degree,0.15,195,54285,38718,200
degree,0.15,196,54390,38374,200
degree,0.15,197,54188,38141,200
degree,0.15,198,54279,38486,200
degree,0.15,199,54328,38042,200
degree,0.15,200,54078,38073,200
degree,0.15,201,54258,38046,200
degree,0.15,202,54180,38506,200
degree,0.15,203,54360,38148,200
degree,0.15,204,54373,38329,200
degree,0.15,205,53846,38153,200
degree,0.15,206,54281,38044,200
degree,0.15,207,54299,38607,200
degree,0.15,208,54258,38355,200
degree,0.15,209,54107,38273,200
degree,0.15,210,54291,38400,200
degree,0.15,211,54473,38588,200
degree,0.15,212,54305,38211,200
degree,0.15,213,53953,38353,200
degree,0.15,214,54330,37985,200
degree,0.15,215,54304,38180,200
degree,0.15,216,54463,38747,200
degree,0.15,217,54362,38404,200
degree,0.15,218,54381,38626,200
degree,0.15,219,54220,38363,200
degree,0.15,220,54205,37750,200
degree,0.15,221,54296,38469,200
degree,0.15,222,54316,38577,200
degree,0.15,223,54221,38159,200
degree,0.15,224,54261,38348,200
degree,0.15,225,54143,38160,200
degree,0.15,226,54211,38043,200
degree,0.15,227,54421,38312,200
degree,0.15,228,54273,38014,200
degree,0.15,229,54287,37957,200
degree,0.15,230,54394,38653,200
degree,0.15,231,54155,38246,200
degree,0.15,232,54109,38547,200
degree,0.15,233,54228,38066,200
degree,0.15,234,54412,38271,200
degree,0.15,235,54409,38268,200
degree,0.15,236,53967,38117,200
degree,0.15,237,54106,37942,200
degree,0.15,238,54297,37881,200
degree,0.15,239,54320,38589,200
degree,0.15,240,54332,38724,200
degree,0.15,241,54350,38621,200
degree,0.15,242,54314,38254,200
degree,0.15,243,54159,38292,200
degree,0.15,244,54168,38180,200
degree,0.15,245,54297,38336,200
degree,0.15,246,54392,37989,200
degree,0.15,247,54211,37825,200
degree,0.15,248,54458,38096,200
degree,0.15,249,54042,38513,200
degree,0.15,250,54167,37853,200
degree,0.15,251,54168,38373,200
degree,0.15,252,54403,38638,200
degree,0.15,253,54154,38295,200
degree,0.15,254,54436,38216,200
degree,0.15,255,54268,38622,200
degree,0.15,256,54407,37975,200
degree,0.15,257,54012,38105,200
degree,0.15,258,54186,38177,200
degree,0.15,259,54304,37893,200
degree,0.15,260,54353,38451,200
degree,0.15,261,54524,37960,200
degree,0.15,262,54311,38588,200
degree,0.15,263,54446,38284,200
degree,0.15,264,54164,38114,200
degree,0.15,265,54098,38190,200
degree,0.15,266,54070,38316,200
degree,0.15,267,54191,37937,200
degree,0.15,268,54288,38515,200
degree,0.15,269,54357,38427,200
degree,0.15,270,54374,38534,200
degree,0.15,271,54470,38513,200
degree,0.15,272,54102,38189,200
degree,0.15,273,54366,38499,200
degree,0.15,274,54306,38512,200
degree,0.15,275,54510,38245,200
degree,0.15,276,54282,38484,200
degree,0.15,277,54309,38198,200
degree,0.15,278,54445,38402,200
degree,0.15,279,54260,38308,200
degree,0.15,280,54319,38124,200
degree,0.15,281,54395,37970,200
degree,0.15,282,54258,38372,200
degree,0.15,283,54311,37949,200
degree,0.15,284,54311,37790,200
degree,0.15,285,54547,38488,200
degree,0.15,286,54201,38295,200
degree,0.15,287,54219,38435,200
degree,0.15,288,54288,38501,200
degree,0.15,289,54331,38431,200
degree,0.15,290,54304,38334,200
degree,0.15,291,54324,38449,200
degree,0.15,292,54140,37971,200
degree,0.15,293,54146,37977,200
degree,0.15,294,54280,38231,200
degree,0.15,295,54365,38145,200
degree,0.15,296,54314,38346,200
degree,0.15,297,54415,38316,200
degree,0.15,298,54431,38561,200
degree,0.15,299,54297,38440,200
degree,0.15,300,54372,38362,200
degree,0.15,301,54340,38045,200
degree,0.15,302,54318,38260,200
degree,0.15,303,54367,37770,200
degree,0.15,304,54329,37897,200
degree,0.15,305,54391,38471,200
degree,0.15,306,54348,38425,200
degree,0.15,307,54312,38134,200
degree,0.15,308,54048,38134,200
degree,0.15,309,54331,38235,200
degree,0.15,310,54490,38657,200
degree,0.15,311,54376,38139,200
degree,0.15,312,54188,37893,200
degree,0.15,313,54266,38423,200
degree,0.15,314,54232,38516,200
degree,0.15,315,54137,38377,200
degree,0.15,316,54395,37971,200
degree,0.15,317,54413,38197,200
degree,0.15,318,54286,38115,200
degree,0.15,319,54304,38658,200
degree,0.15,320,54139,38179,200
degree,0.15,321,54243,37997,200
degree,0.15,322,54357,37982,200
degree,0.15,323,54394,38367,200
degree,0.15,324,54218,38492,200
degree,0.15,325,54148,38176,200
degree,0.15,326,54212,37780,200
degree,0.15,327,54379,38277,200
degree,0.15,328,54415,38771,200
degree,0.15,329,54377,38475,200
degree,0.15,330,54325,38083,200
degree,0.15,331,54150,38537,200
degree,0.15,332,54318,38038,200
degree,0.15,333,54301,38205,200
degree,0.15,334,54476,37905,200
degree,0.15,335,54293,38200,200
degree,0.15,336,54438,38190,200
degree,0.15,337,54088,38082,200
degree,0.15,338,54184,37988,200
degree,0.15,339,54395,39107,200
degree,0.15,340,54156,38379,200
degree,0.15,341,54230,38029,200
degree,0.15,342,54261,38378,200
degree,0.15,343,54150,37922,200
degree,0.15,344,54295,38641,200
degree,0.15,345,54264,38140,200
degree,0.15,346,54420,38176,200
degree,0.15,347,54378,38280,200
degree,0.15,348,54169,38490,200
degree,0.15,349,54287,38357,200
degree,0.15,350,54243,38699,200
degree,0.15,351,54319,38225,200
degree,0.15,352,54413,37837,200
degree,0.15,353,54147,38711,200
degree,0.15,354,54328,38287,200
degree,0.15,355,54478,38050,200
degree,0.15,356,54273,38141,200
degree,0.15,357,54059,38396,200
degree,0.15,358,54267,38591,200
degree,0.15,359,54446,38519,200
degree,0.15,360,54380,38006,200
degree,0.15,361,54420,38299,200
degree,0.15,362,54374,38038,200
degree,0.15,363,54253,38636,200
degree,0.15,364,54044,38145,200
degree,0.15,365,54134,37982,200
degree,0.15,366,54234,38320,200
degree,0.15,367,53975,38424,200
degree,0.15,368,54308,38188,200
degree,0.15,369,53880,37917,200
degree,0.15,370,54299,38329,200
degree,0.15,371,54259,38499,200
degree,0.15,372,54215,38175,200
degree,0.15,373,54426,38817,200
degree,0.15,374,54384,38460,200
degree,0.15,375,54180,38472,200
degree,0.15,376,54485,38641,200
degree,0.15,377,54338,38306,200
degree,0.15,378,54043,38291,200
degree,0.15,379,54354,38219,200
degree,0.15,380,54182,38278,200
degree,0.15,381,54425,38567,200
degree,0.15,382,54294,37977,200
degree,0.15,383,54052,37996,200
degree,0.15,384,54114,38152,200
degree,0.15,385,54163,37932,200
degree,0.15,386,54315,38161,200
degree,0.15,387,54511,38045,200
degree,0.15,388,54336,38385,200
degree,0.15,389,54294,38185,200
degree,0.15,390,54341,38083,200
degree,0.15,391,54264,38112,200
degree,0.15,392,54366,38195,200
degree,0.15,393,54307,38764,200
degree,0.15,394,54306,37832,200
degree,0.15,395,54332,38079,200
degree,0.15,396,54110,38324,200
degree,0.15,397,54190,38402,200
degree,0.15,398,54318,38156,200
degree,0.15,399,54421,38837,200
degree,0.15,400,54174,37845,200
degree,0.15,401,54358,38420,200
degree,0.15,402,54013,37878,200
degree,0.15,403,54448,38763,200
degree,0.15,404,54444,38555,200
degree,0.15,405,54232,37944,200
degree,0.15,406,54442,38714,200
degree,0.15,407,54287,38199,200
degree,0.15,408,54363,38029,200
degree,0.15,409,54420,38304,200
degree,0.15,410,53922,38225,200
degree,0.15,411,54486,38074,200
degree,0.15,412,54420,38259,200
degree,0.15,413,54483,38396,200
degree,0.15,414,54186,38847,200
degree,0.15,415,54327,38364,200
degree,0.15,416,54175,38554,200
degree,0.15,417,54317,38620,200
degree,0.15,418,54192,38317,200
degree,0.15,419,54249,38402,200
degree,0.15,420,54380,38260,200
degree,0.15,421,54312,38495,200
degree,0.15,422,54437,38385,200
degree,0.15,423,54359,37991,200
degree,0.15,424,54225,38296,200
degree,0.15,425,54227,38248,200
degree,0.15,426,54353,37973,200
degree,0.15,427,54093,37568,200
degree,0.15,428,54263,38092,200
degree,0.15,429,54308,37934,200
degree,0.15,430,54461,38338,200
degree,0.15,431,54203,37808,200
degree,0.15,432,54330,37702,200
degree,0.15,433,54341,38458,200
degree,0.15,434,54316,38024,200
degree,0.15,435,54377,38278,200
degree,0.15,436,54223,38075,200
degree,0.15,437,54246,38209,200
degree,0.15,438,54402,38525,200
degree,0.15,439,54310,38128,200
degree,0.15,440,54039,38167,200
degree,0.15,441,54434,38337,200
degree,0.15,442,54482,38169,200
degree,0.15,443,54488,38393,200
degree,0.15,444,54373,38296,200
degree,0.15,445,54083,37791,200
degree,0.15,446,54086,37896,200
degree,0.15,447,54357,38108,200
degree,0.15,448,54302,38185,200
degree,0.15,449,54414,38165,200
degree,0.15,450,54282,38024,200
degree,0.15,451,54363,38344,200
degree,0.15,452,54355,38077,200
degree,0.15,453,54354,38093,200
degree,0.15,454,54411,38079,200
degree,0.15,455,54039,38069,200
degree,0.15,456,54300,38377,200
degree,0.15,457,54342,38572,200
degree,0.15,458,54213,38012,200
degree,0.15,459,54291,38534,200
degree,0.15,460,54335,38311,200
degree,0.15,461,54279,38001,200
degree,0.15,462,54332,37904,200
degree,0.15,463,54302,38478,200
degree,0.15,464,54377,38682,200
degree,0.15,465,54346,38558,200
degree,0.15,466,54306,38363,200
degree,0.15,467,54050,38383,200
degree,0.15,468,54199,38105,200
degree,0.15,469,54392,38470,200
degree,0.15,470,54250,38058,200
degree,0.15,471,54296,37970,200
degree,0.15,472,54286,37944,200
degree,0.15,473,54035,37956,200
degree,0.15,474,54466,38198,200
degree,0.15,475,54044,38151,200
degree,0.15,476,54316,38282,200
degree,0.15,477,54422,38494,200
degree,0.15,478,54564,38321,200
degree,0.15,479,54333,38507,200
degree,0.15,480,54196,38393,200
degree,0.15,481,54395,38586,200
degree,0.15,482,54233,38457,200
degree,0.15,483,54400,38439,200
degree,0.15,484,54272,38576,200
degree,0.15,485,54332,37995,200
degree,0.15,486,54353,38132,200
degree,0.15,487,54255,38181,200
degree,0.15,488,54327,38589,200
degree,0.15,489,54009,38151,200
degree,0.15,490,54126,38076,200
degree,0.15,491,54264,38300,200
degree,0.15,492,54253,38123,200
degree,0.15,493,54404,38491,200
degree,0.15,494,54188,37901,200
degree,0.15,495,54317,38379,200
degree,0.15,496,54380,38288,200
degree,0.15,497,54322,38259,200
degree,0.15,498,54450,38559,200
degree,0.15,499,54284,38320,200
degree,0.2,0,46187,29310,200
degree,0.2,1,46042,29485,200
degree,0.2,2,46287,29645,200
degree,0.2,3,46296,29572,200
degree,0.2,4,46336,29276,200
degree,0.2,5,46310,28987,200
degree,0.2,6,46319,29703,200
degree,0.2,7,46260,29170,200
degree,0.2,8,46094,29181,200
degree,0.2,9,46579,29651,200
degree,0.2,10,36163,28628,200
degree,0.2,11,46522,29048,200
degree,0.2,12,46330,29671,200
degree,0.2,13,46291,29530,200
degree,0.2,14,46626,29888,200
degree,0.2,15,46241,29437,200
degree,0.2,16,46014,29213,200
degree,0.2,17,46194,29703,200
degree,0.2,18,46467,30144,200
degree,0.2,19,46522,29475,200
degree,0.2,20,46445,29797,200
degree,0.2,21,46016,29464,200
degree,0.2,22,46226,29475,200
degree,0.2,23,46360,29495,200
degree,0.2,24,46456,29773,200
degree,0.2,25,46087,29393,200
degree,0.2,26,46220,29326,200
degree,0.2,27,46398,29052,200
degree,0.2,28,46424,29307,200
degree,0.2,29,46032,29958,200
degree,0.2,30,46682,29175,200
degree,0.2,31,46173,29891,200
degree,0.2,32,46258,29769,200
degree,0.2,33,46308,29395,200
degree,0.2,34,46579,29791,200
degree,0.2,35,46347,29379,200
degree,0.2,36,46354,29579,200
degree,0.2,37,46495,30016,200
degree,0.2,38,6,6,200
degree,0.2,39,46323,30367,200
degree,0.2,40,46568,29475,200
degree,0.2,41,46446,29436,200
degree,0.2,42,46357,29862,200
degree,0.2,43,46576,29404,200
degree,0.2,44,45841,29023,200
degree,0.2,45,46379,29600,200
degree,0.2,46,45863,29771,200
degree,0.2,47,46305,29379,200
degree,0.2,48,46285,29781,200
degree,0.2,49,46296,29805,200
degree,0.2,50,46172,29026,200
degree,0.2,51,46562,29121,200
degree,0.2,52,46405,29909,200
degree,0.2,53,46413,29768,200
degree,0.2,54,46168,29465,200
degree,0.2,55,46315,29700,200
degree,0.2,56,46473,29543,200
degree,0.2,57,46492,29872,200
degree,0.2,58,46171,29425,200
degree,0.2,59,46414,29901,200
degree,0.2,60,25,17,200
degree,0.2,61,46374,29149,200
degree,0.2,62,46313,29497,200
degree,0.2,63,46341,29716,200
degree,0.2,64,46377,29143,200
degree,0.2,65,46110,29532,200
degree,0.2,66,46546,30029,200
degree,0.2,67,46351,29441,200
degree,0.2,68,25,17,200
degree,0.2,69,46135,29611,200
degree,0.2,70,46387,29511,200
degree,0.2,71,46501,29574,200
degree,0.2,72,46497,29877,200
degree,0.2,73,46232,29698,200
degree,0.2,74,46089,29663,200
degree,0.2,75,46065,29421,200
degree,0.2,76,46290,29670,200
degree,0.2,77,46160,29413,200
degree,0.2,78,46180,29372,200
degree,0.2,79,46572,29947,200
degree,0.2,80,46428,30053,200
degree,0.2,81,46314,29901,200
degree,0.2,82,46342,29148,200
degree,0.2,83,46701,30082,200
degree,0.2,84,46241,29581,200
degree,0.2,85,46323,29365,200
degree,0.2,86,46152,29785,200
degree,0.2,87,45919,29287,200
degree,0.2,88,46088,29837,200
degree,0.2,89,46249,29699,200
degree,0.2,90,46477,29744,200
degree,0.2,91,46210,29983,200
degree,0.2,92,46125,29725,200
degree,0.2,93,46544,29991,200
degree,0.2,94,45698,29351,200
degree,0.2,95,46210,29761,200
degree,0.2,96,46382,30281,200
degree,0.2,97,46726,29994,200
degree,0.2,98,46321,29592,200
degree,0.2,99,46439,29224,200
degree,0.2,100,46530,29685,200
degree,0.2,101,46467,29334,200
degree,0.2,102,46574,30278,200
degree,0.2,103,46249,28956,200
degree,0.2,104,46155,29409,200
degree,0.2,105,46599,29858,200
degree,0.2,106,46444,29050,200
degree,0.2,107,46595,29551,200
degree,0.2,108,46318,29407,200
degree,0.2,109,46437,29120,200
degree,0.2,110,46454,29523,200
degree,0.2,111,46255,29488,200
degree,0.2,112,46505,29689,200
degree,0.2,113,46408,29802,200
degree,0.2,114,46512,29383,200
degree,0.2,115,46644,29684,200
degree,0.2,116,46419,29166,200
degree,0.2,117,46071,29499,200
degree,0.2,118,46258,29362,200
degree,0.2,119,46432,29231,200
degree,0.2,120,46313,29398,200
degree,0.2,121,46548,29623,200
degree,0.2,122,46710,29928,200
degree,0.2,123,46366,29121,200
degree,0.2,124,46414,29377,200
degree,0.2,125,45992,29270,200
degree,0.2,126,46324,29547,200
degree,0.2,127,45950,29564,200
degree,0.2,128,46264,29548,200
degree,0.2,129,46298,29655,200
degree,0.2,130,46187,29248,200
degree,0.2,131,46381,29663,200
degree,0.2,132,46575,29490,200
degree,0.2,133,46409,30156,200
degree,0.2,134,46178,29449,200
degree,0.2,135,46556,30054,200
degree,0.2,136,46316,29438,200
degree,0.2,137,46506,29410,200
degree,0.2,138,46265,29695,200
degree,0.2,139,46500,29541,200
degree,0.2,140,46191,29454,200
degree,0.2,141,46436,29354,200
degree,0.2,142,46299,29415,200
degree,0.2,143,46231,29604,200
degree,0.2,144,46503,29488,200
degree,0.2,145,46341,29423,200
degree,0.2,146,46027,29764,200
degree,0.2,147,46196,29806,200
degree,0.2,148,46196,29675,200
degree,0.2,149,46509,29655,200
degree,0.2,150,46201,29418,200
degree,0.2,151,46257,29979,200
degree,0.2,152,46425,30084,200
degree,0.2,153,46595,29638,200
degree,0.2,154,45978,29119,200
degree,0.2,155,46078,29011,200
degree,0.2,156,46100,29189,200
degree,0.2,157,46338,29778,200
degree,0.2,158,46511,30009,200
degree,0.2,159,46264,29243,200
degree,0.2,160,46499,29906,200
degree,0.2,161,46409,29908,200
degree,0.2,162,46645,29651,200
degree,0.2,163,46513,29484,200
degree,0.2,164,46311,29774,200
degree,0.2,165,45910,29269,200
degree,0.2,166,46412,30015,200
degree,0.2,167,46554,29833,200
degree,0.2,168,46197,29269,200
degree,0.2,169,46372,29332,200
degree,0.2,170,46047,29734,200
degree,0.2,171,46244,29819,200
degree,0.2,172,46409,29502,200
degree,0.2,173,46407,29422,200
degree,0.2,174,46214,29736,200
degree,0.2,175,46304,29876,200
degree,0.2,176,46072,29355,200
degree,0.2,177,46238,29942,200
degree,0.2,178,46497,29468,200
degree,0.2,179,46406,29498,200
degree,0.2,180,46197,29774,200
degree,0.2,181,46377,29857,200
degree,0.2,182,46280,29643,200
degree,0.2,183,46258,29475,200
degree,0.2,184,46470,30078,200
degree,0.2,185,46179,29334,200
degree,0.2,186,46473,29276,200
degree,0.2,187,46559,29538,200
degree,0.2,188,46345,29397,200
degree,0.2,189,46596,29870,200
degree,0.2,190,46574,29944,200
degree,0.2,191,46309,28929,200
degree,0.2,192,46262,29653,200
degree,0.2,193,46484,29797,200
degree,0.2,194,46504,30179,200
degree,0.2,195,46300,29619,200
degree,0.2,196,46280,29275,200
degree,0.2,197,46256,29848,200
degree,0.2,198,46603,29621,200
degree,0.2,199,46168,29564,200
degree,0.2,200,46494,29730,200
degree,0.2,201,46577,29379,200
degree,0.2,202,46243,29563,200
degree,0.2,203,46398,29609,200
degree,0.2,204,46286,29814,200
degree,0.2,205,46205,29985,200
degree,0.2,206,46535,30327,200
degree,0.2,207,46391,29639,200
degree,0.2,208,46090,29716,200
degree,0.2,209,46634,29859,200
degree,0.2,210,46421,29658,200
degree,0.2,211,46343,29364,200
degree,0.2,212,46469,29770,200
degree,0.2,213,46217,29551,200
degree,0.2,214,46291,29815,200
degree,0.2,215,46662,29567,200
degree,0.2,216,46380,29814,200
degree,0.2,217,46125,29305,200
degree,0.2,218,46444,29868,200
degree,0.2,219,46400,29468,200
degree,0.2,220,46250,29660,200
degree,0.2,221,46531,29560,200
degree,0.2,222,46179,29544,200
degree,0.2,223,46425,29714,200
degree,0.2,224,46247,28770,200
degree,0.2,225,46451,29580,200
degree,0.2,226,46312,29662,200
degree,0.2,227,46429,29441,200
degree,0.2,228,46015,29652,200
degree,0.2,229,46426,29165,200
degree,0.2,230,46385,29594,200
degree,0.2,231,46432,29682,200
degree,0.2,232,46301,29363,200
degree,0.2,233,46624,29859,200
degree,0.2,234,46648,29579,200
degree,0.2,235,46271,29360,200
degree,0.2,236,46585,29758,200
degree,0.2,237,46373,30023,200
degree,0.2,238,46506,29295,200
degree,0.2,239,46611,29805,200
degree,0.2,240,46467,29830,200
degree,0.2,241,46114,29483,200
degree,0.2,242,46587,29735,200
degree,0.2,243,46474,29712,200
degree,0.2,244,46579,29614,200
degree,0.2,245,46063,29554,200
degree,0.2,246,46117,29521,200
degree,0.2,247,46492,29279,200
degree,0.2,248,46227,29414,200
degree,0.2,249,46415,29438,200
degree,0.2,250,46460,29834,200
degree,0.2,251,46383,29375,200
degree,0.2,252,46323,29441,200
degree,0.2,253,45908,29305,200
degree,0.2,254,46455,29493,200
degree,0.2,255,46428,29781,200
degree,0.2,256,46185,29665,200
degree,0.2,257,46304,29976,200
degree,0.2,258,46323,28831,200
degree,0.2,259,46273,29398,200
degree,0.2,260,46516,29928,200
degree,0.2,261,46393,29184,200
degree,0.2,262,46456,29861,200
degree,0.2,263,46368,30057,200
degree,0.2,264,46398,29909,200
degree,0.2,265,46374,29532,200
degree,0.2,266,46185,29831,200
degree,0.2,267,46464,29207,200
degree,0.2,268,46257,29549,200
degree,0.2,269,46439,28867,200
degree,0.2,270,46453,29674,200
degree,0.2,271,46162,29441,200
degree,0.2,272,46717,30033,200
degree,0.2,273,46142,29321,200
degree,0.2,274,46229,29793,200
degree,0.2,275,46441,29264,200
degree,0.2,276,46601,29339,200
degree,0.2,277,46597,29702,200
degree,0.2,278,46507,29937,200
degree,0.2,279,46543,29936,200
degree,0.2,280,46161,29618,200
degree,0.2,281,46092,29118,200
degree,0.2,282,46278,29775,200
degree,0.2,283,46218,30357,200
degree,0.2,284,46295,29324,200
degree,0.2,285,46052,29723,200
degree,0.2,286,45916,29291,200
degree,0.2,287,46074,29502,200
degree,0.2,288,46417,29656,200
degree,0.2,289,46360,29647,200
degree,0.2,290,46338,29442,200
degree,0.2,291,46333,29470,200
degree,0.2,292,46275,29459,200
degree,0.2,293,46520,29859,200
degree,0.2,294,46410,29741,200
degree,0.2,295,46497,29587,200
degree,0.2,296,46262,29279,200
degree,0.2,297,46441,30148,200
degree,0.2,298,46248,29312,200
degree,0.2,299,46169,29373,200
degree,0.2,300,46447,29569,200
degree,0.2,301,46335,29727,200
degree,0.2,302,46388,29460,200
degree,0.2,303,46127,29669,200
degree,0.2,304,46561,29396,200
degree,0.2,305,46233,29837,200
degree,0.2,306,46262,29245,200
degree,0.2,307,46098,29127,200
degree,0.2,308,46406,29397,200
degree,0.2,309,46531,29363,200
degree,0.2,310,46578,29101,200
degree,0.2,311,46558,29491,200
degree,0.2,312,46235,29992,200
degree,0.2,313,46459,29621,200
degree,0.2,314,46481,29677,200
degree,0.2,315,46218,29529,200
degree,0.2,316,46298,29305,200
degree,0.2,317,45946,29293,200
degree,0.2,318,46376,29513,200
degree,0.2,319,46535,29516,200
degree,0.2,320,46201,29983,200
degree,0.2,321,46140,29118,200
degree,0.2,322,46578,29678,200
degree,0.2,323,46658,29187,200
degree,0.2,324,46589,29758,200
degree,0.2,325,46419,29607,200
degree,0.2,326,46374,29632,200
degree,0.2,327,46430,29604,200
degree,0.2,328,46134,29762,200
degree,0.2,329,46570,29832,200
degree,0.2,330,46461,30001,200
degree,0.2,331,46174,29486,200
degree,0.2,332,46431,29762,200
degree,0.2,333,46576,29836,200
degree,0.2,334,46056,28908,200
degree,0.2,335,46502,29981,200
degree,0.2,336,46349,29588,200
degree,0.2,337,46217,29925,200
degree,0.2,338,46227,29092,200
degree,0.2,339,46338,29624,200
degree,0.2,340,46228,29360,200
degree,0.2,341,46276,29791,200
degree,0.2,342,46425,29458,200
degree,0.2,343,46371,29389,200
degree,0.2,344,46219,28493,200
degree,0.2,345,46475,29600,200
degree,0.2,346,46527,29639,200
degree,0.2,347,46279,29453,200
degree,0.2,348,46506,29405,200
degree,0.2,349,46425,29887,200
degree,0.2,350,46570,29673,200
degree,0.2,351,46273,29378,200
degree,0.2,352,46216,29746,200
degree,0.2,353,46114,29582,200
degree,0.2,354,46630,29749,200
degree,0.2,355,46484,29312,200
degree,0.2,356,46039,29322,200
degree,0.2,357,46207,29507,200
degree,0.2,358,46101,29434,200
degree,0.2,359,46197,29547,200
degree,0.2,360,46209,29523,200
degree,0.2,361,46155,29083,200
degree,0.2,362,46444,29619,200
degree,0.2,363,46437,29870,200
degree,0.2,364,46214,29452,200
degree,0.2,365,46402,29641,200
degree,0.2,366,46473,29250,200
degree,0.2,367,46518,29867,200
degree,0.2,368,46635,29398,200
degree,0.2,369,46429,30333,200
degree,0.2,370,46346,29516,200
degree,0.2,371,46386,29674,200
degree,0.2,372,45983,29724,200
degree,0.2,373,46149,29359,200
degree,0.2,374,45996,29577,200
degree,0.2,375,46342,29557,200
degree,0.2,376,46359,30051,200
degree,0.2,377,46432,29669,200
degree,0.2,378,46571,29948,200
degree,0.2,379,46531,29551,200
degree,0.2,380,46256,29023,200
degree,0.2,381,46309,28904,200
degree,0.2,382,46380,29409,200
degree,0.2,383,46256,29592,200
degree,0.2,384,46432,30086,200
degree,0.2,385,46356,29342,200
degree,0.2,386,46661,29944,200
degree,0.2,387,46351,29423,200
degree,0.2,388,46014,29441,200
degree,0.2,389,46397,29566,200
degree,0.2,390,45989,29461,200
degree,0.2,391,46423,29865,200
degree,0.2,392,46659,29938,200
degree,0.2,393,45385,29493,200
degree,0.2,394,46545,30212,200
degree,0.2,395,46243,29470,200
degree,0.2,396,46494,29533,200
degree,0.2,397,46416,29350,200
degree,0.2,398,46141,29179,200
degree,0.2,399,46362,29394,200
degree,0.2,400,46045,29554,200
degree,0.2,401,46416,30032,200
degree,0.2,402,46374,29518,200
degree,0.2,403,46448,29568,200
degree,0.2,404,46596,29514,200
degree,0.2,405,46206,29653,200
degree,0.2,406,46655,29452,200
degree,0.2,407,46475,29376,200
degree,0.2,408,46033,29085,200
degree,0.2,409,46429,29934,200
degree,0.2,410,43385,29715,200
degree,0.2,411,46234,29207,200
degree,0.2,412,45993,29168,200
degree,0.2,413,46307,29760,200
degree,0.2,414,46175,29562,200
degree,0.2,415,46096,29181,200
degree,0.2,416,46387,30095,200
degree,0.2,417,46137,29513,200
degree,0.2,418,46388,29948,200
degree,0.2,419,46367,29589,200
degree,0.2,420,46434,29462,200
degree,0.2,421,46387,29537,200
degree,0.2,422,46445,29633,200
degree,0.2,423,46263,29830,200
degree,0.2,424,46506,29751,200
degree,0.2,425,46254,29476,200
degree,0.2,426,46355,29727,200
degree,0.2,427,46469,29603,200
degree,0.2,428,46508,29608,200
degree,0.2,429,46041,30024,200
degree,0.2,430,46093,29925,200
degree,0.2,431,46384,28879,200
degree,0.2,432,46319,29444,200
degree,0.2,433,46539,29980,200
degree,0.2,434,46081,29756,200
degree,0.2,435,46663,29531,200
degree,0.2,436,46289,30084,200
degree,0.2,437,46373,29627,200
degree,0.2,438,46368,29444,200
degree,0.2,439,46293,29403,200
degree,0.2,440,46206,29666,200
degree,0.2,441,46320,29768,200
degree,0.2,442,46561,29140,200
degree,0.2,443,46502,29709,200
degree,0.2,444,46582,29164,200
degree,0.2,445,46551,29272,200
degree,0.2,446,46597,29494,200
degree,0.2,447,45897,29567,200
degree,0.2,448,46425,30071,200
degree,0.2,449,46405,29748,200
degree,0.2,450,46576,29695,200
degree,0.2,451,46280,29263,200
degree,0.2,452,46027,29715,200
degree,0.2,453,46317,29602,200
degree,0.2,454,46120,29493,200
degree,0.2,455,46648,29868,200
degree,0.2,456,46265,29438,200
degree,0.2,457,46270,29904,200
degree,0.2,458,46248,29882,200
degree,0.2,459,46231,29396,200
degree,0.2,460,46568,29650,200
degree,0.2,461,46326,29363,200
degree,0.2,462,46274,30215,200
degree,0.2,463,46292,29510,200
degree,0.2,464,45992,29214,200
degree,0.2,465,46580,29758,200
degree,0.2,466,46212,29584,200
degree,0.2,467,46099,29395,200
degree,0.2,468,46362,29196,200
degree,0.2,469,46541,30003,200
degree,0.2,470,46396,29429,200
degree,0.2,471,46435,30087,200
degree,0.2,472,46764,29871,200
degree,0.2,473,46454,29944,200
degree,0.2,474,46418,28855,200
degree,0.2,475,46448,30173,200
degree,0.2,476,46125,29886,200
degree,0.2,477,46489,29394,200
degree,0.2,478,46213,29412,200
degree,0.2,479,46283,29534,200
degree,0.2,480,46024,29881,200
degree,0.2,481,46167,29447,200
degree,0.2,482,46178,29379,200
degree,0.2,483,46442,30008,200
degree,0.2,484,46341,29944,200
degree,0.2,485,46256,30128,200
degree,0.2,486,46214,29662,200
degree,0.2,487,46414,29545,200
degree,0.2,488,46363,29052,200
degree,0.2,489,46301,29796,200
degree,0.2,490,46348,30029,200
degree,0.2,491,46364,29740,200
degree,0.2,492,46080,28906,200
degree,0.2,493,46353,29674,200
degree,0.2,494,46266,28943,200
degree,0.2,495,46346,29700,200
degree,0.2,496,46389,30180,200
degree,0.2,497,46494,29752,200
degree,0.2,498,46333,29431,200
degree,0.2,499,46618,29461,200
betweenness_approx,0.01,0,75004,61069,200
betweenness_approx,0.01,1,75106,61115,200
betweenness_approx,0.01,2,75104,61237,200
betweenness_approx,0.01,3,75014,61383,200
betweenness_approx,0.01,4,74907,60923,200
betweenness_approx,0.01,5,75064,61018,200
betweenness_approx,0.01,6,75008,61358,200
betweenness_approx,0.01,7,74973,61074,200
betweenness_approx,0.01,8,74816,61018,200
betweenness_approx,0.01,9,75136,61127,200
betweenness_approx,0.01,10,74986,61078,200
betweenness_approx,0.01,11,75060,61235,200
betweenness_approx,0.01,12,74998,61192,200
betweenness_approx,0.01,13,74984,61161,200
betweenness_approx,0.01,14,74990,60956,200
betweenness_approx,0.01,15,75068,61079,200
betweenness_approx,0.01,16,74996,61267,200
betweenness_approx,0.01,17,75077,61188,200
betweenness_approx,0.01,18,75042,61125,200
betweenness_approx,0.01,19,75069,61232,200
betweenness_approx,0.01,20,75022,61227,200
betweenness_approx,0.01,21,74837,60873,200
betweenness_approx,0.01,22,75021,60918,200
betweenness_approx,0.01,23,74970,60947,200
betweenness_approx,0.01,24,75077,61172,200
betweenness_approx,0.01,25,75029,61085,200
betweenness_approx,0.01,26,75109,61073,200
betweenness_approx,0.01,27,75048,61099,200
betweenness_approx,0.01,28,75046,61013,200
betweenness_approx,0.01,29,74992,60958,200
betweenness_approx,0.01,30,74872,61137,200
betweenness_approx,0.01,31,74937,61334,200
betweenness_approx,0.01,32,74960,60943,200
betweenness_approx,0.01,33,74890,60959,200
betweenness_approx,0.01,34,75059,61275,200
betweenness_approx,0.01,35,74985,60979,200
betweenness_approx,0.01,36,75035,61183,200
betweenness_approx,0.01,37,74942,61236,200
betweenness_approx,0.01,38,75020,61287,200
betweenness_approx,0.01,39,74937,61088,200
betweenness_approx,0.01,40,75102,61050,200
betweenness_approx,0.01,41,75067,61081,200
betweenness_approx,0.01,42,75042,61213,200
betweenness_approx,0.01,43,74903,60832,200
betweenness_approx,0.01,44,74955,61177,200
betweenness_approx,0.01,45,75034,61343,200
betweenness_approx,0.01,46,74904,60845,200
betweenness_approx,0.01,47,75086,61171,200
betweenness_approx,0.01,48,75058,61273,200
betweenness_approx,0.01,49,74996,61138,200
betweenness_approx,0.01,50,75062,61197,200
betweenness_approx,0.01,51,74942,60935,200
betweenness_approx,0.01,52,75000,60980,200
betweenness_approx,0.01,53,74935,61069,200
betweenness_approx,0.01,54,74993,61034,200
betweenness_approx,0.01,55,74924,61106,200
betweenness_approx,0.01,56,74954,60936,200
betweenness_approx,0.01,57,75103,61098,200
betweenness_approx,0.01,58,75049,61118,200
betweenness_approx,0.01,59,75128,60953,200
betweenness_approx,0.01,60,75151,60908,200
betweenness_approx,0.01,61,75086,60972,200
betweenness_approx,0.01,62,74973,60988,200
betweenness_approx,0.01,63,75034,61357,200
betweenness_approx,0.01,64,75123,61406,200
betweenness_approx,0.01,65,74954,61216,200
betweenness_approx,0.01,66,75005,61197,200
betweenness_approx,0.01,67,75035,61000,200
betweenness_approx,0.01,68,74986,61157,200
betweenness_approx,0.01,69,75082,61345,200
betweenness_approx,0.01,70,74872,61015,200
betweenness_approx,0.01,71,75036,61115,200
betweenness_approx,0.01,72,74984,61100,200
betweenness_approx,0.01,73,75191,61391,200
betweenness_approx,0.01,74,75100,60985,200
betweenness_approx,0.01,75,74975,61192,200
betweenness_approx,0.01,76,75079,61172,200
betweenness_approx,0.01,77,75189,61353,200
betweenness_approx,0.01,78,75061,61101,200
betweenness_approx,0.01,79,75023,61057,200
betweenness_approx,0.01,80,75098,60970,200
betweenness_approx,0.01,81,74877,61079,200
betweenness_approx,0.01,82,75085,61154,200
betweenness_approx,0.01,83,75142,61190,200
betweenness_approx,0.01,84,75097,61244,200
betweenness_approx,0.01,85,74982,60954,200
betweenness_approx,0.01,86,75005,60899,200
betweenness_approx,0.01,87,75055,61400,200
betweenness_approx,0.01,88,75125,61282,200
betweenness_approx,0.01,89,75029,61072,200
betweenness_approx,0.01,90,74963,61153,200
betweenness_approx,0.01,91,75110,61050,200
betweenness_approx,0.01,92,75008,60746,200
betweenness_approx,0.01,93,75201,61294,200
betweenness_approx,0.01,94,75186,61100,200
betweenness_approx,0.01,95,75044,60776,200
betweenness_approx,0.01,96,75003,60919,200
betweenness_approx,0.01,97,75070,61470,200
betweenness_approx,0.01,98,74940,60980,200
betweenness_approx,0.01,99,74975,61183,200
betweenness_approx,0.01,100,75062,61314,200
betweenness_approx,0.01,101,75031,61024,200
betweenness_approx,0.01,102,75076,60898,200
betweenness_approx,0.01,103,75066,61166,200
betweenness_approx,0.01,104,75026,61061,200
betweenness_approx,0.01,105,75047,61104,200
betweenness_approx,0.01,106,74959,61122,200
betweenness_approx,0.01,107,75047,61298,200
betweenness_approx,0.01,108,75070,61093,200
betweenness_approx,0.01,109,75107,61310,200
betweenness_approx,0.01,110,75092,61150,200
betweenness_approx,0.01,111,74947,61056,200
betweenness_approx,0.01,112,75163,61510,200
betweenness_approx,0.01,113,75045,61186,200
betweenness_approx,0.01,114,75091,61212,200
betweenness_approx,0.01,115,75095,61302,200
betweenness_approx,0.01,116,75032,61025,200
betweenness_approx,0.01,117,75117,61241,200
betweenness_approx,0.01,118,74941,61295,200
betweenness_approx,0.01,119,75019,61058,200
betweenness_approx,0.01,120,75060,61229,200
betweenness_approx,0.01,121,74991,61061,200
betweenness_approx,0.01,122,75124,61229,200
betweenness_approx,0.01,123,74980,60977,200
betweenness_approx,0.01,124,75060,61376,200
betweenness_approx,0.01,125,75114,61158,200
betweenness_approx,0.01,126,75006,60879,200
betweenness_approx,0.01,127,75110,60787,200
betweenness_approx,0.01,128,74936,61024,200
betweenness_approx,0.01,129,75067,61338,200
betweenness_approx,0.01,130,74967,61425,200
betweenness_approx,0.01,131,74912,61262,200
betweenness_approx,0.01,132,74990,61191,200
betweenness_approx,0.01,133,75033,61232,200
betweenness_approx,0.01,134,75105,61071,200
betweenness_approx,0.01,135,75026,61033,200
betweenness_approx,0.01,136,75046,61358,200
betweenness_approx,0.01,137,75024,61169,200
betweenness_approx,0.01,138,75097,61024,200
betweenness_approx,0.01,139,75103,61159,200
betweenness_approx,0.01,140,75062,61037,200
betweenness_approx,0.01,141,75010,61112,200
betweenness_approx,0.01,142,75021,61203,200
betweenness_approx,0.01,143,75077,61181,200
betweenness_approx,0.01,144,75036,61200,200
betweenness_approx,0.01,145,75140,61149,200
betweenness_approx,0.01,146,75010,61188,200
betweenness_approx,0.01,147,75033,61185,200
betweenness_approx,0.01,148,75077,61190,200
betweenness_approx,0.01,149,74953,61110,200
betweenness_approx,0.01,150,75114,60983,200
betweenness_approx,0.01,151,74989,61305,200
betweenness_approx,0.01,152,75052,61245,200
betweenness_approx,0.01,153,74949,61016,200
betweenness_approx,0.01,154,75039,61018,200
betweenness_approx,0.01,155,75127,61312,200
betweenness_approx,0.01,156,74843,60954,200
betweenness_approx,0.01,157,74963,61033,200
betweenness_approx,0.01,158,75075,60907,200
betweenness_approx,0.01,159,74979,61312,200
betweenness_approx,0.01,160,75184,61227,200
betweenness_approx,0.01,161,75032,61130,200
betweenness_approx,0.01,162,75064,60928,200
betweenness_approx,0.01,163,75116,61207,200
betweenness_approx,0.01,164,74996,60946,200
betweenness_approx,0.01,165,75146,61277,200
betweenness_approx,0.01,166,75096,61148,200
betweenness_approx,0.01,167,75016,61141,200
betweenness_approx,0.01,168,74961,60906,200
betweenness_approx,0.01,169,75013,60993,200
betweenness_approx,0.01,170,74911,61080,200
betweenness_approx,0.01,171,75085,61348,200
betweenness_approx,0.01,172,74975,61023,200
betweenness_approx,0.01,173,74972,61195,200
betweenness_approx,0.01,174,74925,61086,200
betweenness_approx,0.01,175,74899,61084,200
betweenness_approx,0.01,176,74927,61095,200
betweenness_approx,0.01,177,75082,61131,200
betweenness_approx,0.01,178,74982,61023,200
betweenness_approx,0.01,179,75071,61164,200
betweenness_approx,0.01,180,75029,61286,200
betweenness_approx,0.01,181,75047,61075,200
betweenness_approx,0.01,182,75193,61217,200
betweenness_approx,0.01,183,74946,61149,200
betweenness_approx,0.01,184,74965,61075,200
betweenness_approx,0.01,185,75162,61125,200
betweenness_approx,0.01,186,75136,61002,200
betweenness_approx,0.01,187,75124,61133,200
betweenness_approx,0.01,188,74992,61046,200
betweenness_approx,0.01,189,75016,61207,200
betweenness_approx,0.01,190,75092,61062,200
betweenness_approx,0.01,191,75021,61265,200
betweenness_approx,0.01,192,75055,61143,200
betweenness_approx,0.01,193,75023,60792,200
betweenness_approx,0.01,194,75137,61049,200
betweenness_approx,0.01,195,75114,61117,200
betweenness_approx,0.01,196,75099,61136,200
betweenness_approx,0.01,197,74941,61216,200
betweenness_approx,0.01,198,75217,61225,200
betweenness_approx,0.01,199,74859,61105,200
betweenness_approx,0.01,200,75099,61346,200
betweenness_approx,0.01,201,74997,61225,200
betweenness_approx,0.01,202,75046,61180,200
betweenness_approx,0.01,203,75185,61456,200
betweenness_approx,0.01,204,74998,61090,200
betweenness_approx,0.01,205,74979,61108,200
betweenness_approx,0.01,206,75087,61347,200
betweenness_approx,0.01,207,75067,60834,200
betweenness_approx,0.01,208,75148,61117,200
betweenness_approx,0.01,209,75092,61107,200
betweenness_approx,0.01,210,75078,61331,200
betweenness_approx,0.01,211,75040,61303,200
betweenness_approx,0.01,212,74972,61179,200
betweenness_approx,0.01,213,75003,61060,200
betweenness_approx,0.01,214,75074,61120,200
betweenness_approx,0.01,215,74937,60984,200
betweenness_approx,0.01,216,74947,61226,200
betweenness_approx,0.01,217,75019,61214,200
betweenness_approx,0.01,218,75022,61402,200
betweenness_approx,0.01,219,74908,60881,200
betweenness_approx,0.01,220,75040,61207,200
betweenness_approx,0.01,221,75020,61060,200
betweenness_approx,0.01,222,74934,60855,200
betweenness_approx,0.01,223,75003,60927,200
betweenness_approx,0.01,224,75040,61218,200
betweenness_approx,0.01,225,74975,61074,200
betweenness_approx,0.01,226,74883,60904,200
betweenness_approx,0.01,227,74962,61206,200
betweenness_approx,0.01,228,74991,61024,200
betweenness_approx,0.01,229,75139,61136,200
betweenness_approx,0.01,230,74898,60961,200
betweenness_approx,0.01,231,75070,61347,200
betweenness_approx,0.01,232,75082,61392,200
betweenness_approx,0.01,233,75065,61014,200
betweenness_approx,0.01,234,75114,60974,200
betweenness_approx,0.01,235,75035,60954,200
betweenness_approx,0.01,236,74976,60927,200
betweenness_approx,0.01,237,75095,61235,200
betweenness_approx,0.01,238,75151,60962,200
betweenness_approx,0.01,239,74946,61084,200
betweenness_approx,0.01,240,75111,61291,200
betweenness_approx,0.01,241,74933,61043,200
betweenness_approx,0.01,242,74983,61016,200
betweenness_approx,0.01,243,75057,61121,200
betweenness_approx,0.01,244,74980,61019,200
betweenness_approx,0.01,245,75137,61190,200
betweenness_approx,0.01,246,75087,61011,200
betweenness_approx,0.01,247,74858,60809,200
betweenness_approx,0.01,248,75128,61241,200
betweenness_approx,0.01,249,75033,61150,200
betweenness_approx,0.01,250,75001,61115,200
betweenness_approx,0.01,251,75129,61090,200
betweenness_approx,0.01,252,75067,61208,200
betweenness_approx,0.01,253,75007,61135,200
betweenness_approx,0.01,254,74965,61117,200
betweenness_approx,0.01,255,74928,61290,200
betweenness_approx,0.01,256,74975,61150,200
betweenness_approx,0.01,257,75042,61391,200
betweenness_approx,0.01,258,75038,60995,200
betweenness_approx,0.01,259,75012,60977,200
betweenness_approx,0.01,260,75048,61124,200
betweenness_approx,0.01,261,75053,61310,200
betweenness_approx,0.01,262,75021,61034,200
betweenness_approx,0.01,263,75038,61054,200
betweenness_approx,0.01,264,75071,61006,200
betweenness_approx,0.01,265,75031,61145,200
betweenness_approx,0.01,266,74869,61285,200
betweenness_approx,0.01,267,75103,61496,200
betweenness_approx,0.01,268,75043,61009,200
betweenness_approx,0.01,269,75013,61117,200
betweenness_approx,0.01,270,74981,61202,200
betweenness_approx,0.01,271,74998,61064,200
betweenness_approx,0.01,272,75044,61141,200
betweenness_approx,0.01,273,75239,61178,200
betweenness_approx,0.01,274,75063,61401,200
betweenness_approx,0.01,275,75162,61216,200
betweenness_approx,0.01,276,75123,61104,200
betweenness_approx,0.01,277,75078,61167,200
betweenness_approx,0.01,278,75080,61211,200
betweenness_approx,0.01,279,74928,61163,200
betweenness_approx,0.01,280,74936,61003,200
betweenness_approx,0.01,281,75006,61137,200
betweenness_approx,0.01,282,75126,61069,200
betweenness_approx,0.01,283,75186,61238,200
betweenness_approx,0.01,284,74990,60869,200
betweenness_approx,0.01,285,75121,61379,200
betweenness_approx,0.01,286,74884,60939,200
betweenness_approx,0.01,287,74932,61041,200
betweenness_approx,0.01,288,75022,61123,200
betweenness_approx,0.01,289,74891,61077,200
betweenness_approx,0.01,290,75101,61041,200
betweenness_approx,0.01,291,75101,61206,200
betweenness_approx,0.01,292,75035,61004,200
betweenness_approx,0.01,293,74980,60865,200
betweenness_approx,0.01,294,75024,61083,200
betweenness_approx,0.01,295,74923,61042,200
betweenness_approx,0.01,296,75061,61097,200
betweenness_approx,0.01,297,75001,60984,200
betweenness_approx,0.01,298,74990,61038,200
betweenness_approx,0.01,299,75067,61072,200
betweenness_approx,0.01,300,74969,61129,200
betweenness_approx,0.01,301,75077,61232,200
betweenness_approx,0.01,302,75079,61203,200
betweenness_approx,0.01,303,74965,61125,200
betweenness_approx,0.01,304,75127,61022,200
betweenness_approx,0.01,305,75201,61292,200
betweenness_approx,0.01,306,74930,61200,200
betweenness_approx,0.01,307,75196,61233,200
betweenness_approx,0.01,308,75001,60953,200
betweenness_approx,0.01,309,75121,60941,200
betweenness_approx,0.01,310,74848,61122,200
betweenness_approx,0.01,311,75025,61157,200
betweenness_approx,0.01,312,75070,61032,200
betweenness_approx,0.01,313,75154,61242,200
betweenness_approx,0.01,314,75041,61185,200
betweenness_approx,0.01,315,75039,61138,200
betweenness_approx,0.01,316,75063,61024,200
betweenness_approx,0.01,317,74918,61104,200
betweenness_approx,0.01,318,75097,61117,200
betweenness_approx,0.01,319,74927,61093,200
betweenness_approx,0.01,320,75055,61133,200
betweenness_approx,0.01,321,75033,61277,200
betweenness_approx,0.01,322,75078,60972,200
betweenness_approx,0.01,323,75080,61040,200
betweenness_approx,0.01,324,74987,61090,200
betweenness_approx,0.01,325,75007,61281,200
betweenness_approx,0.01,326,75011,61018,200
betweenness_approx,0.01,327,74949,61217,200
betweenness_approx,0.01,328,75010,61276,200
betweenness_approx,0.01,329,75086,60968,200
betweenness_approx,0.01,330,74933,60988,200
betweenness_approx,0.01,331,75151,61142,200
betweenness_approx,0.01,332,75052,61174,200
betweenness_approx,0.01,333,75007,61319,200
betweenness_approx,0.01,334,75055,61025,200
betweenness_approx,0.01,335,74986,61091,200
betweenness_approx,0.01,336,75112,61118,200
betweenness_approx,0.01,337,75006,61137,200
betweenness_approx,0.01,338,75082,60944,200
betweenness_approx,0.01,339,75018,61239,200
betweenness_approx,0.01,340,75082,61136,200
betweenness_approx,0.01,341,74961,61121,200
betweenness_approx,0.01,342,75080,61259,200
betweenness_approx,0.01,343,74956,60959,200
betweenness_approx,0.01,344,75074,60924,200
betweenness_approx,0.01,345,75048,61270,200
betweenness_approx,0.01,346,74989,60922,200
betweenness_approx,0.01,347,74779,60835,200
betweenness_approx,0.01,348,75074,61022,200
betweenness_approx,0.01,349,75048,60981,200
betweenness_approx,0.01,350,75086,61112,200
betweenness_approx,0.01,351,75100,61175,200
betweenness_approx,0.01,352,74901,61023,200
betweenness_approx,0.01,353,74969,60861,200
betweenness_approx,0.01,354,75151,61381,200
betweenness_approx,0.01,355,75092,61333,200
betweenness_approx,0.01,356,75141,61100,200
betweenness_approx,0.01,357,74955,61092,200
betweenness_approx,0.01,358,75152,61186,200
betweenness_approx,0.01,359,75025,61364,200
betweenness_approx,0.01,360,75066,61005,200
betweenness_approx,0.01,361,75018,61055,200
betweenness_approx,0.01,362,75158,61271,200
betweenness_approx,0.01,363,75028,61328,200
betweenness_approx,0.01,364,74882,61012,200
betweenness_approx,0.01,365,74986,61020,200
betweenness_approx,0.01,366,75099,61252,200
betweenness_approx,0.01,367,75100,60943,200
betweenness_approx,0.01,368,74934,60955,200
betweenness_approx,0.01,369,75057,61159,200
betweenness_approx,0.01,370,75057,61209,200
betweenness_approx,0.01,371,74970,61040,200
betweenness_approx,0.01,372,75080,61225,200
betweenness_approx,0.01,373,75145,61147,200
betweenness_approx,0.01,374,74992,61041,200
betweenness_approx,0.01,375,74995,60976,200
betweenness_approx,0.01,376,75030,60989,200
betweenness_approx,0.01,377,75065,61116,200
betweenness_approx,0.01,378,75173,61419,200
betweenness_approx,0.01,379,75008,60640,200
betweenness_approx,0.01,380,74996,60922,200
betweenness_approx,0.01,381,74981,61059,200
betweenness_approx,0.01,382,75070,61161,200
betweenness_approx,0.01,383,74986,60996,200
betweenness_approx,0.01,384,75071,60868,200
betweenness_approx,0.01,385,74949,60815,200
betweenness_approx,0.01,386,74997,61056,200
betweenness_approx,0.01,387,74904,60965,200
betweenness_approx,0.01,388,75074,61267,200
betweenness_approx,0.01,389,74976,60937,200
betweenness_approx,0.01,390,75234,61364,200
betweenness_approx,0.01,391,75052,61158,200
betweenness_approx,0.01,392,74986,61214,200
betweenness_approx,0.01,393,75071,61093,200
betweenness_approx,0.01,394,75134,61181,200
betweenness_approx,0.01,395,74853,61165,200
betweenness_approx,0.01,396,74930,60924,200
betweenness_approx,0.01,397,74995,61102,200
betweenness_approx,0.01,398,74986,61264,200
betweenness_approx,0.01,399,75076,61005,200
betweenness_approx,0.01,400,75080,61261,200
betweenness_approx,0.01,401,74956,60994,200
betweenness_approx,0.01,402,74989,61149,200
betweenness_approx,0.01,403,74963,61188,200
betweenness_approx,0.01,404,74937,61316,200
betweenness_approx,0.01,405,75084,61229,200
betweenness_approx,0.01,406,74992,61281,200
betweenness_approx,0.01,407,75065,60979,200
betweenness_approx,0.01,408,74869,61367,200
betweenness_approx,0.01,409,75074,61193,200
betweenness_approx,0.01,410,74968,61124,200
betweenness_approx,0.01,411,75040,61077,200
betweenness_approx,0.01,412,75156,61365,200
betweenness_approx,0.01,413,75040,60935,200
betweenness_approx,0.01,414,75033,61049,200
betweenness_approx,0.01,415,75197,61199,200
betweenness_approx,0.01,416,75126,61332,200
betweenness_approx,0.01,417,75219,61278,200
betweenness_approx,0.01,418,75051,61273,200
betweenness_approx,0.01,419,75056,61229,200
betweenness_approx,0.01,420,74948,61044,200
betweenness_approx,0.01,421,75021,60790,200
betweenness_approx,0.01,422,74930,60954,200
betweenness_approx,0.01,423,75098,60956,200
betweenness_approx,0.01,424,75116,61169,200
betweenness_approx,0.01,425,74957,61077,200
betweenness_approx,0.01,426,74931,61125,200
betweenness_approx,0.01,427,74918,60964,200
betweenness_approx,0.01,428,74993,61254,200
betweenness_approx,0.01,429,75064,61191,200
betweenness_approx,0.01,430,75056,61173,200
betweenness_approx,0.01,431,75084,60986,200
betweenness_approx,0.01,432,75025,61068,200
betweenness_approx,0.01,433,75018,61133,200
betweenness_approx,0.01,434,75063,60757,200
betweenness_approx,0.01,435,75074,61100,200
betweenness_approx,0.01,436,74850,60966,200
betweenness_approx,0.01,437,75083,60863,200
betweenness_approx,0.01,438,75066,61022,200
betweenness_approx,0.01,439,74991,61037,200
betweenness_approx,0.01,440,75177,61156,200
betweenness_approx,0.01,441,75065,61287,200
betweenness_approx,0.01,442,75138,61220,200
betweenness_approx,0.01,443,75083,61067,200
betweenness_approx,0.01,444,75013,61283,200
betweenness_approx,0.01,445,75086,61241,200
betweenness_approx,0.01,446,75077,61004,200
betweenness_approx,0.01,447,75116,61324,200
betweenness_approx,0.01,448,75036,60934,200
betweenness_approx,0.01,449,75073,60932,200
betweenness_approx,0.01,450,75060,61283,200
betweenness_approx,0.01,451,75116,61017,200
betweenness_approx,0.01,452,74985,60904,200
betweenness_approx,0.01,453,75118,61234,200
betweenness_approx,0.01,454,74784,60976,200
betweenness_approx,0.01,455,74970,61054,200
betweenness_approx,0.01,456,75073,60945,200
betweenness_approx,0.01,457,75132,61179,200
betweenness_approx,0.01,458,75046,61123,200
betweenness_approx,0.01,459,75075,61062,200
betweenness_approx,0.01,460,75129,61417,200
betweenness_approx,0.01,461,74964,61010,200
betweenness_approx,0.01,462,75090,61307,200
betweenness_approx,0.01,463,74930,60938,200
betweenness_approx,0.01,464,74859,61068,200
betweenness_approx,0.01,465,75031,61338,200
betweenness_approx,0.01,466,75067,61205,200
betweenness_approx,0.01,467,74913,60818,200
betweenness_approx,0.01,468,75052,61081,200
betweenness_approx,0.01,469,74969,61018,200
betweenness_approx,0.01,470,74999,61078,200
betweenness_approx,0.01,471,75073,61052,200
betweenness_approx,0.01,472,74858,60962,200
betweenness_approx,0.01,473,74807,61259,200
betweenness_approx,0.01,474,75155,61170,200
betweenness_approx,0.01,475,75110,60983,200
betweenness_approx,0.01,476,74946,60858,200
betweenness_approx,0.01,477,75049,61066,200
betweenness_approx,0.01,478,74999,61032,200
betweenness_approx,0.01,479,74963,61093,200
betweenness_approx,0.01,480,74952,61027,200
betweenness_approx,0.01,481,74950,61096,200
betweenness_approx,0.01,482,75189,61363,200
betweenness_approx,0.01,483,75005,61110,200
betweenness_approx,0.01,484,75051,61381,200
betweenness_approx,0.01,485,74992,61032,200
betweenness_approx,0.01,486,75012,60864,200
betweenness_approx,0.01,487,75018,61125,200
betweenness_approx,0.01,488,75037,61134,200
betweenness_approx,0.01,489,74963,61207,200
betweenness_approx,0.01,490,74851,61001,200
betweenness_approx,0.01,491,75090,61186,200
betweenness_approx,0.01,492,75053,61108,200
betweenness_approx,0.01,493,75080,61447,200
betweenness_approx,0.01,494,74993,60788,200
betweenness_approx,0.01,495,75079,61243,200
betweenness_approx,0.01,496,75158,60913,200
betweenness_approx,0.01,497,75080,60890,200
betweenness_approx,0.01,498,75119,61135,200
betweenness_approx,0.01,499,75024,61229,200
betweenness_approx,0.05,0,65075,49763,200
betweenness_approx,0.05,1,65010,49912,200
betweenness_approx,0.05,2,65078,50024,200
betweenness_approx,0.05,3,65205,50095,200
betweenness_approx,0.05,4,65052,50035,200
betweenness_approx,0.05,5,64660,49978,200
betweenness_approx,0.05,6,65052,49611,200
betweenness_approx,0.05,7,64936,49905,200
betweenness_approx,0.05,8,65168,49727,200
betweenness_approx,0.05,9,64761,49690,200
betweenness_approx,0.05,10,64983,49814,200
betweenness_approx,0.05,11,65000,50360,200
betweenness_approx,0.05,12,65152,49704,200
betweenness_approx,0.05,13,65171,49939,200
betweenness_approx,0.05,14,64985,49901,200
betweenness_approx,0.05,15,65072,50320,200
betweenness_approx,0.05,16,65118,49724,200
betweenness_approx,0.05,17,65087,49797,200
betweenness_approx,0.05,18,65042,49800,200
betweenness_approx,0.05,19,64997,49723,200
betweenness_approx,0.05,20,65301,50083,200
betweenness_approx,0.05,21,64886,49703,200
betweenness_approx,0.05,22,65077,50077,200
betweenness_approx,0.05,23,64971,49821,200
betweenness_approx,0.05,24,64953,49897,200
betweenness_approx,0.05,25,65079,50246,200
betweenness_approx,0.05,26,65082,49797,200
betweenness_approx,0.05,27,64999,49522,200
betweenness_approx,0.05,28,65137,49866,200
betweenness_approx,0.05,29,65044,49959,200
betweenness_approx,0.05,30,64970,49286,200
betweenness_approx,0.05,31,65054,49685,200
betweenness_approx,0.05,32,65072,49767,200
betweenness_approx,0.05,33,65072,49991,200
betweenness_approx,0.05,34,65057,50208,200
betweenness_approx,0.05,35,64778,49680,200
betweenness_approx,0.05,36,65121,50125,200
betweenness_approx,0.05,37,64876,49656,200
betweenness_approx,0.05,38,64920,49532,200
betweenness_approx,0.05,39,65088,49482,200
betweenness_approx,0.05,40,65035,49582,200
betweenness_approx,0.05,41,64946,49870,200
betweenness_approx,0.05,42,65102,50079,200
betweenness_approx,0.05,43,65132,50007,200
betweenness_approx,0.05,44,65055,50110,200
betweenness_approx,0.05,45,65083,49656,200
betweenness_approx,0.05,46,65101,49927,200
betweenness_approx,0.05,47,65036,49894,200
betweenness_approx,0.05,48,65128,49375,200
betweenness_approx,0.05,49,65083,49493,200
betweenness_approx,0.05,50,64917,49675,200
betweenness_approx,0.05,51,65288,50137,200
betweenness_approx,0.05,52,64826,49708,200
betweenness_approx,0.05,53,64962,49813,200
betweenness_approx,0.05,54,65018,49732,200
betweenness_approx,0.05,55,64972,49588,200
betweenness_approx,0.05,56,65136,49928,200
betweenness_approx,0.05,57,65114,49770,200
betweenness_approx,0.05,58,64963,49414,200
betweenness_approx,0.05,59,65191,49896,200
betweenness_approx,0.05,60,64938,49757,200
betweenness_approx,0.05,61,65099,49864,200
betweenness_approx,0.05,62,65106,49648,200
betweenness_approx,0.05,63,65116,49971,200
betweenness_approx,0.05,64,65064,49710,200
betweenness_approx,0.05,65,64923,50096,200
betweenness_approx,0.05,66,65060,49409,200
betweenness_approx,0.05,67,65083,49722,200
betweenness_approx,0.05,68,65137,49949,200
betweenness_approx,0.05,69,65086,49618,200
betweenness_approx,0.05,70,64875,49688,200
betweenness_approx,0.05,71,65180,49735,200
betweenness_approx,0.05,72,64886,49808,200
betweenness_approx,0.05,73,64901,50007,200
betweenness_approx,0.05,74,65146,49674,200
betweenness_approx,0.05,75,65136,50076,200
betweenness_approx,0.05,76,65009,49759,200
betweenness_approx,0.05,77,65135,49752,200
betweenness_approx,0.05,78,65099,50199,200
betweenness_approx,0.05,79,64889,49899,200
betweenness_approx,0.05,80,65106,49914,200
betweenness_approx,0.05,81,65035,49839,200
betweenness_approx,0.05,82,64981,49561,200
betweenness_approx,0.05,83,64891,49978,200
betweenness_approx,0.05,84,64837,49945,200
betweenness_approx,0.05,85,65077,49557,200
betweenness_approx,0.05,86,65040,50169,200
betweenness_approx,0.05,87,65065,49706,200
betweenness_approx,0.05,88,64998,49479,200
betweenness_approx,0.05,89,64897,49827,200
betweenness_approx,0.05,90,64981,49667,200
betweenness_approx,0.05,91,65031,50093,200
betweenness_approx,0.05,92,65135,49689,200
betweenness_approx,0.05,93,64971,50131,200
betweenness_approx,0.05,94,65215,49460,200
betweenness_approx,0.05,95,64970,49632,200
betweenness_approx,0.05,96,65077,49981,200
betweenness_approx,0.05,97,65167,50202,200
betweenness_approx,0.05,98,64982,50056,200
betweenness_approx,0.05,99,64936,49617,200
betweenness_approx,0.05,100,64822,49678,200
betweenness_approx,0.05,101,65030,49782,200
betweenness_approx,0.05,102,65166,49978,200
betweenness_approx,0.05,103,65030,49734,200
betweenness_approx,0.05,104,65129,50303,200
betweenness_approx,0.05,105,65050,49696,200
betweenness_approx,0.05,106,64831,49672,200
betweenness_approx,0.05,107,65123,49785,200
betweenness_approx,0.05,108,65085,49695,200
betweenness_approx,0.05,109,65015,49877,200
betweenness_approx,0.05,110,65075,50102,200
betweenness_approx,0.05,111,65065,49878,200
betweenness_approx,0.05,112,65108,49825,200
betweenness_approx,0.05,113,65018,49787,200
betweenness_approx,0.05,114,65142,49787,200
betweenness_approx,0.05,115,65001,49585,200
betweenness_approx,0.05,116,65085,49655,200
betweenness_approx,0.05,117,65096,49830,200
betweenness_approx,0.05,118,65186,49759,200
betweenness_approx,0.05,119,65035,49804,200
betweenness_approx,0.05,120,65118,50413,200
betweenness_approx,0.05,121,64794,49727,200
betweenness_approx,0.05,122,65047,49302,200
betweenness_approx,0.05,123,65024,49770,200
betweenness_approx,0.05,124,65056,49895,200
betweenness_approx,0.05,125,65015,49873,200
betweenness_approx,0.05,126,65064,49768,200
betweenness_approx,0.05,127,65039,49847,200
betweenness_approx,0.05,128,65050,50222,200
betweenness_approx,0.05,129,65077,50104,200
betweenness_approx,0.05,130,65095,49981,200
betweenness_approx,0.05,131,65170,50209,200
betweenness_approx,0.05,132,65024,49641,200
betweenness_approx,0.05,133,65174,49910,200
betweenness_approx,0.05,134,65270,50333,200
betweenness_approx,0.05,135,64995,50044,200
betweenness_approx,0.05,136,65115,49952,200
betweenness_approx,0.05,137,64960,49512,200
betweenness_approx,0.05,138,65174,50172,200
betweenness_approx,0.05,139,65039,49684,200
betweenness_approx,0.05,140,65063,50336,200
betweenness_approx,0.05,141,65088,49908,200
betweenness_approx,0.05,142,65130,50003,200
betweenness_approx,0.05,143,65104,49832,200
betweenness_approx,0.05,144,64974,49689,200
betweenness_approx,0.05,145,65102,49814,200
betweenness_approx,0.05,146,65077,50146,200
betweenness_approx,0.05,147,65028,49714,200
betweenness_approx,0.05,148,65022,50052,200
betweenness_approx,0.05,149,64974,49661,200
betweenness_approx,0.05,150,64884,49946,200
betweenness_approx,0.05,151,64990,49553,200
betweenness_approx,0.05,152,65038,49623,200
betweenness_approx,0.05,153,65149,49917,200
betweenness_approx,0.05,154,64844,49878,200
betweenness_approx,0.05,155,65129,50118,200
betweenness_approx,0.05,156,65140,49778,200
betweenness_approx,0.05,157,65069,49370,200
betweenness_approx,0.05,158,65026,50032,200
betweenness_approx,0.05,159,65055,49716,200
betweenness_approx,0.05,160,65132,49833,200
betweenness_approx,0.05,161,64855,49898,200
betweenness_approx,0.05,162,64962,49726,200
betweenness_approx,0.05,163,64770,50025,200
betweenness_approx,0.05,164,65092,50001,200
betweenness_approx,0.05,165,65097,50046,200
betweenness_approx,0.05,166,64951,50120,200
betweenness_approx,0.05,167,65098,49911,200
betweenness_approx,0.05,168,64894,49708,200
betweenness_approx,0.05,169,64929,49721,200
betweenness_approx,0.05,170,65032,49835,200
betweenness_approx,0.05,171,65101,49949,200
betweenness_approx,0.05,172,65121,50002,200
betweenness_approx,0.05,173,64988,49825,200
betweenness_approx,0.05,174,65059,49907,200
betweenness_approx,0.05,175,65125,49658,200
betweenness_approx,0.05,176,64809,49829,200
betweenness_approx,0.05,177,65117,49740,200
betweenness_approx,0.05,178,65094,49911,200
betweenness_approx,0.05,179,65034,49921,200
betweenness_approx,0.05,180,65034,49649,200
betweenness_approx,0.05,181,64893,49810,200
betweenness_approx,0.05,182,65083,49471,200
betweenness_approx,0.05,183,65162,49617,200
betweenness_approx,0.05,184,64802,50132,200
betweenness_approx,0.05,185,65092,50239,200
betweenness_approx,0.05,186,65005,49594,200
betweenness_approx,0.05,187,65026,49600,200
betweenness_approx,0.05,188,65109,49885,200
betweenness_approx,0.05,189,64959,50206,200
betweenness_approx,0.05,190,65156,49857,200
betweenness_approx,0.05,191,65133,49604,200
betweenness_approx,0.05,192,64977,49788,200
betweenness_approx,0.05,193,64943,49807,200
betweenness_approx,0.05,194,64988,49581,200
betweenness_approx,0.05,195,65054,49702,200
betweenness_approx,0.05,196,64936,49802,200
betweenness_approx,0.05,197,65032,50038,200
betweenness_approx,0.05,198,65127,49478,200
betweenness_approx,0.05,199,65088,50138,200
betweenness_approx,0.05,200,65110,50020,200
betweenness_approx,0.05,201,64805,50019,200
betweenness_approx,0.05,202,65059,50205,200
betweenness_approx,0.05,203,65092,49888,200
betweenness_approx,0.05,204,65117,49940,200
betweenness_approx,0.05,205,65036,50018,200
betweenness_approx,0.05,206,64956,50217,200
betweenness_approx,0.05,207,64806,49516,200
betweenness_approx,0.05,208,65049,49912,200
betweenness_approx,0.05,209,64807,49879,200
betweenness_approx,0.05,210,65054,49312,200
betweenness_approx,0.05,211,65107,50182,200
betweenness_approx,0.05,212,64994,49515,200
betweenness_approx,0.05,213,65125,50153,200
betweenness_approx,0.05,214,65095,50089,200
betweenness_approx,0.05,215,65106,50041,200
betweenness_approx,0.05,216,65000,49795,200
betweenness_approx,0.05,217,65122,49927,200
betweenness_approx,0.05,218,64739,49830,200
betweenness_approx,0.05,219,65057,49980,200
betweenness_approx,0.05,220,64875,49772,200
betweenness_approx,0.05,221,65090,49537,200
betweenness_approx,0.05,222,64840,50077,200
betweenness_approx,0.05,223,65051,49861,200
betweenness_approx,0.05,224,65033,49991,200
betweenness_approx,0.05,225,64969,49822,200
betweenness_approx,0.05,226,65091,49635,200
betweenness_approx,0.05,227,65110,50080,200
betweenness_approx,0.05,228,65133,49922,200
betweenness_approx,0.05,229,64885,49462,200
betweenness_approx,0.05,230,65065,50018,200
betweenness_approx,0.05,231,64975,49969,200
betweenness_approx,0.05,232,64965,49958,200
betweenness_approx,0.05,233,65067,50151,200
betweenness_approx,0.05,234,65054,49758,200
betweenness_approx,0.05,235,65138,49474,200
betweenness_approx,0.05,236,64979,49629,200
betweenness_approx,0.05,237,65121,49795,200
betweenness_approx,0.05,238,64902,49706,200
betweenness_approx,0.05,239,65016,49614,200
betweenness_approx,0.05,240,65007,49656,200
betweenness_approx,0.05,241,64850,50009,200
betweenness_approx,0.05,242,64955,50109,200
betweenness_approx,0.05,243,65129,49613,200
betweenness_approx,0.05,244,65040,49898,200
betweenness_approx,0.05,245,65165,50066,200
betweenness_approx,0.05,246,65087,49657,200
betweenness_approx,0.05,247,65027,49935,200
betweenness_approx,0.05,248,65123,50229,200
betweenness_approx,0.05,249,65138,49450,200
betweenness_approx,0.05,250,64856,49998,200
betweenness_approx,0.05,251,64908,49891,200
betweenness_approx,0.05,252,65201,49722,200
betweenness_approx,0.05,253,64996,49619,200
betweenness_approx,0.05,254,65132,49644,200
betweenness_approx,0.05,255,65074,49910,200
betweenness_approx,0.05,256,65098,50179,200
betweenness_approx,0.05,257,65071,49442,200
betweenness_approx,0.05,258,64803,49971,200
betweenness_approx,0.05,259,65205,49596,200
betweenness_approx,0.05,260,65119,49951,200
betweenness_approx,0.05,261,65139,49881,200
betweenness_approx,0.05,262,65040,49843,200
betweenness_approx,0.05,263,65096,49780,200
betweenness_approx,0.05,264,65016,49687,200
betweenness_approx,0.05,265,65188,49874,200
betweenness_approx,0.05,266,65182,50118,200
betweenness_approx,0.05,267,65247,50064,200
betweenness_approx,0.05,268,64977,49659,200
betweenness_approx,0.05,269,65112,50063,200
betweenness_approx,0.05,270,65032,49584,200
betweenness_approx,0.05,271,65189,49992,200
betweenness_approx,0.05,272,65068,50204,200
betweenness_approx,0.05,273,65229,49574,200
betweenness_approx,0.05,274,65165,50176,200
betweenness_approx,0.05,275,65233,49939,200
betweenness_approx,0.05,276,65013,49648,200
betweenness_approx,0.05,277,65076,50007,200
betweenness_approx,0.05,278,65024,49722,200
betweenness_approx,0.05,279,64987,49865,200
betweenness_approx,0.05,280,65010,49841,200
betweenness_approx,0.05,281,64833,49876,200
betweenness_approx,0.05,282,65075,49874,200
betweenness_approx,0.05,283,65197,49811,200
betweenness_approx,0.05,284,64733,49746,200
betweenness_approx,0.05,285,65034,49666,200
betweenness_approx,0.05,286,65004,50001,200
betweenness_approx,0.05,287,65067,49984,200
betweenness_approx,0.05,288,65152,49933,200
betweenness_approx,0.05,289,65118,49803,200
betweenness_approx,0.05,290,65028,49993,200
betweenness_approx,0.05,291,65069,49550,200
betweenness_approx,0.05,292,64957,49376,200
betweenness_approx,0.05,293,65075,49770,200
betweenness_approx,0.05,294,65029,49876,200
betweenness_approx,0.05,295,65004,49448,200
betweenness_approx,0.05,296,65069,49473,200
betweenness_approx,0.05,297,64885,49699,200
betweenness_approx,0.05,298,64965,49514,200
betweenness_approx,0.05,299,64912,49918,200
betweenness_approx,0.05,300,65055,50038,200
betweenness_approx,0.05,301,64988,49435,200
betweenness_approx,0.05,302,65017,49854,200
betweenness_approx,0.05,303,65155,49863,200
betweenness_approx,0.05,304,64987,49677,200
betweenness_approx,0.05,305,65073,49725,200
betweenness_approx,0.05,306,64865,49962,200
betweenness_approx,0.05,307,65087,50531,200
betweenness_approx,0.05,308,65077,49834,200
betweenness_approx,0.05,309,65015,49919,200
betweenness_approx,0.05,310,64818,49880,200
betweenness_approx,0.05,311,65047,49844,200
betweenness_approx,0.05,312,65031,50346,200
betweenness_approx,0.05,313,65152,49789,200
betweenness_approx,0.05,314,65045,49906,200
betweenness_approx,0.05,315,65086,49578,200
betweenness_approx,0.05,316,65079,50066,200
betweenness_approx,0.05,317,65123,49812,200
betweenness_approx,0.05,318,65143,49823,200
betweenness_approx,0.05,319,65189,50081,200
betweenness_approx,0.05,320,65106,50032,200
betweenness_approx,0.05,321,65075,49784,200
betweenness_approx,0.05,322,65173,49890,200
betweenness_approx,0.05,323,65106,50083,200
betweenness_approx,0.05,324,64946,50081,200
betweenness_approx,0.05,325,65045,49850,200
betweenness_approx,0.05,326,64916,50035,200
betweenness_approx,0.05,327,64873,49952,200
betweenness_approx,0.05,328,65076,49798,200
betweenness_approx,0.05,329,65023,49792,200
betweenness_approx,0.05,330,65015,50195,200
betweenness_approx,0.05,331,64855,49757,200
betweenness_approx,0.05,332,64927,50141,200
betweenness_approx,0.05,333,64924,49689,200
betweenness_approx,0.05,334,64985,49715,200
betweenness_approx,0.05,335,65184,49985,200
betweenness_approx,0.05,336,65029,49755,200
betweenness_approx,0.05,337,64993,49795,200
betweenness_approx,0.05,338,65073,50004,200
betweenness_approx,0.05,339,65103,49753,200
betweenness_approx,0.05,340,64911,50244,200
betweenness_approx,0.05,341,65089,50046,200
betweenness_approx,0.05,342,64801,49736,200
betweenness_approx,0.05,343,65069,49662,200
betweenness_approx,0.05,344,65109,49800,200
betweenness_approx,0.05,345,65144,49613,200
betweenness_approx,0.05,346,65015,50084,200
betweenness_approx,0.05,347,64993,50124,200
betweenness_approx,0.05,348,64998,49662,200
betweenness_approx,0.05,349,64838,49401,200
betweenness_approx,0.05,350,65148,50065,200
betweenness_approx,0.05,351,64830,49658,200
betweenness_approx,0.05,352,64872,50144,200
betweenness_approx,0.05,353,65095,50429,200
betweenness_approx,0.05,354,64977,49739,200
betweenness_approx,0.05,355,65050,49481,200
betweenness_approx,0.05,356,65297,50189,200
betweenness_approx,0.05,357,65340,50487,200
betweenness_approx,0.05,358,64980,49725,200
betweenness_approx,0.05,359,64928,49946,200
betweenness_approx,0.05,360,64899,50123,200
betweenness_approx,0.05,361,65009,49686,200
betweenness_approx,0.05,362,65016,49764,200
betweenness_approx,0.05,363,65255,49817,200
betweenness_approx,0.05,364,64862,49960,200
betweenness_approx,0.05,365,65004,49773,200
betweenness_approx,0.05,366,64996,49943,200
betweenness_approx,0.05,367,65119,50250,200
betweenness_approx,0.05,368,64995,49617,200
betweenness_approx,0.05,369,65046,49986,200
betweenness_approx,0.05,370,65103,50154,200
betweenness_approx,0.05,371,65009,49549,200
betweenness_approx,0.05,372,65054,49690,200
betweenness_approx,0.05,373,65166,50213,200
betweenness_approx,0.05,374,64905,49704,200
betweenness_approx,0.05,375,65101,49917,200
betweenness_approx,0.05,376,65132,50251,200
betweenness_approx,0.05,377,64919,50093,200
betweenness_approx,0.05,378,65224,49816,200
betweenness_approx,0.05,379,65050,49880,200
betweenness_approx,0.05,380,65073,50074,200
betweenness_approx,0.05,381,64814,49863,200
betweenness_approx,0.05,382,64899,50031,200
betweenness_approx,0.05,383,65053,49539,200
betweenness_approx,0.05,384,65111,49916,200
betweenness_approx,0.05,385,65093,49680,200
betweenness_approx,0.05,386,64863,49753,200
betweenness_approx,0.05,387,65296,50011,200
betweenness_approx,0.05,388,65013,49665,200
betweenness_approx,0.05,389,65145,49673,200
betweenness_approx,0.05,390,64870,49762,200
betweenness_approx,0.05,391,64984,49876,200
betweenness_approx,0.05,392,65078,50004,200
betweenness_approx,0.05,393,65070,49753,200
betweenness_approx,0.05,394,65072,50286,200
betweenness_approx,0.05,395,65073,50251,200
betweenness_approx,0.05,396,64993,49821,200
betweenness_approx,0.05,397,64986,50344,200
betweenness_approx,0.05,398,64878,49584,200
betweenness_approx,0.05,399,65033,49596,200
betweenness_approx,0.05,400,65036,49641,200
betweenness_approx,0.05,401,65041,50055,200
betweenness_approx,0.05,402,65066,49795,200
betweenness_approx,0.05,403,65185,49745,200
betweenness_approx,0.05,404,65056,49875,200
betweenness_approx,0.05,405,64867,49311,200
betweenness_approx,0.05,406,65089,50043,200
betweenness_approx,0.05,407,64997,49576,200
betweenness_approx,0.05,408,64844,49940,200
betweenness_approx,0.05,409,65096,50252,200
betweenness_approx,0.05,410,64869,50199,200
betweenness_approx,0.05,411,65142,50154,200
betweenness_approx,0.05,412,65032,50075,200
betweenness_approx,0.05,413,65198,49899,200
betweenness_approx,0.05,414,65044,49702,200
betweenness_approx,0.05,415,65019,49847,200
betweenness_approx,0.05,416,65019,49309,200
betweenness_approx,0.05,417,65010,49690,200
betweenness_approx,0.05,418,65180,49745,200
betweenness_approx,0.05,419,64882,50063,200
betweenness_approx,0.05,420,65204,49805,200
betweenness_approx,0.05,421,65096,49695,200
betweenness_approx,0.05,422,65113,49532,200
betweenness_approx,0.05,423,65107,49793,200
betweenness_approx,0.05,424,65274,50012,200
betweenness_approx,0.05,425,65119,49689,200
betweenness_approx,0.05,426,65257,50204,200
betweenness_approx,0.05,427,65329,50065,200
betweenness_approx,0.05,428,64924,49752,200
betweenness_approx,0.05,429,65078,49521,200
betweenness_approx,0.05,430,65105,50268,200
betweenness_approx,0.05,431,65055,50360,200
betweenness_approx,0.05,432,65111,49728,200
betweenness_approx,0.05,433,65107,49760,200
betweenness_approx,0.05,434,65144,50013,200
betweenness_approx,0.05,435,65048,50296,200
betweenness_approx,0.05,436,64950,49833,200
betweenness_approx,0.05,437,65132,49563,200
betweenness_approx,0.05,438,65063,50206,200
betweenness_approx,0.05,439,64959,49447,200
betweenness_approx,0.05,440,65148,50063,200
betweenness_approx,0.05,441,65006,49886,200
betweenness_approx,0.05,442,65082,49874,200
betweenness_approx,0.05,443,65036,49995,200
betweenness_approx,0.05,444,65011,49737,200
betweenness_approx,0.05,445,65064,49968,200
betweenness_approx,0.05,446,65052,49787,200
betweenness_approx,0.05,447,64991,50053,200
betweenness_approx,0.05,448,65092,49966,200
betweenness_approx,0.05,449,65205,50392,200
betweenness_approx,0.05,450,64786,49611,200
betweenness_approx,0.05,451,64957,50050,200
betweenness_approx,0.05,452,65045,49846,200
betweenness_approx,0.05,453,65052,49704,200
betweenness_approx,0.05,454,65076,49563,200
betweenness_approx,0.05,455,65008,49756,200
betweenness_approx,0.05,456,64886,49953,200
betweenness_approx,0.05,457,65119,50261,200
betweenness_approx,0.05,458,65207,50126,200
betweenness_approx,0.05,459,65115,49918,200
betweenness_approx,0.05,460,65146,49863,200
betweenness_approx,0.05,461,65105,50134,200
betweenness_approx,0.05,462,64942,49679,200
betweenness_approx,0.05,463,64812,49977,200
betweenness_approx,0.05,464,65142,50187,200
betweenness_approx,0.05,465,65075,49610,200
betweenness_approx,0.05,466,65084,50187,200
betweenness_approx,0.05,467,65011,49705,200
betweenness_approx,0.05,468,64973,49703,200
betweenness_approx,0.05,469,65163,49592,200
betweenness_approx,0.05,470,64821,49904,200
betweenness_approx,0.05,471,64999,49752,200
betweenness_approx,0.05,472,65091,50202,200
betweenness_approx,0.05,473,65005,49704,200
betweenness_approx,0.05,474,65031,49906,200
betweenness_approx,0.05,475,65082,49831,200
betweenness_approx,0.05,476,64760,49353,200
betweenness_approx,0.05,477,65034,49838,200
betweenness_approx,0.05,478,65101,49833,200
betweenness_approx,0.05,479,64847,49674,200
betweenness_approx,0.05,480,65100,49755,200
betweenness_approx,0.05,481,65103,50121,200
betweenness_approx,0.05,482,65100,49964,200
betweenness_approx,0.05,483,65064,49604,200
betweenness_approx,0.05,484,65157,49967,200
betweenness_approx,0.05,485,65072,49981,200
betweenness_approx,0.05,486,65119,49723,200
betweenness_approx,0.05,487,64967,50220,200
betweenness_approx,0.05,488,65035,49998,200
betweenness_approx,0.05,489,65056,49617,200
betweenness_approx,0.05,490,65049,50067,200
betweenness_approx,0.05,491,65116,50084,200
betweenness_approx,0.05,492,64832,49963,200
betweenness_approx,0.05,493,65043,49580,200
betweenness_approx,0.05,494,65110,50086,200
betweenness_approx,0.05,495,65035,49672,200
betweenness_approx,0.05,496,65026,50070,200
betweenness_approx,0.05,497,64998,49546,200
betweenness_approx,0.05,498,64962,50089,200
betweenness_approx,0.05,499,65024,49986,200
betweenness_approx,0.1,0,56444,40116,200
betweenness_approx,0.1,1,56175,40186,200
betweenness_approx,0.1,2,56539,39559,200
betweenness_approx,0.1,3,56546,40316,200
betweenness_approx,0.1,4,56230,40112,200
betweenness_approx,0.1,5,56117,40379,200
betweenness_approx,0.1,6,56207,39969,200
betweenness_approx,0.1,7,56057,39290,200
betweenness_approx,0.1,8,56468,40341,200
betweenness_approx,0.1,9,56371,40205,200
betweenness_approx,0.1,10,56435,40518,200
betweenness_approx,0.1,11,56350,40278,200
betweenness_approx,0.1,12,56597,40050,200
betweenness_approx,0.1,13,56452,39596,200
betweenness_approx,0.1,14,56498,40461,200
betweenness_approx,0.1,15,56288,40945,200
betweenness_approx,0.1,16,56351,40476,200
betweenness_approx,0.1,17,56487,39955,200
betweenness_approx,0.1,18,56194,39827,200
betweenness_approx,0.1,19,56661,39864,200
betweenness_approx,0.1,20,56443,40713,200
betweenness_approx,0.1,21,56364,39662,200
betweenness_approx,0.1,22,56220,40230,200
betweenness_approx,0.1,23,56618,40393,200
betweenness_approx,0.1,24,56253,39901,200
betweenness_approx,0.1,25,56245,40114,200
betweenness_approx,0.1,26,56731,39857,200
betweenness_approx,0.1,27,56335,40178,200
betweenness_approx,0.1,28,56597,40214,200
betweenness_approx,0.1,29,56621,39561,200
betweenness_approx,0.1,30,56664,40280,200
betweenness_approx,0.1,31,56333,39944,200
betweenness_approx,0.1,32,56482,39836,200
betweenness_approx,0.1,33,56286,39929,200
betweenness_approx,0.1,34,56468,40310,200
betweenness_approx,0.1,35,56571,40062,200
betweenness_approx,0.1,36,56202,39779,200
betweenness_approx,0.1,37,56297,39312,200
betweenness_approx,0.1,38,56534,39810,200
betweenness_approx,0.1,39,56581,40466,200
betweenness_approx,0.1,40,56155,39823,200
betweenness_approx,0.1,41,56513,40443,200
betweenness_approx,0.1,42,56527,40493,200
betweenness_approx,0.1,43,56419,39998,200
betweenness_approx,0.1,44,56534,40702,200
betweenness_approx,0.1,45,56354,40500,200
betweenness_approx,0.1,46,55941,39681,200
betweenness_approx,0.1,47,56540,39592,200
betweenness_approx,0.1,48,56596,40010,200
betweenness_approx,0.1,49,56649,40669,200
betweenness_approx,0.1,50,56293,40066,200
betweenness_approx,0.1,51,56369,40280,200
betweenness_approx,0.1,52,56524,40238,200
betweenness_approx,0.1,53,56597,40024,200
betweenness_approx,0.1,54,56453,40829,200
betweenness_approx,0.1,55,56266,39928,200
betweenness_approx,0.1,56,55994,39925,200
betweenness_approx,0.1,57,56527,40415,200
betweenness_approx,0.1,58,56331,40580,200
betweenness_approx,0.1,59,56371,39808,200
betweenness_approx,0.1,60,56260,40204,200
betweenness_approx,0.1,61,56559,39853,200
betweenness_approx,0.1,62,56680,40864,200
betweenness_approx,0.1,63,56559,40283,200
betweenness_approx,0.1,64,56333,40085,200
betweenness_approx,0.1,65,56408,39966,200
betweenness_approx,0.1,66,56573,40036,200
betweenness_approx,0.1,67,56528,40692,200
betweenness_approx,0.1,68,56494,39987,200
betweenness_approx,0.1,69,56402,39557,200
betweenness_approx,0.1,70,56592,40362,200
betweenness_approx,0.1,71,56393,40179,200
betweenness_approx,0.1,72,56453,39968,200
betweenness_approx,0.1,73,56504,40373,200
betweenness_approx,0.1,74,56562,39755,200
betweenness_approx,0.1,75,56475,39897,200
betweenness_approx,0.1,76,56609,40503,200
betweenness_approx,0.1,77,56627,39655,200
betweenness_approx,0.1,78,56436,39919,200
betweenness_approx,0.1,79,56479,40043,200
betweenness_approx,0.1,80,56369,40409,200
betweenness_approx,0.1,81,56401,39472,200
betweenness_approx,0.1,82,56449,40414,200
betweenness_approx,0.1,83,56409,40223,200
betweenness_approx,0.1,84,56110,40323,200
betweenness_approx,0.1,85,56231,39723,200
betweenness_approx,0.1,86,56057,40209,200
betweenness_approx,0.1,87,56640,39533,200
betweenness_approx,0.1,88,56418,40554,200
betweenness_approx,0.1,89,56401,39956,200
betweenness_approx,0.1,90,56077,40178,200
betweenness_approx,0.1,91,56255,39499,200
betweenness_approx,0.1,92,56327,39641,200
betweenness_approx,0.1,93,56473,39948,200
betweenness_approx,0.1,94,56480,40588,200
betweenness_approx,0.1,95,56775,40815,200
betweenness_approx,0.1,96,56312,40705,200
betweenness_approx,0.1,97,56563,40657,200
betweenness_approx,0.1,98,56169,40247,200
betweenness_approx,0.1,99,56327,40069,200
betweenness_approx,0.1,100,56460,39734,200
betweenness_approx,0.1,101,56442,40267,200
betweenness_approx,0.1,102,56474,39844,200
betweenness_approx,0.1,103,56224,39227,200
betweenness_approx,0.1,104,56379,40433,200
betweenness_approx,0.1,105,56593,40016,200
betweenness_approx,0.1,106,56486,39880,200
betweenness_approx,0.1,107,56413,40276,200
betweenness_approx,0.1,108,56207,39898,200
betweenness_approx,0.1,109,56432,39215,200
betweenness_approx,0.1,110,56464,40026,200
betweenness_approx,0.1,111,56489,40090,200
betweenness_approx,0.1,112,55976,40695,200
betweenness_approx,0.1,113,56540,40457,200
betweenness_approx,0.1,114,56424,39965,200
betweenness_approx,0.1,115,56393,39817,200
betweenness_approx,0.1,116,56603,40029,200
betweenness_approx,0.1,117,56570,40118,200
betweenness_approx,0.1,118,56466,39876,200
betweenness_approx,0.1,119,56283,39836,200
betweenness_approx,0.1,120,56560,40125,200
betweenness_approx,0.1,121,56640,39951,200
betweenness_approx,0.1,122,56305,40278,200
betweenness_approx,0.1,123,55819,39175,200
betweenness_approx,0.1,124,56544,39697,200
betweenness_approx,0.1,125,56582,39256,200
betweenness_approx,0.1,126,56632,39447,200
betweenness_approx,0.1,127,56375,40386,200
betweenness_approx,0.1,128,55986,40427,200
betweenness_approx,0.1,129,56240,39977,200
betweenness_approx,0.1,130,56395,40061,200
betweenness_approx,0.1,131,55945,39642,200
betweenness_approx,0.1,132,56389,40197,200
betweenness_approx,0.1,133,56608,39924,200
betweenness_approx,0.1,134,56458,40231,200
betweenness_approx,0.1,135,56519,40235,200
betweenness_approx,0.1,136,56203,39951,200
betweenness_approx,0.1,137,56460,39919,200
betweenness_approx,0.1,138,56288,40474,200
betweenness_approx,0.1,139,56417,39876,200
betweenness_approx,0.1,140,56530,39535,200
betweenness_approx,0.1,141,56448,40306,200
betweenness_approx,0.1,142,56602,40127,200
betweenness_approx,0.1,143,56346,40379,200
betweenness_approx,0.1,144,56424,39858,200
betweenness_approx,0.1,145,56362,40318,200
betweenness_approx,0.1,146,56516,40004,200
betweenness_approx,0.1,147,56385,39720,200
betweenness_approx,0.1,148,56167,39910,200
betweenness_approx,0.1,149,56496,39564,200
betweenness_approx,0.1,150,56240,40424,200
betweenness_approx,0.1,151,56320,40106,200
betweenness_approx,0.1,152,56497,39606,200
betweenness_approx,0.1,153,56581,39821,200
betweenness_approx,0.1,154,56158,40007,200
betweenness_approx,0.1,155,56573,39723,200
betweenness_approx,0.1,156,56423,40291,200
betweenness_approx,0.1,157,56191,40474,200
betweenness_approx,0.1,158,56311,40013,200
betweenness_approx,0.1,159,56657,40239,200
betweenness_approx,0.1,160,56417,40176,200
betweenness_approx,0.1,161,56617,40045,200
betweenness_approx,0.1,162,56487,39964,200
betweenness_approx,0.1,163,56232,39910,200
betweenness_approx,0.1,164,56514,40336,200
betweenness_approx,0.1,165,56496,40628,200
betweenness_approx,0.1,166,56079,39395,200
betweenness_approx,0.1,167,56297,40005,200
betweenness_approx,0.1,168,55871,40311,200
betweenness_approx,0.1,169,56568,40024,200
betweenness_approx,0.1,170,56408,40134,200
betweenness_approx,0.1,171,56586,39830,200
betweenness_approx,0.1,172,56566,40463,200
betweenness_approx,0.1,173,55926,40032,200
betweenness_approx,0.1,174,55945,39836,200
betweenness_approx,0.1,175,56339,39696,200
betweenness_approx,0.1,176,56431,40108,200
betweenness_approx,0.1,177,56435,40043,200
betweenness_approx,0.1,178,56046,40221,200
betweenness_approx,0.1,179,56371,40520,200
betweenness_approx,0.1,180,56363,40407,200
betweenness_approx,0.1,181,56396,40492,200
betweenness_approx,0.1,182,56640,40392,200
betweenness_approx,0.1,183,56526,39870,200
betweenness_approx,0.1,184,56342,40362,200
betweenness_approx,0.1,185,56324,40484,200
betweenness_approx,0.1,186,56072,40261,200
betweenness_approx,0.1,187,56480,40155,200
betweenness_approx,0.1,188,56278,39903,200
betweenness_approx,0.1,189,56105,40345,200
betweenness_approx,0.1,190,56119,39754,200
betweenness_approx,0.1,191,56408,40024,200
betweenness_approx,0.1,192,56491,40490,200
betweenness_approx,0.1,193,56334,40473,200
betweenness_approx,0.1,194,56354,39766,200
betweenness_approx,0.1,195,56513,40701,200
betweenness_approx,0.1,196,56553,40580,200
betweenness_approx,0.1,197,56208,40000,200
betweenness_approx,0.1,198,56167,40869,200
betweenness_approx,0.1,199,56526,40326,200
betweenness_approx,0.1,200,56193,40081,200
betweenness_approx,0.1,201,56922,41087,200
betweenness_approx,0.1,202,56332,39986,200
betweenness_approx,0.1,203,56445,39142,200
betweenness_approx,0.1,204,56276,39690,200
betweenness_approx,0.1,205,56456,39731,200
betweenness_approx,0.1,206,56425,40309,200
betweenness_approx,0.1,207,56263,40059,200
betweenness_approx,0.1,208,56292,39177,200
betweenness_approx,0.1,209,56352,39733,200
betweenness_approx,0.1,210,56370,39725,200
betweenness_approx,0.1,211,56558,39879,200
betweenness_approx,0.1,212,56605,40344,200
betweenness_approx,0.1,213,56452,39660,200
betweenness_approx,0.1,214,56501,39510,200
betweenness_approx,0.1,215,55645,39899,200
betweenness_approx,0.1,216,56452,40069,200
betweenness_approx,0.1,217,56515,39696,200
betweenness_approx,0.1,218,56239,40020,200
betweenness_approx,0.1,219,56652,40100,200
betweenness_approx,0.1,220,56124,40006,200
betweenness_approx,0.1,221,56309,39822,200
betweenness_approx,0.1,222,56478,40047,200
betweenness_approx,0.1,223,56670,40189,200
betweenness_approx,0.1,224,56071,40095,200
betweenness_approx,0.1,225,56522,39963,200
betweenness_approx,0.1,226,56342,39884,200
betweenness_approx,0.1,227,56180,39832,200
betweenness_approx,0.1,228,56126,39747,200
betweenness_approx,0.1,229,56551,39831,200
betweenness_approx,0.1,230,56504,39946,200
betweenness_approx,0.1,231,56461,39601,200
betweenness_approx,0.1,232,56462,40184,200
betweenness_approx,0.1,233,56595,39971,200
betweenness_approx,0.1,234,56342,40195,200
betweenness_approx,0.1,235,56605,40416,200
betweenness_approx,0.1,236,56469,39909,200
betweenness_approx,0.1,237,56482,39964,200
betweenness_approx,0.1,238,56348,40068,200
betweenness_approx,0.1,239,56275,39991,200
betweenness_approx,0.1,240,56320,40398,200
betweenness_approx,0.1,241,55918,39393,200
betweenness_approx,0.1,242,56398,40373,200
betweenness_approx,0.1,243,56052,39454,200
betweenness_approx,0.1,244,56251,40190,200
betweenness_approx,0.1,245,56363,40704,200
betweenness_approx,0.1,246,56599,40839,200
betweenness_approx,0.1,247,56543,40460,200
betweenness_approx,0.1,248,56263,39819,200
betweenness_approx,0.1,249,56537,40094,200
betweenness_approx,0.1,250,56459,40358,200
betweenness_approx,0.1,251,56104,39489,200
betweenness_approx,0.1,252,56524,40161,200
betweenness_approx,0.1,253,55937,40062,200
betweenness_approx,0.1,254,56369,40084,200
betweenness_approx,0.1,255,56322,40631,200
betweenness_approx,0.1,256,56639,40193,200
betweenness_approx,0.1,257,56605,40283,200
betweenness_approx,0.1,258,56470,39476,200
betweenness_approx,0.1,259,56382,40195,200
betweenness_approx,0.1,260,56175,39832,200
betweenness_approx,0.1,261,56565,39925,200
betweenness_approx,0.1,262,56414,39674,200
betweenness_approx,0.1,263,56349,40023,200
betweenness_approx,0.1,264,56614,40266,200
betweenness_approx,0.1,265,56517,40536,200
betweenness_approx,0.1,266,56326,40093,200
betweenness_approx,0.1,267,56175,39956,200
betweenness_approx,0.1,268,56297,40349,200
betweenness_approx,0.1,269,56193,39733,200
betweenness_approx,0.1,270,56330,40197,200
betweenness_approx,0.1,271,56243,39787,200
betweenness_approx,0.1,272,56155,39494,200
betweenness_approx,0.1,273,56222,40295,200
betweenness_approx,0.1,274,56096,39678,200
betweenness_approx,0.1,275,56366,40570,200
betweenness_approx,0.1,276,56419,39880,200
betweenness_approx,0.1,277,56330,40319,200
betweenness_approx,0.1,278,56189,40191,200
betweenness_approx,0.1,279,56465,40120,200
betweenness_approx,0.1,280,56522,39770,200
betweenness_approx,0.1,281,56489,40123,200
betweenness_approx,0.1,282,56359,39408,200
betweenness_approx,0.1,283,56641,40867,200
betweenness_approx,0.1,284,56571,39528,200
betweenness_approx,0.1,285,56352,40379,200
betweenness_approx,0.1,286,56336,39233,200
betweenness_approx,0.1,287,56365,40475,200
betweenness_approx,0.1,288,56455,40184,200
betweenness_approx,0.1,289,56304,40047,200
betweenness_approx,0.1,290,56357,39308,200
betweenness_approx,0.1,291,56470,39752,200
betweenness_approx,0.1,292,56444,39849,200
betweenness_approx,0.1,293,56281,39815,200
betweenness_approx,0.1,294,56173,39262,200
betweenness_approx,0.1,295,56585,40351,200
betweenness_approx,0.1,296,56346,39756,200
betweenness_approx,0.1,297,56612,39880,200
betweenness_approx,0.1,298,56287,39801,200
betweenness_approx,0.1,299,56449,39555,200
betweenness_approx,0.1,300,56310,40441,200
betweenness_approx,0.1,301,56528,40462,200
betweenness_approx,0.1,302,56511,39876,200
betweenness_approx,0.1,303,56476,40186,200
betweenness_approx,0.1,304,56277,39725,200
betweenness_approx,0.1,305,56269,39694,200
betweenness_approx,0.1,306,56517,39744,200
betweenness_approx,0.1,307,56274,40075,200
betweenness_approx,0.1,308,56546,40164,200
betweenness_approx,0.1,309,56370,39338,200
betweenness_approx,0.1,310,56333,40108,200
betweenness_approx,0.1,311,56286,39983,200
betweenness_approx,0.1,312,56577,40384,200
betweenness_approx,0.1,313,56091,39409,200
betweenness_approx,0.1,314,56345,40630,200
betweenness_approx,0.1,315,56249,40285,200
betweenness_approx,0.1,316,56438,39644,200
betweenness_approx,0.1,317,56490,39975,200
betweenness_approx,0.1,318,56372,40261,200
betweenness_approx,0.1,319,56313,39769,200
betweenness_approx,0.1,320,56329,40496,200
betweenness_approx,0.1,321,56494,40592,200
betweenness_approx,0.1,322,56421,39932,200
betweenness_approx,0.1,323,56323,40184,200
betweenness_approx,0.1,324,56311,39990,200
betweenness_approx,0.1,325,56196,40292,200
betweenness_approx,0.1,326,56242,39786,200
betweenness_approx,0.1,327,56399,40398,200
betweenness_approx,0.1,328,56411,40361,200
betweenness_approx,0.1,329,56544,39710,200
betweenness_approx,0.1,330,56210,40614,200
betweenness_approx,0.1,331,56329,40243,200
betweenness_approx,0.1,332,56501,40364,200
betweenness_approx,0.1,333,56298,39934,200
betweenness_approx,0.1,334,56467,40281,200
betweenness_approx,0.1,335,56603,40121,200
betweenness_approx,0.1,336,56455,40303,200
betweenness_approx,0.1,337,56142,40102,200
betweenness_approx,0.1,338,56327,40188,200
betweenness_approx,0.1,339,56612,40625,200
betweenness_approx,0.1,340,56518,40018,200
betweenness_approx,0.1,341,56249,39972,200
betweenness_approx,0.1,342,56190,39716,200
betweenness_approx,0.1,343,56478,39921,200
betweenness_approx,0.1,344,56344,39492,200
betweenness_approx,0.1,345,56304,39754,200
betweenness_approx,0.1,346,56506,39777,200
betweenness_approx,0.1,347,56568,40648,200
betweenness_approx,0.1,348,56684,40420,200
betweenness_approx,0.1,349,56551,40370,200
betweenness_approx,0.1,350,56540,39854,200
betweenness_approx,0.1,351,56498,39810,200
betweenness_approx,0.1,352,56545,40407,200
betweenness_approx,0.1,353,56187,40462,200
betweenness_approx,0.1,354,56431,40124,200
betweenness_approx,0.1,355,55964,39738,200
betweenness_approx,0.1,356,56284,39732,200
betweenness_approx,0.1,357,56448,40029,200
betweenness_approx,0.1,358,56277,39428,200
betweenness_approx,0.1,359,56416,40226,200
betweenness_approx,0.1,360,56342,40463,200
betweenness_approx,0.1,361,56304,40078,200
betweenness_approx,0.1,362,56499,39928,200
betweenness_approx,0.1,363,56664,40425,200
betweenness_approx,0.1,364,56030,40070,200
betweenness_approx,0.1,365,56470,41001,200
betweenness_approx,0.1,366,56403,40168,200
betweenness_approx,0.1,367,56446,39688,200
betweenness_approx,0.1,368,56214,39823,200
betweenness_approx,0.1,369,55837,39761,200
betweenness_approx,0.1,370,56296,40158,200
betweenness_approx,0.1,371,56322,40201,200
betweenness_approx,0.1,372,56430,39883,200
betweenness_approx,0.1,373,56564,40387,200
betweenness_approx,0.1,374,56278,39842,200
betweenness_approx,0.1,375,56930,40838,200
betweenness_approx,0.1,376,56502,40288,200
betweenness_approx,0.1,377,56284,40022,200
betweenness_approx,0.1,378,56292,40007,200
betweenness_approx,0.1,379,56619,39741,200
betweenness_approx,0.1,380,56383,39423,200
betweenness_approx,0.1,381,56521,39984,200
betweenness_approx,0.1,382,56809,39842,200
betweenness_approx,0.1,383,56661,40383,200
betweenness_approx,0.1,384,56609,40373,200
betweenness_approx,0.1,385,56581,39962,200
betweenness_approx,0.1,386,56391,39789,200
betweenness_approx,0.1,387,56499,39799,200
betweenness_approx,0.1,388,56542,39945,200
betweenness_approx,0.1,389,56616,40280,200
betweenness_approx,0.1,390,56124,40560,200
betweenness_approx,0.1,391,56283,39835,200
betweenness_approx,0.1,392,56436,40291,200
betweenness_approx,0.1,393,56209,40376,200
betweenness_approx,0.1,394,55967,40025,200
betweenness_approx,0.1,395,56525,40272,200
betweenness_approx,0.1,396,56401,40507,200
betweenness_approx,0.1,397,56375,40026,200
betweenness_approx,0.1,398,56490,39826,200
betweenness_approx,0.1,399,56452,40258,200
betweenness_approx,0.1,400,56749,39960,200
betweenness_approx,0.1,401,56485,40388,200
betweenness_approx,0.1,402,56269,40388,200
betweenness_approx,0.1,403,56320,40395,200
betweenness_approx,0.1,404,56480,39549,200
betweenness_approx,0.1,405,56621,39178,200
betweenness_approx,0.1,406,56422,39897,200
betweenness_approx,0.1,407,56171,39828,200
betweenness_approx,0.1,408,56228,39977,200
betweenness_approx,0.1,409,56325,39859,200
betweenness_approx,0.1,410,56156,39765,200
betweenness_approx,0.1,411,56535,39986,200
betweenness_approx,0.1,412,56330,40036,200
betweenness_approx,0.1,413,56441,40711,200
betweenness_approx,0.1,414,56106,39825,200
betweenness_approx,0.1,415,56233,40617,200
betweenness_approx,0.1,416,56318,39121,200
betweenness_approx,0.1,417,56302,40024,200
betweenness_approx,0.1,418,56325,40117,200
betweenness_approx,0.1,419,56421,39717,200
betweenness_approx,0.1,420,56308,39599,200
betweenness_approx,0.1,421,56399,39377,200
betweenness_approx,0.1,422,56348,39393,200
betweenness_approx,0.1,423,56273,40018,200
betweenness_approx,0.1,424,56387,40326,200
betweenness_approx,0.1,425,56310,39988,200
betweenness_approx,0.1,426,56088,40275,200
betweenness_approx,0.1,427,56338,40215,200
betweenness_approx,0.1,428,56293,39662,200
betweenness_approx,0.1,429,56537,39616,200
betweenness_approx,0.1,430,56616,40442,200
betweenness_approx,0.1,431,56491,40055,200
betweenness_approx,0.1,432,56380,39962,200
betweenness_approx,0.1,433,56357,40272,200
betweenness_approx,0.1,434,56457,40389,200
betweenness_approx,0.1,435,56378,40296,200
betweenness_approx,0.1,436,56508,39532,200
betweenness_approx,0.1,437,56372,39514,200
betweenness_approx,0.1,438,56570,40336,200
betweenness_approx,0.1,439,56227,39912,200
betweenness_approx,0.1,440,56557,39999,200
betweenness_approx,0.1,441,56291,40177,200
betweenness_approx,0.1,442,56480,39488,200
betweenness_approx,0.1,443,56262,40058,200
betweenness_approx,0.1,444,56290,39564,200
betweenness_approx,0.1,445,56239,39673,200
betweenness_approx,0.1,446,56337,40187,200
betweenness_approx,0.1,447,56354,39530,200
betweenness_approx,0.1,448,56524,39693,200
betweenness_approx,0.1,449,56228,40003,200
betweenness_approx,0.1,450,56376,39726,200
betweenness_approx,0.1,451,56623,40180,200
betweenness_approx,0.1,452,56327,39538,200
betweenness_approx,0.1,453,56305,40079,200
betweenness_approx,0.1,454,56448,40164,200
betweenness_approx,0.1,455,56492,39717,200
betweenness_approx,0.1,456,56162,40377,200
betweenness_approx,0.1,457,56667,40536,200
betweenness_approx,0.1,458,56619,40388,200
betweenness_approx,0.1,459,56621,40092,200
betweenness_approx,0.1,460,56250,39918,200
betweenness_approx,0.1,461,56521,40211,200
betweenness_approx,0.1,462,56060,39961,200
betweenness_approx,0.1,463,56629,40280,200
betweenness_approx,0.1,464,56690,40184,200
betweenness_approx,0.1,465,56613,39586,200
betweenness_approx,0.1,466,56580,40052,200
betweenness_approx,0.1,467,56373,39597,200
betweenness_approx,0.1,468,56259,40392,200
betweenness_approx,0.1,469,56729,40435,200
betweenness_approx,0.1,470,56324,39827,200
betweenness_approx,0.1,471,56385,40435,200
betweenness_approx,0.1,472,56357,40160,200
betweenness_approx,0.1,473,56351,40154,200
betweenness_approx,0.1,474,55980,40216,200
betweenness_approx,0.1,475,56067,39993,200
betweenness_approx,0.1,476,56160,40094,200
betweenness_approx,0.1,477,56422,40438,200
betweenness_approx,0.1,478,56480,40183,200
betweenness_approx,0.1,479,56576,39781,200
betweenness_approx,0.1,480,56510,40236,200
betweenness_approx,0.1,481,56556,40536,200
betweenness_approx,0.1,482,56288,39298,200
betweenness_approx,0.1,483,56483,40431,200
betweenness_approx,0.1,484,56000,40194,200
betweenness_approx,0.1,485,56796,39865,200
betweenness_approx,0.1,486,56372,39757,200
betweenness_approx,0.1,487,56544,40846,200
betweenness_approx,0.1,488,56556,40075,200
betweenness_approx,0.1,489,56351,39995,200
betweenness_approx,0.1,490,56307,40015,200
betweenness_approx,0.1,491,56498,40003,200
betweenness_approx,0.1,492,56358,40132,200
betweenness_approx,0.1,493,55897,39575,200
betweenness_approx,0.1,494,56444,39807,200
betweenness_approx,0.1,495,56646,40163,200
betweenness_approx,0.1,496,56782,40270,200
betweenness_approx,0.1,497,56650,40408,200
betweenness_approx,0.1,498,56364,39561,200
betweenness_approx,0.1,499,56231,40536,200
betweenness_approx,0.15,0,47391,30581,200
betweenness_approx,0.15,1,47217,30723,200
betweenness_approx,0.15,2,47086,30666,200
betweenness_approx,0.15,3,47143,29711,200
betweenness_approx,0.15,4,47476,29752,200
betweenness_approx,0.15,5,47636,30301,200
betweenness_approx,0.15,6,47779,31012,200
betweenness_approx,0.15,7,47753,30914,200
betweenness_approx,0.15,8,47378,30598,200
betweenness_approx,0.15,9,47608,30170,200
betweenness_approx,0.15,10,47711,31116,200
betweenness_approx,0.15,11,47337,30403,200
betweenness_approx,0.15,12,47285,30325,200
betweenness_approx,0.15,13,47980,29972,200
betweenness_approx,0.15,14,47067,30044,200
betweenness_approx,0.15,15,47430,29620,200
betweenness_approx,0.15,16,47342,29910,200
betweenness_approx,0.15,17,47596,30491,200
betweenness_approx,0.15,18,47371,29568,200
betweenness_approx,0.15,19,47403,29816,200
betweenness_approx,0.15,20,47082,29806,200
betweenness_approx,0.15,21,47568,30090,200
betweenness_approx,0.15,22,47103,30807,200
betweenness_approx,0.15,23,47905,30414,200
betweenness_approx,0.15,24,47655,30099,200
betweenness_approx,0.15,25,47594,29892,200
betweenness_approx,0.15,26,47422,29853,200
betweenness_approx,0.15,27,47424,30272,200
betweenness_approx,0.15,28,47173,29680,200
betweenness_approx,0.15,29,47371,30163,200
betweenness_approx,0.15,30,47337,29640,200
betweenness_approx,0.15,31,47479,30000,200
betweenness_approx,0.15,32,47272,30688,200
betweenness_approx,0.15,33,47186,29980,200
betweenness_approx,0.15,34,47808,30308,200
betweenness_approx,0.15,35,47178,29577,200
betweenness_approx,0.15,36,47501,30739,200
betweenness_approx,0.15,37,47460,29607,200
betweenness_approx,0.15,38,47464,30376,200
betweenness_approx,0.15,39,47456,30232,200
betweenness_approx,0.15,40,47623,30740,200
betweenness_approx,0.15,41,47452,30538,200
betweenness_approx,0.15,42,47682,30455,200
betweenness_approx,0.15,43,47309,30182,200
betweenness_approx,0.15,44,47668,30385,200
betweenness_approx,0.15,45,47142,30556,200
betweenness_approx,0.15,46,47728,30422,200
betweenness_approx,0.15,47,47100,29419,200
betweenness_approx,0.15,48,47149,29936,200
betweenness_approx,0.15,49,47493,30000,200
betweenness_approx,0.15,50,47784,29706,200
betweenness_approx,0.15,51,46913,30095,200
betweenness_approx,0.15,52,47352,30261,200
betweenness_approx,0.15,53,46787,30169,200
betweenness_approx,0.15,54,46916,30303,200
betweenness_approx,0.15,55,47144,30193,200
betweenness_approx,0.15,56,47142,29732,200
betweenness_approx,0.15,57,47411,30694,200
betweenness_approx,0.15,58,47491,30960,200
betweenness_approx,0.15,59,47303,30204,200
betweenness_approx,0.15,60,47380,29455,200
betweenness_approx,0.15,61,47180,30847,200
betweenness_approx,0.15,62,47381,30157,200
betweenness_approx,0.15,63,46662,30253,200
betweenness_approx,0.15,64,47134,30073,200
betweenness_approx,0.15,65,47220,30800,200
betweenness_approx,0.15,66,47579,30553,200
betweenness_approx,0.15,67,48040,30954,200
betweenness_approx,0.15,68,47554,29694,200
betweenness_approx,0.15,69,47024,30931,200
betweenness_approx,0.15,70,47479,30137,200
betweenness_approx,0.15,71,47596,30488,200
betweenness_approx,0.15,72,47352,30438,200
betweenness_approx,0.15,73,47183,30702,200
betweenness_approx,0.15,74,47583,29946,200
betweenness_approx,0.15,75,47749,30837,200
betweenness_approx,0.15,76,47378,30627,200
betweenness_approx,0.15,77,47458,30321,200
betweenness_approx,0.15,78,47061,30317,200
betweenness_approx,0.15,79,47405,30890,200
betweenness_approx,0.15,80,47162,30232,200
betweenness_approx,0.15,81,47672,30472,200
betweenness_approx,0.15,82,47282,30359,200
betweenness_approx,0.15,83,46956,29464,200
betweenness_approx,0.15,84,47531,30400,200
betweenness_approx,0.15,85,47431,30298,200
betweenness_approx,0.15,86,47342,31003,200
betweenness_approx,0.15,87,47433,30431,200
betweenness_approx,0.15,88,47546,30526,200
betweenness_approx,0.15,89,47499,30080,200
betweenness_approx,0.15,90,47255,29854,200
betweenness_approx,0.15,91,47745,30411,200
betweenness_approx,0.15,92,47860,31240,200
betweenness_approx,0.15,93,47196,30624,200
betweenness_approx,0.15,94,47520,30100,200
betweenness_approx,0.15,95,46696,31070,200
betweenness_approx,0.15,96,47264,29827,200
betweenness_approx,0.15,97,47261,29965,200
betweenness_approx,0.15,98,47484,30516,200
betweenness_approx,0.15,99,47531,30706,200
betweenness_approx,0.15,100,47647,31082,200
betweenness_approx,0.15,101,47448,30746,200
betweenness_approx,0.15,102,47419,30156,200
betweenness_approx,0.15,103,47584,29915,200
betweenness_approx,0.15,104,47249,29811,200
betweenness_approx,0.15,105,47280,30296,200
betweenness_approx,0.15,106,46947,29793,200
betweenness_approx,0.15,107,47263,30251,200
betweenness_approx,0.15,108,47649,30966,200
betweenness_approx,0.15,109,47221,30207,200
betweenness_approx,0.15,110,47662,30761,200
betweenness_approx,0.15,111,47592,30371,200
betweenness_approx,0.15,112,47201,29865,200
betweenness_approx,0.15,113,47737,30398,200
betweenness_approx,0.15,114,47282,30131,200
betweenness_approx,0.15,115,47406,30203,200
betweenness_approx,0.15,116,46977,30245,200
betweenness_approx,0.15,117,47443,29488,200
betweenness_approx,0.15,118,47576,30632,200
betweenness_approx,0.15,119,47503,30424,200
betweenness_approx,0.15,120,47410,30774,200
betweenness_approx,0.15,121,47522,30450,200
betweenness_approx,0.15,122,47515,30222,200
betweenness_approx,0.15,123,47263,30381,200
betweenness_approx,0.15,124,62,43,200
betweenness_approx,0.15,125,47119,30538,200
betweenness_approx,0.15,126,47275,29958,200
betweenness_approx,0.15,127,47297,30180,200
betweenness_approx,0.15,128,47787,30234,200
betweenness_approx,0.15,129,47503,30530,200
betweenness_approx,0.15,130,47186,30794,200
betweenness_approx,0.15,131,47590,31021,200
betweenness_approx,0.15,132,47408,30555,200
betweenness_approx,0.15,133,47479,30152,200
betweenness_approx,0.15,134,47030,29320,200
betweenness_approx,0.15,135,47193,30714,200
betweenness_approx,0.15,136,47337,29591,200
betweenness_approx,0.15,137,47331,29310,200
betweenness_approx,0.15,138,47858,29922,200
betweenness_approx,0.15,139,47095,30158,200
betweenness_approx,0.15,140,47358,30055,200
betweenness_approx,0.15,141,47725,30476,200
betweenness_approx,0.15,142,47581,30557,200
betweenness_approx,0.15,143,47117,30251,200
betweenness_approx,0.15,144,47563,30748,200
betweenness_approx,0.15,145,47717,30317,200
betweenness_approx,0.15,146,47699,29852,200
betweenness_approx,0.15,147,47509,30115,200
betweenness_approx,0.15,148,47238,30817,200
betweenness_approx,0.15,149,47730,29983,200
betweenness_approx,0.15,150,47499,30467,200
betweenness_approx,0.15,151,47422,31217,200
betweenness_approx,0.15,152,47341,30352,200
betweenness_approx,0.15,153,47155,30363,200
betweenness_approx,0.15,154,47499,29819,200
betweenness_approx,0.15,155,47493,29913,200
betweenness_approx,0.15,156,47142,29360,200
betweenness_approx,0.15,157,47705,30458,200
betweenness_approx,0.15,158,47607,29745,200
betweenness_approx,0.15,159,47502,30555,200
betweenness_approx,0.15,160,47378,30167,200
betweenness_approx,0.15,161,47685,30590,200
betweenness_approx,0.15,162,47656,30649,200
betweenness_approx,0.15,163,47274,30449,200
betweenness_approx,0.15,164,47590,30067,200
betweenness_approx,0.15,165,47815,30078,200
betweenness_approx,0.15,166,47207,30511,200
betweenness_approx,0.15,167,47032,30036,200
betweenness_approx,0.15,168,47311,29984,200
betweenness_approx,0.15,169,47341,30305,200
betweenness_approx,0.15,170,47602,29631,200
betweenness_approx,0.15,171,47577,30537,200
betweenness_approx,0.15,172,47660,30490,200
betweenness_approx,0.15,173,47217,30403,200
betweenness_approx,0.15,174,47505,30033,200
betweenness_approx,0.15,175,47446,29312,200
betweenness_approx,0.15,176,47374,30236,200
betweenness_approx,0.15,177,47402,30737,200
betweenness_approx,0.15,178,47414,30851,200
betweenness_approx,0.15,179,47838,30554,200
betweenness_approx,0.15,180,47522,30297,200
betweenness_approx,0.15,181,47173,30329,200
betweenness_approx,0.15,182,47358,30219,200
betweenness_approx,0.15,183,47254,29668,200
betweenness_approx,0.15,184,47562,30792,200
betweenness_approx,0.15,185,47558,29995,200
betweenness_approx,0.15,186,47376,30423,200
betweenness_approx,0.15,187,47525,30665,200
betweenness_approx,0.15,188,47419,29800,200
betweenness_approx,0.15,189,46963,30741,200
betweenness_approx,0.15,190,47299,30640,200
betweenness_approx,0.15,191,47155,29551,200
betweenness_approx,0.15,192,47746,30706,200
betweenness_approx,0.15,193,47607,30608,200
betweenness_approx,0.15,194,46906,30017,200
betweenness_approx,0.15,195,47388,29714,200
betweenness_approx,0.15,196,47474,30451,200
betweenness_approx,0.15,197,47384,30588,200
betweenness_approx,0.15,198,47851,30677,200
betweenness_approx,0.15,199,47203,29979,200
betweenness_approx,0.15,200,47136,30573,200
betweenness_approx,0.15,201,47508,30183,200
betweenness_approx,0.15,202,47445,30559,200
betweenness_approx,0.15,203,47351,30615,200
betweenness_approx,0.15,204,47564,31069,200
betweenness_approx,0.15,205,47638,29435,200
betweenness_approx,0.15,206,47508,30808,200
betweenness_approx,0.15,207,47458,30023,200
betweenness_approx,0.15,208,47289,29880,200
betweenness_approx,0.15,209,47583,29871,200
betweenness_approx,0.15,210,155,127,200
betweenness_approx,0.15,211,47172,30726,200
betweenness_approx,0.15,212,47508,29884,200
betweenness_approx,0.15,213,47264,30163,200
betweenness_approx,0.15,214,47487,29500,200
betweenness_approx,0.15,215,47474,30382,200
betweenness_approx,0.15,216,47471,30485,200
betweenness_approx,0.15,217,47632,31104,200
betweenness_approx,0.15,218,47421,31048,200
betweenness_approx,0.15,219,47028,30365,200
betweenness_approx,0.15,220,47368,30589,200
betweenness_approx,0.15,221,47376,30344,200
betweenness_approx,0.15,222,46948,30269,200
betweenness_approx,0.15,223,47719,30240,200
betweenness_approx,0.15,224,47302,30878,200
betweenness_approx,0.15,225,47808,30461,200
betweenness_approx,0.15,226,46914,30050,200
betweenness_approx,0.15,227,47717,30212,200
betweenness_approx,0.15,228,47476,30829,200
betweenness_approx,0.15,229,47292,30699,200
betweenness_approx,0.15,230,47317,30327,200
betweenness_approx,0.15,231,47317,30647,200
betweenness_approx,0.15,232,47702,30177,200
betweenness_approx,0.15,233,47706,30474,200
betweenness_approx,0.15,234,47600,30264,200
betweenness_approx,0.15,235,47296,30672,200
betweenness_approx,0.15,236,47376,30097,200
betweenness_approx,0.15,237,47044,30032,200
betweenness_approx,0.15,238,47522,30593,200
betweenness_approx,0.15,239,47370,30469,200
betweenness_approx,0.15,240,47389,30418,200
betweenness_approx,0.15,241,46994,30128,200
betweenness_approx,0.15,242,47152,29960,200
betweenness_approx,0.15,243,47572,29978,200
betweenness_approx,0.15,244,47507,31232,200
betweenness_approx,0.15,245,47175,29652,200
betweenness_approx,0.15,246,47478,31004,200
betweenness_approx,0.15,247,47491,31099,200
betweenness_approx,0.15,248,46904,30762,200
betweenness_approx,0.15,249,47209,30036,200
betweenness_approx,0.15,250,47742,30191,200
betweenness_approx,0.15,251,47504,29256,200
betweenness_approx,0.15,252,47128,29706,200
betweenness_approx,0.15,253,47511,31324,200
betweenness_approx,0.15,254,47152,30529,200
betweenness_approx,0.15,255,47436,30130,200
betweenness_approx,0.15,256,47252,30139,200
betweenness_approx,0.15,257,47213,29824,200
betweenness_approx,0.15,258,47646,30859,200
betweenness_approx,0.15,259,47237,30111,200
betweenness_approx,0.15,260,47244,30116,200
betweenness_approx,0.15,261,47410,30225,200
betweenness_approx,0.15,262,47590,30582,200
betweenness_approx,0.15,263,47321,30251,200
betweenness_approx,0.15,264,47279,30377,200
betweenness_approx,0.15,265,47335,30266,200
betweenness_approx,0.15,266,47458,30839,200
betweenness_approx,0.15,267,47690,30677,200
betweenness_approx,0.15,268,47430,30399,200
betweenness_approx,0.15,269,47194,31902,200
betweenness_approx,0.15,270,47584,30604,200
betweenness_approx,0.15,271,47429,29859,200
betweenness_approx,0.15,272,47213,29670,200
betweenness_approx,0.15,273,47081,30194,200
betweenness_approx,0.15,274,47528,30386,200
betweenness_approx,0.15,275,47395,29377,200
betweenness_approx,0.15,276,47386,30701,200
betweenness_approx,0.15,277,47326,30424,200
betweenness_approx,0.15,278,47288,30014,200
betweenness_approx,0.15,279,47336,29779,200
betweenness_approx,0.15,280,47068,29459,200
betweenness_approx,0.15,281,47367,30728,200
betweenness_approx,0.15,282,47379,30831,200
betweenness_approx,0.15,283,47402,30573,200
betweenness_approx,0.15,284,47394,29699,200
betweenness_approx,0.15,285,47790,30999,200
betweenness_approx,0.15,286,47385,30318,200
betweenness_approx,0.15,287,47553,30246,200
betweenness_approx,0.15,288,47620,30354,200
betweenness_approx,0.15,289,47476,30348,200
betweenness_approx,0.15,290,47419,30247,200
betweenness_approx,0.15,291,47336,30705,200
betweenness_approx,0.15,292,47416,29292,200
betweenness_approx,0.15,293,47399,30798,200
betweenness_approx,0.15,294,170,138,200
betweenness_approx,0.15,295,47704,30259,200
betweenness_approx,0.15,296,47383,30413,200
betweenness_approx,0.15,297,47455,30108,200
betweenness_approx,0.15,298,47788,30383,200
betweenness_approx,0.15,299,47532,30671,200
betweenness_approx,0.15,300,47565,30124,200
betweenness_approx,0.15,301,47445,31001,200
betweenness_approx,0.15,302,47078,30256,200
betweenness_approx,0.15,303,47350,29183,200
betweenness_approx,0.15,304,47428,30481,200
betweenness_approx,0.15,305,47275,30240,200
betweenness_approx,0.15,306,47599,30641,200
betweenness_approx,0.15,307,47482,30246,200
betweenness_approx,0.15,308,47168,30722,200
betweenness_approx,0.15,309,46688,29970,200
betweenness_approx,0.15,310,47592,30218,200
betweenness_approx,0.15,311,47461,30553,200
betweenness_approx,0.15,312,47467,30636,200
betweenness_approx,0.15,313,47552,30584,200
betweenness_approx,0.15,314,47353,30467,200
betweenness_approx,0.15,315,47362,29605,200
betweenness_approx,0.15,316,47663,30307,200
betweenness_approx,0.15,317,47319,29645,200
betweenness_approx,0.15,318,47672,30708,200
betweenness_approx,0.15,319,47500,30507,200
betweenness_approx,0.15,320,47491,30870,200
betweenness_approx,0.15,321,47550,30649,200
betweenness_approx,0.15,322,47487,29371,200
betweenness_approx,0.15,323,47174,30726,200
betweenness_approx,0.15,324,47391,29795,200
betweenness_approx,0.15,325,47547,30126,200
betweenness_approx,0.15,326,47495,30131,200
betweenness_approx,0.15,327,47436,30147,200
betweenness_approx,0.15,328,47095,29571,200
betweenness_approx,0.15,329,47044,29195,200
betweenness_approx,0.15,330,47385,30859,200
betweenness_approx,0.15,331,47541,30143,200
betweenness_approx,0.15,332,47161,30849,200
betweenness_approx,0.15,333,47102,30739,200
betweenness_approx,0.15,334,47401,30277,200
betweenness_approx,0.15,335,47480,30308,200
betweenness_approx,0.15,336,47259,30430,200
betweenness_approx,0.15,337,47388,30299,200
betweenness_approx,0.15,338,47409,30402,200
betweenness_approx,0.15,339,47254,29727,200
betweenness_approx,0.15,340,47266,29418,200
betweenness_approx,0.15,341,47429,30540,200
betweenness_approx,0.15,342,47450,29854,200
betweenness_approx,0.15,343,47294,29586,200
betweenness_approx,0.15,344,47621,29955,200
betweenness_approx,0.15,345,47327,29588,200
betweenness_approx,0.15,346,47396,30224,200
betweenness_approx,0.15,347,47383,30706,200
betweenness_approx,0.15,348,47604,29930,200
betweenness_approx,0.15,349,47355,30740,200
betweenness_approx,0.15,350,47458,30007,200
betweenness_approx,0.15,351,47352,29868,200
betweenness_approx,0.15,352,47581,30299,200
betweenness_approx,0.15,353,47552,29621,200
betweenness_approx,0.15,354,47142,30166,200
betweenness_approx,0.15,355,47560,30816,200
betweenness_approx,0.15,356,47104,30359,200
betweenness_approx,0.15,357,47101,30148,200
betweenness_approx,0.15,358,47061,29959,200
betweenness_approx,0.15,359,47544,29828,200
betweenness_approx,0.15,360,47579,30412,200
betweenness_approx,0.15,361,47333,30874,200
betweenness_approx,0.15,362,47051,30300,200
betweenness_approx,0.15,363,47597,30001,200
betweenness_approx,0.15,364,47554,30962,200
betweenness_approx,0.15,365,47240,30373,200
betweenness_approx,0.15,366,47447,30836,200
betweenness_approx,0.15,367,47394,29669,200
betweenness_approx,0.15,368,47667,30983,200
betweenness_approx,0.15,369,47531,30462,200
betweenness_approx,0.15,370,47290,30933,200
betweenness_approx,0.15,371,47203,29925,200
betweenness_approx,0.15,372,47378,31008,200
betweenness_approx,0.15,373,46643,30839,200
betweenness_approx,0.15,374,47291,29958,200
betweenness_approx,0.15,375,47389,29917,200
betweenness_approx,0.15,376,47511,31103,200
betweenness_approx,0.15,377,47847,30671,200
betweenness_approx,0.15,378,47243,29839,200
betweenness_approx,0.15,379,47458,30316,200
betweenness_approx,0.15,380,47397,30927,200
betweenness_approx,0.15,381,46850,30827,200
betweenness_approx,0.15,382,47675,30993,200
betweenness_approx,0.15,383,47096,30584,200
betweenness_approx,0.15,384,47305,30293,200
betweenness_approx,0.15,385,47273,30223,200
betweenness_approx,0.15,386,47235,30618,200
betweenness_approx,0.15,387,47540,30761,200
betweenness_approx,0.15,388,46949,30146,200
betweenness_approx,0.15,389,47766,30577,200
betweenness_approx,0.15,390,47428,29746,200
betweenness_approx,0.15,391,47123,30103,200
betweenness_approx,0.15,392,47520,30007,200
betweenness_approx,0.15,393,47268,30686,200
betweenness_approx,0.15,394,46996,29999,200
betweenness_approx,0.15,395,47401,30147,200
betweenness_approx,0.15,396,47512,30533,200
betweenness_approx,0.15,397,47434,29906,200
betweenness_approx,0.15,398,47427,30530,200
betweenness_approx,0.15,399,47541,30093,200
betweenness_approx,0.15,400,47483,30415,200
betweenness_approx,0.15,401,47356,30000,200
betweenness_approx,0.15,402,47128,30321,200
betweenness_approx,0.15,403,47236,30383,200
betweenness_approx,0.15,404,47585,31011,200
betweenness_approx,0.15,405,47506,30249,200
betweenness_approx,0.15,406,47566,30752,200
betweenness_approx,0.15,407,47518,30350,200
betweenness_approx,0.15,408,47663,30794,200
betweenness_approx,0.15,409,47253,29745,200
betweenness_approx,0.15,410,47149,30080,200
betweenness_approx,0.15,411,47508,29658,200
betweenness_approx,0.15,412,47633,31082,200
betweenness_approx,0.15,413,47678,30531,200
betweenness_approx,0.15,414,5,5,128
betweenness_approx,0.15,415,47791,30676,200
betweenness_approx,0.15,416,47476,30953,200
betweenness_approx,0.15,417,47721,30806,200
betweenness_approx,0.15,418,47270,28844,200
betweenness_approx,0.15,419,47433,30045,200
betweenness_approx,0.15,420,47540,30420,200
betweenness_approx,0.15,421,47387,29936,200
betweenness_approx,0.15,422,47353,30397,200
betweenness_approx,0.15,423,47335,29950,200
betweenness_approx,0.15,424,47425,30934,200
betweenness_approx,0.15,425,47701,30845,200
betweenness_approx,0.15,426,47631,30979,200
betweenness_approx,0.15,427,47550,30903,200
betweenness_approx,0.15,428,47362,29930,200
betweenness_approx,0.15,429,47254,30440,200
betweenness_approx,0.15,430,47235,30499,200
betweenness_approx,0.15,431,47627,30449,200
betweenness_approx,0.15,432,47571,30030,200
betweenness_approx,0.15,433,47614,30895,200
betweenness_approx,0.15,434,47655,30589,200
betweenness_approx,0.15,435,47344,30136,200
betweenness_approx,0.15,436,47436,30562,200
betweenness_approx,0.15,437,47296,30154,200
betweenness_approx,0.15,438,47259,30769,200
betweenness_approx,0.15,439,47904,31113,200
betweenness_approx,0.15,440,47685,30713,200
betweenness_approx,0.15,441,47638,29471,200
betweenness_approx,0.15,442,47582,31403,200
betweenness_approx,0.15,443,47577,31052,200
betweenness_approx,0.15,444,47395,30095,200
betweenness_approx,0.15,445,47348,30529,200
betweenness_approx,0.15,446,47458,30755,200
betweenness_approx,0.15,447,47267,31183,200
betweenness_approx,0.15,448,47579,30745,200
betweenness_approx,0.15,449,47141,29299,200
betweenness_approx,0.15,450,47243,30278,200
betweenness_approx,0.15,451,47442,30171,200
betweenness_approx,0.15,452,47032,30754,200
betweenness_approx,0.15,453,47698,29888,200
betweenness_approx,0.15,454,47325,31087,200
betweenness_approx,0.15,455,47572,29793,200
betweenness_approx,0.15,456,47272,30579,200
betweenness_approx,0.15,457,47155,29734,200
betweenness_approx,0.15,458,47611,29772,200
betweenness_approx,0.15,459,47011,29846,200
betweenness_approx,0.15,460,47883,30912,200
betweenness_approx,0.15,461,47195,30486,200
betweenness_approx,0.15,462,47303,29031,200
betweenness_approx,0.15,463,47195,30256,200
betweenness_approx,0.15,464,47787,31132,200
betweenness_approx,0.15,465,46889,29887,200
betweenness_approx,0.15,466,47265,30499,200
betweenness_approx,0.15,467,47547,29766,200
betweenness_approx,0.15,468,47339,29609,200
betweenness_approx,0.15,469,47100,30462,200
betweenness_approx,0.15,470,47332,30649,200
betweenness_approx,0.15,471,47257,30270,200
betweenness_approx,0.15,472,47613,29741,200
betweenness_approx,0.15,473,47572,30850,200
betweenness_approx,0.15,474,47373,30194,200
betweenness_approx,0.15,475,47172,28828,200
betweenness_approx,0.15,476,47568,30952,200
betweenness_approx,0.15,477,47059,29888,200
betweenness_approx,0.15,478,47797,30241,200
betweenness_approx,0.15,479,47368,29842,200
betweenness_approx,0.15,480,47812,30438,200
betweenness_approx,0.15,481,47015,29292,200
betweenness_approx,0.15,482,47317,30004,200
betweenness_approx,0.15,483,47480,29874,200
betweenness_approx,0.15,484,47704,31093,200
betweenness_approx,0.15,485,47177,29902,200
betweenness_approx,0.15,486,47310,30655,200
betweenness_approx,0.15,487,47730,31227,200
betweenness_approx,0.15,488,47780,30185,200
betweenness_approx,0.15,489,47247,31263,200
betweenness_approx,0.15,490,47555,30326,200
betweenness_approx,0.15,491,46987,30899,200
betweenness_approx,0.15,492,47547,30093,200
betweenness_approx,0.15,493,47525,30230,200
betweenness_approx,0.15,494,47277,30351,200
betweenness_approx,0.15,495,47076,30343,200
betweenness_approx,0.15,496,46756,30894,200
betweenness_approx,0.15,497,47695,30489,200
betweenness_approx,0.15,498,48082,30708,200
betweenness_approx,0.15,499,47453,30171,200
betweenness_approx,0.2,0,35802,21300,200
betweenness_approx,0.2,1,36120,19563,200
betweenness_approx,0.2,2,36153,20323,200
betweenness_approx,0.2,3,36232,20571,200
betweenness_approx,0.2,4,35779,19896,200
betweenness_approx,0.2,5,36047,19913,200
betweenness_approx,0.2,6,34760,19774,200
betweenness_approx,0.2,7,36021,18440,200
betweenness_approx,0.2,8,36644,19610,200
betweenness_approx,0.2,9,35496,20512,200
betweenness_approx,0.2,10,36374,19753,200
betweenness_approx,0.2,11,36011,20215,200
betweenness_approx,0.2,12,35849,19022,200
betweenness_approx,0.2,13,35862,19984,200
betweenness_approx,0.2,14,36356,20432,200
betweenness_approx,0.2,15,36300,20777,200
betweenness_approx,0.2,16,36192,20758,200
betweenness_approx,0.2,17,35964,20860,200
betweenness_approx,0.2,18,35472,18808,200
betweenness_approx,0.2,19,35988,19241,200
betweenness_approx,0.2,20,36285,21362,200
betweenness_approx,0.2,21,36546,19203,200
betweenness_approx,0.2,22,35535,18228,200
betweenness_approx,0.2,23,36571,21421,200
betweenness_approx,0.2,24,36119,20912,200
betweenness_approx,0.2,25,36408,21403,200
betweenness_approx,0.2,26,35987,19949,200
betweenness_approx,0.2,27,35869,21588,200
betweenness_approx,0.2,28,36111,20012,200
betweenness_approx,0.2,29,36022,20134,200
betweenness_approx,0.2,30,35617,17921,200
betweenness_approx,0.2,31,35610,18997,200
betweenness_approx,0.2,32,35706,17347,200
betweenness_approx,0.2,33,36421,18318,200
betweenness_approx,0.2,34,35466,18088,200
betweenness_approx,0.2,35,36003,20503,200
betweenness_approx,0.2,36,36332,19597,200
betweenness_approx,0.2,37,36210,21615,200
betweenness_approx,0.2,38,35937,20579,200
betweenness_approx,0.2,39,35317,19187,200
betweenness_approx,0.2,40,36128,21265,200
betweenness_approx,0.2,41,36772,19937,200
betweenness_approx,0.2,42,33304,19640,200
betweenness_approx,0.2,43,36572,19743,200
betweenness_approx,0.2,44,35158,20479,200
betweenness_approx,0.2,45,34962,19937,200
betweenness_approx,0.2,46,35862,17970,200
betweenness_approx,0.2,47,36443,19312,200
betweenness_approx,0.2,48,36067,18878,200
betweenness_approx,0.2,49,35781,18117,200
betweenness_approx,0.2,50,35906,18244,200
betweenness_approx,0.2,51,35736,20669,200
betweenness_approx,0.2,52,36082,20163,200
betweenness_approx,0.2,53,36056,21339,200
betweenness_approx,0.2,54,36186,20944,200
betweenness_approx,0.2,55,34837,19787,200
betweenness_approx,0.2,56,35633,21589,200
betweenness_approx,0.2,57,36222,19315,200
betweenness_approx,0.2,58,32088,19511,200
betweenness_approx,0.2,59,36149,19893,200
betweenness_approx,0.2,60,36281,18996,200
betweenness_approx,0.2,61,36828,20764,200
betweenness_approx,0.2,62,36078,18210,200
betweenness_approx,0.2,63,36514,18235,200
betweenness_approx,0.2,64,31102,17821,200
betweenness_approx,0.2,65,36137,19722,200
betweenness_approx,0.2,66,36480,18075,200
betweenness_approx,0.2,67,36737,20441,200
betweenness_approx,0.2,68,35992,18565,200
betweenness_approx,0.2,69,35444,18158,200
betweenness_approx,0.2,70,35540,20972,200
betweenness_approx,0.2,71,36008,20554,200
betweenness_approx,0.2,72,36495,21254,200
betweenness_approx,0.2,73,36207,20973,200
betweenness_approx,0.2,74,35909,18739,200
betweenness_approx,0.2,75,36427,20396,200
betweenness_approx,0.2,76,36467,20624,200
betweenness_approx,0.2,77,36291,20170,200
betweenness_approx,0.2,78,36104,18341,200
betweenness_approx,0.2,79,36057,19873,200
betweenness_approx,0.2,80,36464,20350,200
betweenness_approx,0.2,81,35815,20143,200
betweenness_approx,0.2,82,36039,20750,200
betweenness_approx,0.2,83,79,50,200
betweenness_approx,0.2,84,36662,21487,200
betweenness_approx,0.2,85,35046,21431,200
betweenness_approx,0.2,86,154,125,200
betweenness_approx,0.2,87,36373,19867,200
betweenness_approx,0.2,88,36333,20936,200
betweenness_approx,0.2,89,36304,18839,200
betweenness_approx,0.2,90,36256,20297,200
betweenness_approx,0.2,91,35822,17689,200
betweenness_approx,0.2,92,36035,18448,200
betweenness_approx,0.2,93,35968,19530,200
betweenness_approx,0.2,94,35479,17520,200
betweenness_approx,0.2,95,36567,20543,200
betweenness_approx,0.2,96,36707,20664,200
betweenness_approx,0.2,97,35904,20504,200
betweenness_approx,0.2,98,34898,19499,200
betweenness_approx,0.2,99,36446,20378,200
betweenness_approx,0.2,100,182,139,200
betweenness_approx,0.2,101,35258,20480,200
betweenness_approx,0.2,102,35830,19199,200
betweenness_approx,0.2,103,35451,18236,200
betweenness_approx,0.2,104,36234,21481,200
betweenness_approx,0.2,105,31223,20787,200
betweenness_approx,0.2,106,36065,19289,200
betweenness_approx,0.2,107,36179,20606,200
betweenness_approx,0.2,108,33159,19320,200
betweenness_approx,0.2,109,35960,20680,200
betweenness_approx,0.2,110,35864,18086,200
betweenness_approx,0.2,111,35805,20983,200
betweenness_approx,0.2,112,36146,20880,200
betweenness_approx,0.2,113,35989,20931,200
betweenness_approx,0.2,114,36249,20094,200
betweenness_approx,0.2,115,35719,18284,200
betweenness_approx,0.2,116,36029,17773,200
betweenness_approx,0.2,117,36017,19317,200
betweenness_approx,0.2,118,33743,19245,200
betweenness_approx,0.2,119,36314,20871,200
betweenness_approx,0.2,120,35925,20038,200
betweenness_approx,0.2,121,35632,20126,200
betweenness_approx,0.2,122,36094,20705,200
betweenness_approx,0.2,123,36035,19841,200
betweenness_approx,0.2,124,35673,21222,200
betweenness_approx,0.2,125,36063,18325,200
betweenness_approx,0.2,126,36100,17204,200
betweenness_approx,0.2,127,35030,19598,200
betweenness_approx,0.2,128,253,192,200
betweenness_approx,0.2,129,36376,21550,200
betweenness_approx,0.2,130,35979,19774,200
betweenness_approx,0.2,131,36069,21131,200
betweenness_approx,0.2,132,36203,19322,200
betweenness_approx,0.2,133,35671,19886,200
betweenness_approx,0.2,134,35971,20565,200
betweenness_approx,0.2,135,36234,21257,200
betweenness_approx,0.2,136,36472,21166,200
betweenness_approx,0.2,137,36072,20144,200
betweenness_approx,0.2,138,36065,18855,200
betweenness_approx,0.2,139,36316,19923,200
betweenness_approx,0.2,140,36027,21014,200
betweenness_approx,0.2,141,36416,21346,200
betweenness_approx,0.2,142,36327,21322,200
betweenness_approx,0.2,143,35407,21053,200
betweenness_approx,0.2,144,35579,19876,200
betweenness_approx,0.2,145,36447,19252,200
betweenness_approx,0.2,146,35983,19982,200
betweenness_approx,0.2,147,35897,21354,200
betweenness_approx,0.2,148,35544,19373,200
betweenness_approx,0.2,149,36345,18905,200
betweenness_approx,0.2,150,36225,21019,200
betweenness_approx,0.2,151,36152,20034,200
betweenness_approx,0.2,152,35745,18607,200
betweenness_approx,0.2,153,36272,20948,200
betweenness_approx,0.2,154,36306,21274,200
betweenness_approx,0.2,155,36267,19107,200
betweenness_approx,0.2,156,34911,18775,200
betweenness_approx,0.2,157,36531,20807,200
betweenness_approx,0.2,158,36085,18697,200
betweenness_approx,0.2,159,34553,20750,200
betweenness_approx,0.2,160,36555,19575,200
betweenness_approx,0.2,161,36070,18288,200
betweenness_approx,0.2,162,35785,20336,200
betweenness_approx,0.2,163,35980,19309,200
betweenness_approx,0.2,164,258,202,200
betweenness_approx,0.2,165,35304,20219,200
betweenness_approx,0.2,166,35897,18445,200
betweenness_approx,0.2,167,36156,19791,200
betweenness_approx,0.2,168,36494,20978,200
betweenness_approx,0.2,169,35790,20048,200
betweenness_approx,0.2,170,35579,18307,200
betweenness_approx,0.2,171,36299,20524,200
betweenness_approx,0.2,172,35786,17871,200
betweenness_approx,0.2,173,35829,21014,200
betweenness_approx,0.2,174,35749,20622,200
betweenness_approx,0.2,175,35635,18950,200
betweenness_approx,0.2,176,36389,21448,200
betweenness_approx,0.2,177,36097,20669,200
betweenness_approx,0.2,178,35822,21203,200
betweenness_approx,0.2,179,36054,19584,200
betweenness_approx,0.2,180,36051,20707,200
betweenness_approx,0.2,181,36169,21469,200
betweenness_approx,0.2,182,35094,18423,200
betweenness_approx,0.2,183,35217,18692,200
betweenness_approx,0.2,184,35955,19677,200
betweenness_approx,0.2,185,36476,20813,200
betweenness_approx,0.2,186,87,66,200
betweenness_approx,0.2,187,36383,21185,200
betweenness_approx,0.2,188,35541,20388,200
betweenness_approx,0.2,189,36231,21289,200
betweenness_approx,0.2,190,36070,18145,200
betweenness_approx,0.2,191,36195,21335,200
betweenness_approx,0.2,192,35602,20464,200
betweenness_approx,0.2,193,36266,20811,200
betweenness_approx,0.2,194,36299,20389,200
betweenness_approx,0.2,195,36106,21446,200
betweenness_approx,0.2,196,36548,19207,200
betweenness_approx,0.2,197,35516,19148,200
betweenness_approx,0.2,198,36250,20338,200
betweenness_approx,0.2,199,36139,19821,200
betweenness_approx,0.2,200,36351,19319,200
betweenness_approx,0.2,201,35569,20590,200
betweenness_approx,0.2,202,36241,20658,200
betweenness_approx,0.2,203,35696,19913,200
betweenness_approx,0.2,204,35954,21263,200
betweenness_approx,0.2,205,35116,19095,200
betweenness_approx,0.2,206,35753,17431,200
betweenness_approx,0.2,207,36509,19878,200
betweenness_approx,0.2,208,36064,18809,200
betweenness_approx,0.2,209,35597,17466,200
betweenness_approx,0.2,210,36309,21618,200
betweenness_approx,0.2,211,35867,18347,200
betweenness_approx,0.2,212,36291,21170,200
betweenness_approx,0.2,213,36314,20345,200
betweenness_approx,0.2,214,35747,17591,200
betweenness_approx,0.2,215,36010,20289,200
betweenness_approx,0.2,216,35338,19753,200
betweenness_approx,0.2,217,36065,21605,200
betweenness_approx,0.2,218,35757,19398,200
betweenness_approx,0.2,219,35833,20278,200
betweenness_approx,0.2,220,35987,20271,200
betweenness_approx,0.2,221,36473,21194,200
betweenness_approx,0.2,222,36252,20000,200
betweenness_approx,0.2,223,35890,19491,200
betweenness_approx,0.2,224,36008,19337,200
betweenness_approx,0.2,225,36476,19691,200
betweenness_approx,0.2,226,35953,20016,200
betweenness_approx,0.2,227,36414,20348,200
betweenness_approx,0.2,228,35126,17661,200
betweenness_approx,0.2,229,36491,21039,200
betweenness_approx,0.2,230,36183,21624,200
betweenness_approx,0.2,231,35839,18724,200
betweenness_approx,0.2,232,36718,21717,200
betweenness_approx,0.2,233,36135,20024,200
betweenness_approx,0.2,234,34906,19972,200
betweenness_approx,0.2,235,35639,21045,200
betweenness_approx,0.2,236,35789,20502,200
betweenness_approx,0.2,237,35960,20867,200
betweenness_approx,0.2,238,36035,19898,200
betweenness_approx,0.2,239,35447,19682,200
betweenness_approx,0.2,240,36264,19885,200
betweenness_approx,0.2,241,36156,20494,200
betweenness_approx,0.2,242,35683,17728,200
betweenness_approx,0.2,243,63,50,200
betweenness_approx,0.2,244,36130,21364,200
betweenness_approx,0.2,245,35862,17319,200
betweenness_approx,0.2,246,35989,20759,200
betweenness_approx,0.2,247,36578,20346,200
betweenness_approx,0.2,248,35485,19833,200
betweenness_approx,0.2,249,35566,17913,200
betweenness_approx,0.2,250,34627,18995,200
betweenness_approx,0.2,251,36303,20536,200
betweenness_approx,0.2,252,36958,20991,200
betweenness_approx,0.2,253,35963,19104,200
betweenness_approx,0.2,254,35295,17628,200
betweenness_approx,0.2,255,35730,20254,200
betweenness_approx,0.2,256,36156,20308,200
betweenness_approx,0.2,257,35774,19040,200
betweenness_approx,0.2,258,35653,18572,200
betweenness_approx,0.2,259,36292,19733,200
betweenness_approx,0.2,260,36251,20254,200
betweenness_approx,0.2,261,36271,20680,200
betweenness_approx,0.2,262,36237,17203,200
betweenness_approx,0.2,263,36382,20684,200
betweenness_approx,0.2,264,35787,20784,200
betweenness_approx,0.2,265,36017,21436,200
betweenness_approx,0.2,266,35876,19209,200
betweenness_approx,0.2,267,36220,19555,200
betweenness_approx,0.2,268,23435,17546,200
betweenness_approx,0.2,269,36466,21285,200
betweenness_approx,0.2,270,35968,20466,200
betweenness_approx,0.2,271,36197,18796,200
betweenness_approx,0.2,272,36314,20980,200
betweenness_approx,0.2,273,36109,19346,200
betweenness_approx,0.2,274,35786,17992,200
betweenness_approx,0.2,275,36011,19261,200
betweenness_approx,0.2,276,36047,20430,200
betweenness_approx,0.2,277,35992,20975,200
betweenness_approx,0.2,278,36036,19256,200
betweenness_approx,0.2,279,35636,19446,200
betweenness_approx,0.2,280,36385,20394,200
betweenness_approx,0.2,281,36325,18645,200
betweenness_approx,0.2,282,36461,20200,200
betweenness_approx,0.2,283,35996,20818,200
betweenness_approx,0.2,284,35905,18501,200
betweenness_approx,0.2,285,36172,17864,200
betweenness_approx,0.2,286,36289,21343,200
betweenness_approx,0.2,287,36116,18290,200
betweenness_approx,0.2,288,36093,20893,200
betweenness_approx,0.2,289,35782,19359,200
betweenness_approx,0.2,290,36197,20238,200
betweenness_approx,0.2,291,35503,19724,200
betweenness_approx,0.2,292,35775,19126,200
betweenness_approx,0.2,293,34999,19831,200
betweenness_approx,0.2,294,35742,17525,200
betweenness_approx,0.2,295,35853,19897,200
betweenness_approx,0.2,296,35539,20014,200
betweenness_approx,0.2,297,9,6,200
betweenness_approx,0.2,298,50,31,200
betweenness_approx,0.2,299,35881,18709,200
betweenness_approx,0.2,300,35557,19093,200
betweenness_approx,0.2,301,35705,19946,200
betweenness_approx,0.2,302,36182,21230,200
betweenness_approx,0.2,303,35907,18556,200
betweenness_approx,0.2,304,35019,18997,200
betweenness_approx,0.2,305,36459,19079,200
betweenness_approx,0.2,306,35830,21020,200
betweenness_approx,0.2,307,35993,18158,200
betweenness_approx,0.2,308,36170,18829,200
betweenness_approx,0.2,309,36109,19898,200
betweenness_approx,0.2,310,36170,18179,200
betweenness_approx,0.2,311,36126,20691,200
betweenness_approx,0.2,312,35896,19698,200
betweenness_approx,0.2,313,35909,19228,200
betweenness_approx,0.2,314,36119,20675,200
betweenness_approx,0.2,315,36311,19604,200
betweenness_approx,0.2,316,33838,21572,200
betweenness_approx,0.2,317,36300,20462,200
betweenness_approx,0.2,318,35859,19055,200
betweenness_approx,0.2,319,35984,18483,200
betweenness_approx,0.2,320,36016,20877,200
betweenness_approx,0.2,321,36224,19673,200
betweenness_approx,0.2,322,36552,20913,200
betweenness_approx,0.2,323,36391,20052,200
betweenness_approx,0.2,324,34675,19366,200
betweenness_approx,0.2,325,373,284,200
betweenness_approx,0.2,326,33979,18520,200
betweenness_approx,0.2,327,35393,20495,200
betweenness_approx,0.2,328,36677,20632,200
betweenness_approx,0.2,329,36503,21936,200
betweenness_approx,0.2,330,36222,20176,200
betweenness_approx,0.2,331,35412,19096,200
betweenness_approx,0.2,332,36277,22131,200
betweenness_approx,0.2,333,35446,18949,200
betweenness_approx,0.2,334,34871,20037,200
betweenness_approx,0.2,335,36479,20653,200
betweenness_approx,0.2,336,35711,19420,200
betweenness_approx,0.2,337,35952,19657,200
betweenness_approx,0.2,338,36429,20758,200
betweenness_approx,0.2,339,35827,19968,200
betweenness_approx,0.2,340,36123,17903,200
betweenness_approx,0.2,341,35912,19060,200
betweenness_approx,0.2,342,36485,19716,200
betweenness_approx,0.2,343,35950,18225,200
betweenness_approx,0.2,344,36182,21161,200
betweenness_approx,0.2,345,36508,19110,200
betweenness_approx,0.2,346,36185,21242,200
betweenness_approx,0.2,347,35808,20568,200
betweenness_approx,0.2,348,36119,17682,200
betweenness_approx,0.2,349,35850,19094,200
betweenness_approx,0.2,350,34505,17983,200
betweenness_approx,0.2,351,36286,21153,200
betweenness_approx,0.2,352,35983,18199,200
betweenness_approx,0.2,353,36214,20683,200
betweenness_approx,0.2,354,35937,17904,200
betweenness_approx,0.2,355,35047,19985,200
betweenness_approx,0.2,356,35157,18211,200
betweenness_approx,0.2,357,36175,18358,200
betweenness_approx,0.2,358,36763,19186,200
betweenness_approx,0.2,359,35694,18532,200
betweenness_approx,0.2,360,35986,20596,200
betweenness_approx,0.2,361,36031,20448,200
betweenness_approx,0.2,362,36066,20913,200
betweenness_approx,0.2,363,35277,21021,200
betweenness_approx,0.2,364,35762,20506,200
betweenness_approx,0.2,365,35837,19661,200
betweenness_approx,0.2,366,36158,20780,200
betweenness_approx,0.2,367,36322,20662,200
betweenness_approx,0.2,368,36244,19168,200
betweenness_approx,0.2,369,36471,20400,200
betweenness_approx,0.2,370,36159,18408,200
betweenness_approx,0.2,371,35840,17926,200
betweenness_approx,0.2,372,165,116,200
betweenness_approx,0.2,373,36278,20849,200
betweenness_approx,0.2,374,36261,17497,200
betweenness_approx,0.2,375,36339,21254,200
betweenness_approx,0.2,376,36178,19237,200
betweenness_approx,0.2,377,35556,18273,200
betweenness_approx,0.2,378,379,218,200
betweenness_approx,0.2,379,36268,20018,200
betweenness_approx,0.2,380,35196,19581,200
betweenness_approx,0.2,381,36323,19589,200
betweenness_approx,0.2,382,35911,20795,200
betweenness_approx,0.2,383,36352,21119,200
betweenness_approx,0.2,384,33495,19666,200
betweenness_approx,0.2,385,35631,19982,200
betweenness_approx,0.2,386,35132,19952,200
betweenness_approx,0.2,387,35993,20281,200
betweenness_approx,0.2,388,36016,19580,200
betweenness_approx,0.2,389,34811,19589,200
betweenness_approx,0.2,390,3096,2622,200
betweenness_approx,0.2,391,35545,19448,200
betweenness_approx,0.2,392,35982,21257,200
betweenness_approx,0.2,393,36108,17860,200
betweenness_approx,0.2,394,36554,19204,200
betweenness_approx,0.2,395,36055,19354,200
betweenness_approx,0.2,396,33941,19289,200
betweenness_approx,0.2,397,35799,20238,200
betweenness_approx,0.2,398,28904,18369,200
betweenness_approx,0.2,399,36073,19474,200
betweenness_approx,0.2,400,33992,19633,200
betweenness_approx,0.2,401,35702,20115,200
betweenness_approx,0.2,402,36397,20707,200
betweenness_approx,0.2,403,35899,20003,200
betweenness_approx,0.2,404,35745,19159,200
betweenness_approx,0.2,405,35872,18131,200
betweenness_approx,0.2,406,36319,19901,200
betweenness_approx,0.2,407,36337,20056,200
betweenness_approx,0.2,408,36480,19489,200
betweenness_approx,0.2,409,36092,21540,200
betweenness_approx,0.2,410,33818,20004,200
betweenness_approx,0.2,411,36244,20920,200
betweenness_approx,0.2,412,35517,20265,200
betweenness_approx,0.2,413,36035,21772,200
betweenness_approx,0.2,414,36803,21332,200
betweenness_approx,0.2,415,35702,18693,200
betweenness_approx,0.2,416,36184,19680,200
betweenness_approx,0.2,417,36248,21635,200
betweenness_approx,0.2,418,36190,21517,200
betweenness_approx,0.2,419,36215,21015,200
betweenness_approx,0.2,420,35304,18387,200
betweenness_approx,0.2,421,28886,17760,200
betweenness_approx,0.2,422,35299,18781,200
betweenness_approx,0.2,423,35933,19900,200
betweenness_approx,0.2,424,35981,19994,200
betweenness_approx,0.2,425,34783,19044,200
betweenness_approx,0.2,426,36056,20482,200
betweenness_approx,0.2,427,34360,20733,200
betweenness_approx,0.2,428,36112,20678,200
betweenness_approx,0.2,429,35730,20448,200
betweenness_approx,0.2,430,36104,20185,200
betweenness_approx,0.2,431,35977,20942,200
betweenness_approx,0.2,432,36136,18897,200
betweenness_approx,0.2,433,36272,19909,200
betweenness_approx,0.2,434,36004,19907,200
betweenness_approx,0.2,435,35435,19821,200
betweenness_approx,0.2,436,36024,19907,200
betweenness_approx,0.2,437,36254,19681,200
betweenness_approx,0.2,438,36164,19226,200
betweenness_approx,0.2,439,35848,21290,200
betweenness_approx,0.2,440,36162,20075,200
betweenness_approx,0.2,441,36168,21212,200
betweenness_approx,0.2,442,36088,18861,200
betweenness_approx,0.2,443,36200,19310,200
betweenness_approx,0.2,444,36113,20831,200
betweenness_approx,0.2,445,36002,20303,200
betweenness_approx,0.2,446,35801,20703,200
betweenness_approx,0.2,447,36043,20156,200
betweenness_approx,0.2,448,35438,18868,200
betweenness_approx,0.2,449,36182,20160,200
betweenness_approx,0.2,450,33025,19059,200
betweenness_approx,0.2,451,35458,20412,200
betweenness_approx,0.2,452,36256,20664,200
betweenness_approx,0.2,453,35898,19622,200
betweenness_approx,0.2,454,35619,20361,200
betweenness_approx,0.2,455,36511,20489,200
betweenness_approx,0.2,456,35721,19990,200
betweenness_approx,0.2,457,36190,20144,200
betweenness_approx,0.2,458,36653,19017,200
betweenness_approx,0.2,459,36033,19355,200
betweenness_approx,0.2,460,36111,20467,200
betweenness_approx,0.2,461,36387,20354,200
betweenness_approx,0.2,462,36259,20876,200
betweenness_approx,0.2,463,36562,20914,200
betweenness_approx,0.2,464,36412,20618,200
betweenness_approx,0.2,465,35343,20341,200
betweenness_approx,0.2,466,36100,20516,200
betweenness_approx,0.2,467,36097,18761,200
betweenness_approx,0.2,468,36318,20666,200
betweenness_approx,0.2,469,36099,19228,200
betweenness_approx,0.2,470,35921,19919,200
betweenness_approx,0.2,471,36324,21106,200
betweenness_approx,0.2,472,36474,18234,200
betweenness_approx,0.2,473,36343,21009,200
betweenness_approx,0.2,474,35826,20335,200
betweenness_approx,0.2,475,35861,19694,200
betweenness_approx,0.2,476,36142,18646,200
betweenness_approx,0.2,477,35942,20088,200
betweenness_approx,0.2,478,36283,20877,200
betweenness_approx,0.2,479,35573,20648,200
betweenness_approx,0.2,480,34984,19379,200
betweenness_approx,0.2,481,35900,17767,200
betweenness_approx,0.2,482,35303,19905,200
betweenness_approx,0.2,483,36349,19306,200
betweenness_approx,0.2,484,35562,20245,200
betweenness_approx,0.2,485,35484,17748,200
betweenness_approx,0.2,486,32139,18726,200
betweenness_approx,0.2,487,34838,18030,200
betweenness_approx,0.2,488,35833,18155,200
betweenness_approx,0.2,489,36558,20051,200
betweenness_approx,0.2,490,36539,21225,200
betweenness_approx,0.2,491,35568,17596,200
betweenness_approx,0.2,492,36166,18311,200
betweenness_approx,0.2,493,35873,19977,200
betweenness_approx,0.2,494,36235,21156,200
betweenness_approx,0.2,495,35731,19326,200
betweenness_approx,0.2,496,36618,18995,200
betweenness_approx,0.2,497,36276,20542,200
betweenness_approx,0.2,498,35471,18434,200
betweenness_approx,0.2,499,28675,18957,200
community_bridge,0.01,0,77504,63429,200
community_bridge,0.01,1,77426,63662,200
community_bridge,0.01,2,77529,63827,200
community_bridge,0.01,3,77437,63521,200
community_bridge,0.01,4,77597,63860,200
community_bridge,0.01,5,77422,63683,200
community_bridge,0.01,6,77487,63559,200
community_bridge,0.01,7,77601,63622,200
community_bridge,0.01,8,77346,63423,200
community_bridge,0.01,9,77392,63529,200
community_bridge,0.01,10,77632,63762,200
community_bridge,0.01,11,77566,63803,200
community_bridge,0.01,12,77442,63667,200
community_bridge,0.01,13,77618,63754,200
community_bridge,0.01,14,77467,63519,200
community_bridge,0.01,15,77421,63525,200
community_bridge,0.01,16,77573,63698,200
community_bridge,0.01,17,77469,63836,200
community_bridge,0.01,18,77550,63742,200
community_bridge,0.01,19,77632,63589,200
community_bridge,0.01,20,77493,63582,200
community_bridge,0.01,21,77600,63776,200
community_bridge,0.01,22,77362,63577,200
community_bridge,0.01,23,77467,63654,200
community_bridge,0.01,24,77419,63552,200
community_bridge,0.01,25,77476,63708,200
community_bridge,0.01,26,77368,63635,200
community_bridge,0.01,27,77535,63758,200
community_bridge,0.01,28,77514,63729,200
community_bridge,0.01,29,77414,63604,200
community_bridge,0.01,30,77452,63468,200
community_bridge,0.01,31,77595,63913,200
community_bridge,0.01,32,77269,63681,200
community_bridge,0.01,33,77579,63705,200
community_bridge,0.01,34,77676,63785,200
community_bridge,0.01,35,77558,63668,200
community_bridge,0.01,36,77569,63565,200
community_bridge,0.01,37,77488,63626,200
community_bridge,0.01,38,77579,63759,200
community_bridge,0.01,39,77477,63751,200
community_bridge,0.01,40,77563,63549,200
community_bridge,0.01,41,77506,63529,200
community_bridge,0.01,42,77479,63620,200
community_bridge,0.01,43,77479,63837,200
community_bridge,0.01,44,77383,63418,200
community_bridge,0.01,45,77517,63755,200
community_bridge,0.01,46,77536,63650,200
community_bridge,0.01,47,77408,63457,200
community_bridge,0.01,48,77508,63436,200
community_bridge,0.01,49,77278,63453,200
community_bridge,0.01,50,77479,63562,200
community_bridge,0.01,51,77594,63610,200
community_bridge,0.01,52,77511,63678,200
community_bridge,0.01,53,77528,63595,200
community_bridge,0.01,54,77457,63957,200
community_bridge,0.01,55,77413,63528,200
community_bridge,0.01,56,77483,63580,200
community_bridge,0.01,57,77565,63685,200
community_bridge,0.01,58,77557,63460,200
community_bridge,0.01,59,77452,63648,200
community_bridge,0.01,60,77406,63710,200
community_bridge,0.01,61,77322,63575,200
community_bridge,0.01,62,77577,63577,200
community_bridge,0.01,63,77452,63458,200
community_bridge,0.01,64,77559,63494,200
community_bridge,0.01,65,77462,63735,200
community_bridge,0.01,66,77280,63555,200
community_bridge,0.01,67,77542,63626,200
community_bridge,0.01,68,77537,63562,200
community_bridge,0.01,69,77444,63625,200
community_bridge,0.01,70,77611,63411,200
community_bridge,0.01,71,77497,63677,200
community_bridge,0.01,72,77471,63492,200
community_bridge,0.01,73,77612,63753,200
community_bridge,0.01,74,77451,63525,200
community_bridge,0.01,75,77535,63610,200
community_bridge,0.01,76,77580,63753,200
community_bridge,0.01,77,77498,63604,200
community_bridge,0.01,78,77453,63536,200
community_bridge,0.01,79,77655,63827,200
community_bridge,0.01,80,77488,63716,200
community_bridge,0.01,81,77401,63634,200
community_bridge,0.01,82,77488,63807,200
community_bridge,0.01,83,77455,63604,200
community_bridge,0.01,84,77511,63592,200
community_bridge,0.01,85,77597,63674,200
community_bridge,0.01,86,77478,63509,200
community_bridge,0.01,87,77609,63507,200
community_bridge,0.01,88,77553,63672,200
community_bridge,0.01,89,77499,63583,200
community_bridge,0.01,90,77478,63593,200
community_bridge,0.01,91,77567,63734,200
community_bridge,0.01,92,77534,63624,200
community_bridge,0.01,93,77534,63446,200
community_bridge,0.01,94,77634,63518,200
community_bridge,0.01,95,77526,63842,200
community_bridge,0.01,96,77399,63519,200
community_bridge,0.01,97,77606,63662,200
community_bridge,0.01,98,77652,63566,200
community_bridge,0.01,99,77532,63596,200
community_bridge,0.01,100,77410,63650,200
community_bridge,0.01,101,77548,63978,200
community_bridge,0.01,102,77530,63528,200
community_bridge,0.01,103,77463,63427,200
community_bridge,0.01,104,77546,63665,200
community_bridge,0.01,105,77533,63293,200
community_bridge,0.01,106,77512,63460,200
community_bridge,0.01,107,77496,63649,200
community_bridge,0.01,108,77615,63733,200
community_bridge,0.01,109,77413,63668,200
community_bridge,0.01,110,77327,63522,200
community_bridge,0.01,111,77520,63751,200
community_bridge,0.01,112,77518,63862,200
community_bridge,0.01,113,77525,63741,200
community_bridge,0.01,114,77456,63456,200
community_bridge,0.01,115,77566,63412,200
community_bridge,0.01,116,77588,63885,200
community_bridge,0.01,117,77592,63587,200
community_bridge,0.01,118,77461,63903,200
community_bridge,0.01,119,77492,63700,200
community_bridge,0.01,120,77466,63658,200
community_bridge,0.01,121,77358,63557,200
community_bridge,0.01,122,77600,63873,200
community_bridge,0.01,123,77456,63885,200
community_bridge,0.01,124,77748,63822,200
community_bridge,0.01,125,77488,63552,200
community_bridge,0.01,126,77413,63557,200
community_bridge,0.01,127,77640,63632,200
community_bridge,0.01,128,77695,63731,200
community_bridge,0.01,129,77575,63660,200
community_bridge,0.01,130,77479,63643,200
community_bridge,0.01,131,77551,63983,200
community_bridge,0.01,132,77504,63485,200
community_bridge,0.01,133,77590,63638,200
community_bridge,0.01,134,77544,63554,200
community_bridge,0.01,135,77434,63749,200
community_bridge,0.01,136,77534,63373,200
community_bridge,0.01,137,77418,63287,200
community_bridge,0.01,138,77381,63486,200
community_bridge,0.01,139,77524,63687,200
community_bridge,0.01,140,77517,63674,200
community_bridge,0.01,141,77390,63239,200
community_bridge,0.01,142,77575,63580,200
community_bridge,0.01,143,77719,63962,200
community_bridge,0.01,144,77396,63533,200
community_bridge,0.01,145,77535,63702,200
community_bridge,0.01,146,77559,63798,200
community_bridge,0.01,147,77577,63764,200
community_bridge,0.01,148,77446,63494,200
community_bridge,0.01,149,77564,63557,200
community_bridge,0.01,150,77553,63744,200
community_bridge,0.01,151,77533,63750,200
community_bridge,0.01,152,77477,63492,200
community_bridge,0.01,153,77407,63634,200
community_bridge,0.01,154,77438,63655,200
community_bridge,0.01,155,77536,63569,200
community_bridge,0.01,156,77497,63754,200
community_bridge,0.01,157,77368,63815,200
community_bridge,0.01,158,77435,63689,200
community_bridge,0.01,159,77460,63789,200
community_bridge,0.01,160,77518,63730,200
community_bridge,0.01,161,77579,63448,200
community_bridge,0.01,162,77658,63650,200
community_bridge,0.01,163,77329,63416,200
community_bridge,0.01,164,77580,63698,200
community_bridge,0.01,165,77537,63518,200
community_bridge,0.01,166,77431,63910,200
community_bridge,0.01,167,77609,63839,200
community_bridge,0.01,168,77577,63839,200
community_bridge,0.01,169,77727,63541,200
community_bridge,0.01,170,77432,63522,200
community_bridge,0.01,171,77522,63527,200
community_bridge,0.01,172,77371,63764,200
community_bridge,0.01,173,77515,63763,200
community_bridge,0.01,174,77529,63578,200
community_bridge,0.01,175,77561,63605,200
community_bridge,0.01,176,77658,63815,200
community_bridge,0.01,177,77609,63844,200
community_bridge,0.01,178,77441,63474,200
community_bridge,0.01,179,77541,63801,200
community_bridge,0.01,180,77575,63329,200
community_bridge,0.01,181,77656,63746,200
community_bridge,0.01,182,77430,63587,200
community_bridge,0.01,183,77485,63607,200
community_bridge,0.01,184,77479,63579,200
community_bridge,0.01,185,77422,63550,200
community_bridge,0.01,186,77616,63674,200
community_bridge,0.01,187,77593,63456,200
community_bridge,0.01,188,77414,63613,200
community_bridge,0.01,189,77541,63695,200
community_bridge,0.01,190,77590,63750,200
community_bridge,0.01,191,77485,63617,200
community_bridge,0.01,192,77481,63458,200
community_bridge,0.01,193,77486,63608,200
community_bridge,0.01,194,77409,63633,200
community_bridge,0.01,195,77342,63384,200
community_bridge,0.01,196,77484,63405,200
community_bridge,0.01,197,77608,63354,200
community_bridge,0.01,198,77557,63451,200
community_bridge,0.01,199,77478,63778,200
community_bridge,0.01,200,77486,63787,200
community_bridge,0.01,201,77609,63680,200
community_bridge,0.01,202,77767,63875,200
community_bridge,0.01,203,77512,63305,200
community_bridge,0.01,204,77505,63697,200
community_bridge,0.01,205,77311,63587,200
community_bridge,0.01,206,77503,63607,200
community_bridge,0.01,207,77613,63541,200
community_bridge,0.01,208,77705,63786,200
community_bridge,0.01,209,77186,63657,200
community_bridge,0.01,210,77549,63562,200
community_bridge,0.01,211,77409,63377,200
community_bridge,0.01,212,77572,63735,200
community_bridge,0.01,213,77511,63656,200
community_bridge,0.01,214,77562,63781,200
community_bridge,0.01,215,77533,63634,200
community_bridge,0.01,216,77635,63849,200
community_bridge,0.01,217,77532,63606,200
community_bridge,0.01,218,77436,63740,200
community_bridge,0.01,219,77444,63564,200
community_bridge,0.01,220,77494,63790,200
community_bridge,0.01,221,77533,63789,200
community_bridge,0.01,222,77685,63966,200
community_bridge,0.01,223,77537,63612,200
community_bridge,0.01,224,77564,63869,200
community_bridge,0.01,225,77405,63285,200
community_bridge,0.01,226,77387,63596,200
community_bridge,0.01,227,77698,63741,200
community_bridge,0.01,228,77521,63797,200
community_bridge,0.01,229,77501,63824,200
community_bridge,0.01,230,77401,63455,200
community_bridge,0.01,231,77576,63724,200
community_bridge,0.01,232,77578,63574,200
community_bridge,0.01,233,77345,63591,200
community_bridge,0.01,234,77449,63542,200
community_bridge,0.01,235,77591,63587,200
community_bridge,0.01,236,77641,63814,200
community_bridge,0.01,237,77580,63718,200
community_bridge,0.01,238,77480,63394,200
community_bridge,0.01,239,77389,63530,200
community_bridge,0.01,240,77845,64000,200
community_bridge,0.01,241,77536,63654,200
community_bridge,0.01,242,77377,63404,200
community_bridge,0.01,243,77413,63463,200
community_bridge,0.01,244,77602,63454,200
community_bridge,0.01,245,77529,63712,200
community_bridge,0.01,246,77591,63724,200
community_bridge,0.01,247,77729,63943,200
community_bridge,0.01,248,77357,63741,200
community_bridge,0.01,249,77486,63724,200
community_bridge,0.01,250,77664,63748,200
community_bridge,0.01,251,77440,63571,200
community_bridge,0.01,252,77519,63602,200
community_bridge,0.01,253,77439,63697,200
community_bridge,0.01,254,77442,63618,200
community_bridge,0.01,255,77578,63861,200
community_bridge,0.01,256,77435,63521,200
community_bridge,0.01,257,77557,63766,200
community_bridge,0.01,258,77540,63534,200
community_bridge,0.01,259,77610,63790,200
community_bridge,0.01,260,77447,63593,200
community_bridge,0.01,261,77627,63648,200
community_bridge,0.01,262,77408,63552,200
community_bridge,0.01,263,77533,63612,200
community_bridge,0.01,264,77504,63663,200
community_bridge,0.01,265,77392,63379,200
community_bridge,0.01,266,77549,63694,200
community_bridge,0.01,267,77494,63476,200
community_bridge,0.01,268,77538,63581,200
community_bridge,0.01,269,77444,63521,200
community_bridge,0.01,270,77559,63613,200
community_bridge,0.01,271,77644,63548,200
community_bridge,0.01,272,77396,63313,200
community_bridge,0.01,273,77444,63513,200
community_bridge,0.01,274,77587,63621,200
community_bridge,0.01,275,77472,63560,200
community_bridge,0.01,276,77512,63799,200
community_bridge,0.01,277,77618,63680,200
community_bridge,0.01,278,77344,63534,200
community_bridge,0.01,279,77540,63911,200
community_bridge,0.01,280,77479,63640,200
community_bridge,0.01,281,77525,63617,200
community_bridge,0.01,282,77624,63569,200
community_bridge,0.01,283,77480,63436,200
community_bridge,0.01,284,77694,63669,200
community_bridge,0.01,285,77483,63676,200
community_bridge,0.01,286,77387,63539,200
community_bridge,0.01,287,77415,63404,200
community_bridge,0.01,288,77545,63645,200
community_bridge,0.01,289,77388,63661,200
community_bridge,0.01,290,77427,63670,200
community_bridge,0.01,291,77451,63491,200
community_bridge,0.01,292,77647,63623,200
community_bridge,0.01,293,77411,63278,200
community_bridge,0.01,294,77499,63457,200
community_bridge,0.01,295,77318,63476,200
community_bridge,0.01,296,77420,63434,200
community_bridge,0.01,297,77449,63711,200
community_bridge,0.01,298,77496,63614,200
community_bridge,0.01,299,77684,63504,200
community_bridge,0.01,300,77412,63329,200
community_bridge,0.01,301,77616,63768,200
community_bridge,0.01,302,77515,63797,200
community_bridge,0.01,303,77387,63525,200
community_bridge,0.01,304,77364,63703,200
community_bridge,0.01,305,77580,63353,200
community_bridge,0.01,306,77493,63595,200
community_bridge,0.01,307,77412,63574,200
community_bridge,0.01,308,77631,63678,200
community_bridge,0.01,309,77556,63699,200
community_bridge,0.01,310,77406,63537,200
community_bridge,0.01,311,77464,63395,200
community_bridge,0.01,312,77529,63682,200
community_bridge,0.01,313,77561,63630,200
community_bridge,0.01,314,77540,63452,200
community_bridge,0.01,315,77516,63512,200
community_bridge,0.01,316,77565,63648,200
community_bridge,0.01,317,77434,63565,200
community_bridge,0.01,318,77511,63460,200
community_bridge,0.01,319,77513,63386,200
community_bridge,0.01,320,77500,63426,200
community_bridge,0.01,321,77495,63657,200
community_bridge,0.01,322,77464,63474,200
community_bridge,0.01,323,77611,63656,200
community_bridge,0.01,324,77466,63621,200
community_bridge,0.01,325,77425,63638,200
community_bridge,0.01,326,77458,63488,200
community_bridge,0.01,327,77605,63460,200
community_bridge,0.01,328,77377,63453,200
community_bridge,0.01,329,77569,63463,200
community_bridge,0.01,330,77587,63573,200
community_bridge,0.01,331,77370,63309,200
community_bridge,0.01,332,77544,63626,200
community_bridge,0.01,333,77661,63875,200
community_bridge,0.01,334,77647,63822,200
community_bridge,0.01,335,77464,63785,200
community_bridge,0.01,336,77264,63436,200
community_bridge,0.01,337,77606,63449,200
community_bridge,0.01,338,77522,63533,200
community_bridge,0.01,339,77383,63786,200
community_bridge,0.01,340,77482,63664,200
community_bridge,0.01,341,77543,63597,200
community_bridge,0.01,342,77593,63513,200
community_bridge,0.01,343,77431,63657,200
community_bridge,0.01,344,77516,63735,200
community_bridge,0.01,345,77565,63267,200
community_bridge,0.01,346,77513,63612,200
community_bridge,0.01,347,77351,63469,200
community_bridge,0.01,348,77549,63627,200
community_bridge,0.01,349,77482,63944,200
community_bridge,0.01,350,77417,63549,200
community_bridge,0.01,351,77616,63728,200
community_bridge,0.01,352,77475,63693,200
community_bridge,0.01,353,77651,63529,200
community_bridge,0.01,354,77321,63733,200
community_bridge,0.01,355,77549,63681,200
community_bridge,0.01,356,77376,63327,200
community_bridge,0.01,357,77338,63406,200
community_bridge,0.01,358,77555,63765,200
community_bridge,0.01,359,77573,63719,200
community_bridge,0.01,360,77645,63849,200
community_bridge,0.01,361,77512,63596,200
community_bridge,0.01,362,77568,63626,200
community_bridge,0.01,363,77652,63777,200
community_bridge,0.01,364,77363,63493,200
community_bridge,0.01,365,77493,63363,200
community_bridge,0.01,366,77462,63669,200
community_bridge,0.01,367,77599,63543,200
community_bridge,0.01,368,77301,63657,200
community_bridge,0.01,369,77353,63469,200
community_bridge,0.01,370,77468,63310,200
community_bridge,0.01,371,77477,63551,200
community_bridge,0.01,372,77504,63674,200
community_bridge,0.01,373,77524,63425,200
community_bridge,0.01,374,77402,63562,200
community_bridge,0.01,375,77345,63669,200
community_bridge,0.01,376,77551,63859,200
community_bridge,0.01,377,77467,63552,200
community_bridge,0.01,378,77381,63510,200
community_bridge,0.01,379,77447,63672,200
community_bridge,0.01,380,77514,63712,200
community_bridge,0.01,381,77469,63560,200
community_bridge,0.01,382,77516,63839,200
community_bridge,0.01,383,77460,63352,200
community_bridge,0.01,384,77642,63705,200
community_bridge,0.01,385,77534,63555,200
community_bridge,0.01,386,77290,63575,200
community_bridge,0.01,387,77526,63581,200
community_bridge,0.01,388,77481,63603,200
community_bridge,0.01,389,77553,63521,200
community_bridge,0.01,390,77479,63581,200
community_bridge,0.01,391,77563,63855,200
community_bridge,0.01,392,77549,63400,200
community_bridge,0.01,393,77534,63671,200
community_bridge,0.01,394,77603,63710,200
community_bridge,0.01,395,77463,63531,200
community_bridge,0.01,396,77531,63662,200
community_bridge,0.01,397,77646,63807,200
community_bridge,0.01,398,77550,63953,200
community_bridge,0.01,399,77483,63931,200
community_bridge,0.01,400,77388,63427,200
community_bridge,0.01,401,77333,63325,200
community_bridge,0.01,402,77485,63535,200
community_bridge,0.01,403,77583,63657,200
community_bridge,0.01,404,77589,63770,200
community_bridge,0.01,405,77452,63517,200
community_bridge,0.01,406,77492,63806,200
community_bridge,0.01,407,77581,63760,200
community_bridge,0.01,408,77492,63844,200
community_bridge,0.01,409,77422,63437,200
community_bridge,0.01,410,77466,63518,200
community_bridge,0.01,411,77624,63609,200
community_bridge,0.01,412,77542,63671,200
community_bridge,0.01,413,77457,63406,200
community_bridge,0.01,414,77483,63750,200
community_bridge,0.01,415,77459,63523,200
community_bridge,0.01,416,77564,63773,200
community_bridge,0.01,417,77536,63807,200
community_bridge,0.01,418,77545,63757,200
community_bridge,0.01,419,77551,63772,200
community_bridge,0.01,420,77515,63635,200
community_bridge,0.01,421,77613,63826,200
community_bridge,0.01,422,77591,63848,200
community_bridge,0.01,423,77478,63362,200
community_bridge,0.01,424,77429,63662,200
community_bridge,0.01,425,77486,63773,200
community_bridge,0.01,426,77276,63628,200
community_bridge,0.01,427,77443,63708,200
community_bridge,0.01,428,77422,63623,200
community_bridge,0.01,429,77725,63606,200
community_bridge,0.01,430,77426,63364,200
community_bridge,0.01,431,77357,63608,200
community_bridge,0.01,432,77198,63542,200
community_bridge,0.01,433,77528,63632,200
community_bridge,0.01,434,77553,63800,200
community_bridge,0.01,435,77544,63653,200
community_bridge,0.01,436,77656,64035,200
community_bridge,0.01,437,77372,63646,200
community_bridge,0.01,438,77652,63835,200
community_bridge,0.01,439,77596,63687,200
community_bridge,0.01,440,77535,63732,200
community_bridge,0.01,441,77451,63660,200
community_bridge,0.01,442,77426,63687,200
community_bridge,0.01,443,77449,63404,200
community_bridge,0.01,444,77699,63846,200
community_bridge,0.01,445,77590,63819,200
community_bridge,0.01,446,77519,63789,200
community_bridge,0.01,447,77386,63243,200
community_bridge,0.01,448,77566,63688,200
community_bridge,0.01,449,77592,63481,200
community_bridge,0.01,450,77688,63602,200
community_bridge,0.01,451,77491,63667,200
community_bridge,0.01,452,77486,63614,200
community_bridge,0.01,453,77681,63975,200
community_bridge,0.01,454,77415,63498,200
community_bridge,0.01,455,77489,63619,200
community_bridge,0.01,456,77480,63600,200
community_bridge,0.01,457,77667,63803,200
community_bridge,0.01,458,77660,63630,200
community_bridge,0.01,459,77735,63716,200
community_bridge,0.01,460,77666,64072,200
community_bridge,0.01,461,77353,63516,200
community_bridge,0.01,462,77569,63468,200
community_bridge,0.01,463,77468,63600,200
community_bridge,0.01,464,77619,63742,200
community_bridge,0.01,465,77545,63584,200
community_bridge,0.01,466,77428,63568,200
community_bridge,0.01,467,77341,63530,200
community_bridge,0.01,468,77554,63808,200
community_bridge,0.01,469,77551,63529,200
community_bridge,0.01,470,77419,63576,200
community_bridge,0.01,471,77607,63762,200
community_bridge,0.01,472,77454,63794,200
community_bridge,0.01,473,77419,63615,200
community_bridge,0.01,474,77531,63520,200
community_bridge,0.01,475,77543,63710,200
community_bridge,0.01,476,77522,63767,200
community_bridge,0.01,477,77421,63526,200
community_bridge,0.01,478,77329,63657,200
community_bridge,0.01,479,77550,63698,200
community_bridge,0.01,480,77474,63310,200
community_bridge,0.01,481,77417,63680,200
community_bridge,0.01,482,77299,63535,200
community_bridge,0.01,483,77528,63541,200
community_bridge,0.01,484,77412,63626,200
community_bridge,0.01,485,77572,63649,200
community_bridge,0.01,486,77464,63576,200
community_bridge,0.01,487,77466,63689,200
community_bridge,0.01,488,77515,63612,200
community_bridge,0.01,489,77524,63806,200
community_bridge,0.01,490,77710,63770,200
community_bridge,0.01,491,77528,63787,200
community_bridge,0.01,492,77517,63640,200
community_bridge,0.01,493,77653,63772,200
community_bridge,0.01,494,77534,63675,200
community_bridge,0.01,495,77538,63694,200
community_bridge,0.01,496,77432,63648,200
community_bridge,0.01,497,77627,63825,200
community_bridge,0.01,498,77549,63729,200
community_bridge,0.01,499,77446,63460,200
community_bridge,0.05,0,68139,52565,200
community_bridge,0.05,1,68112,52927,200
community_bridge,0.05,2,67985,52949,200
community_bridge,0.05,3,67976,52779,200
community_bridge,0.05,4,67934,52267,200
community_bridge,0.05,5,68033,52720,200
community_bridge,0.05,6,68009,52273,200
community_bridge,0.05,7,68129,52808,200
community_bridge,0.05,8,68067,53183,200
community_bridge,0.05,9,68068,52579,200
community_bridge,0.05,10,68056,52845,200
community_bridge,0.05,11,68010,52710,200
community_bridge,0.05,12,68079,52689,200
community_bridge,0.05,13,67976,52622,200
community_bridge,0.05,14,68052,52554,200
community_bridge,0.05,15,68135,52319,200
community_bridge,0.05,16,67834,52279,200
community_bridge,0.05,17,68093,52808,200
community_bridge,0.05,18,68145,52891,200
community_bridge,0.05,19,68052,52815,200
community_bridge,0.05,20,68072,52644,200
community_bridge,0.05,21,68156,52599,200
community_bridge,0.05,22,68073,52691,200
community_bridge,0.05,23,68099,52653,200
community_bridge,0.05,24,68117,52818,200
community_bridge,0.05,25,68152,53242,200
community_bridge,0.05,26,68080,52599,200
community_bridge,0.05,27,68217,53147,200
community_bridge,0.05,28,67945,52472,200
community_bridge,0.05,29,67975,52936,200
community_bridge,0.05,30,68109,52752,200
community_bridge,0.05,31,67976,53391,200
community_bridge,0.05,32,68012,53090,200
community_bridge,0.05,33,68011,52959,200
community_bridge,0.05,34,68245,52540,200
community_bridge,0.05,35,68104,52507,200
community_bridge,0.05,36,68088,52549,200
community_bridge,0.05,37,68118,52770,200
community_bridge,0.05,38,68099,52672,200
community_bridge,0.05,39,68153,52573,200
community_bridge,0.05,40,68040,52802,200
community_bridge,0.05,41,68057,52760,200
community_bridge,0.05,42,68022,52404,200
community_bridge,0.05,43,68005,52581,200
community_bridge,0.05,44,68033,52722,200
community_bridge,0.05,45,68251,52754,200
community_bridge,0.05,46,68082,52566,200
community_bridge,0.05,47,68195,52707,200
community_bridge,0.05,48,68282,52985,200
community_bridge,0.05,49,68069,52792,200
community_bridge,0.05,50,68217,52998,200
community_bridge,0.05,51,68113,53023,200
community_bridge,0.05,52,68083,52862,200
community_bridge,0.05,53,68065,52772,200
community_bridge,0.05,54,68175,52856,200
community_bridge,0.05,55,68160,52642,200
community_bridge,0.05,56,68179,52806,200
community_bridge,0.05,57,67906,52793,200
community_bridge,0.05,58,68073,52746,200
community_bridge,0.05,59,68121,52667,200
community_bridge,0.05,60,67927,52614,200
community_bridge,0.05,61,68171,52829,200
community_bridge,0.05,62,68139,53018,200
community_bridge,0.05,63,68037,52480,200
community_bridge,0.05,64,68100,52843,200
community_bridge,0.05,65,67901,52372,200
community_bridge,0.05,66,68071,52402,200
community_bridge,0.05,67,68198,52800,200
community_bridge,0.05,68,68019,52801,200
community_bridge,0.05,69,68228,52689,200
community_bridge,0.05,70,68183,52523,200
community_bridge,0.05,71,68012,52730,200
community_bridge,0.05,72,68178,52893,200
community_bridge,0.05,73,68126,52918,200
community_bridge,0.05,74,68119,52915,200
community_bridge,0.05,75,68113,52237,200
community_bridge,0.05,76,67993,52175,200
community_bridge,0.05,77,67839,52685,200
community_bridge,0.05,78,67859,52679,200
community_bridge,0.05,79,67931,52757,200
community_bridge,0.05,80,67924,52020,200
community_bridge,0.05,81,68143,52703,200
community_bridge,0.05,82,67904,52603,200
community_bridge,0.05,83,67968,52755,200
community_bridge,0.05,84,68049,52669,200
community_bridge,0.05,85,68005,52885,200
community_bridge,0.05,86,68034,53045,200
community_bridge,0.05,87,68210,52582,200
community_bridge,0.05,88,68102,52515,200
community_bridge,0.05,89,68151,52862,200
community_bridge,0.05,90,68085,52714,200
community_bridge,0.05,91,68185,53495,200
community_bridge,0.05,92,68068,52326,200
community_bridge,0.05,93,67995,53118,200
community_bridge,0.05,94,67969,52554,200
community_bridge,0.05,95,68101,52651,200
community_bridge,0.05,96,68102,52994,200
community_bridge,0.05,97,68071,52953,200
community_bridge,0.05,98,68123,52629,200
community_bridge,0.05,99,68012,52854,200
community_bridge,0.05,100,68003,52667,200
community_bridge,0.05,101,68097,52852,200
community_bridge,0.05,102,68004,52592,200
community_bridge,0.05,103,67941,52536,200
community_bridge,0.05,104,68073,52961,200
community_bridge,0.05,105,67895,52495,200
community_bridge,0.05,106,68148,53102,200
community_bridge,0.05,107,68038,52730,200
community_bridge,0.05,108,68121,53084,200
community_bridge,0.05,109,67900,52591,200
community_bridge,0.05,110,68126,52984,200
community_bridge,0.05,111,68022,52548,200
community_bridge,0.05,112,68047,53105,200
community_bridge,0.05,113,68118,52906,200
community_bridge,0.05,114,68070,52546,200
community_bridge,0.05,115,68162,52935,200
community_bridge,0.05,116,68118,52501,200
community_bridge,0.05,117,67998,52585,200
community_bridge,0.05,118,68084,53158,200
community_bridge,0.05,119,68209,52804,200
community_bridge,0.05,120,68079,52564,200
community_bridge,0.05,121,68245,52460,200
community_bridge,0.05,122,67992,52692,200
community_bridge,0.05,123,68195,52794,200
community_bridge,0.05,124,67747,52592,200
community_bridge,0.05,125,68105,53114,200
community_bridge,0.05,126,68045,52461,200
community_bridge,0.05,127,68092,52732,200
community_bridge,0.05,128,68161,52756,200
community_bridge,0.05,129,68139,52464,200
community_bridge,0.05,130,67971,52653,200
community_bridge,0.05,131,67943,52751,200
community_bridge,0.05,132,67999,53013,200
community_bridge,0.05,133,68175,53352,200
community_bridge,0.05,134,67913,52731,200
community_bridge,0.05,135,68003,52366,200
community_bridge,0.05,136,68166,52456,200
community_bridge,0.05,137,68073,52704,200
community_bridge,0.05,138,68097,52864,200
community_bridge,0.05,139,8,7,200
community_bridge,0.05,140,68148,53042,200
community_bridge,0.05,141,68283,53218,200
community_bridge,0.05,142,68168,52903,200
community_bridge,0.05,143,68106,52583,200
community_bridge,0.05,144,68055,52493,200
community_bridge,0.05,145,68340,53128,200
community_bridge,0.05,146,68091,52788,200
community_bridge,0.05,147,68155,52829,200
community_bridge,0.05,148,68106,52532,200
community_bridge,0.05,149,68074,52739,200
community_bridge,0.05,150,68149,52768,200
community_bridge,0.05,151,67919,52422,200
community_bridge,0.05,152,68109,52470,200
community_bridge,0.05,153,68030,52653,200
community_bridge,0.05,154,68102,52860,200
community_bridge,0.05,155,68001,53015,200
community_bridge,0.05,156,68195,52945,200
community_bridge,0.05,157,68073,52798,200
community_bridge,0.05,158,68040,52956,200
community_bridge,0.05,159,68033,52815,200
community_bridge,0.05,160,68032,52656,200
community_bridge,0.05,161,68094,52976,200
community_bridge,0.05,162,68078,53169,200
community_bridge,0.05,163,68072,52843,200
community_bridge,0.05,164,67926,52827,200
community_bridge,0.05,165,68080,52899,200
community_bridge,0.05,166,68214,52896,200
community_bridge,0.05,167,68045,52775,200
community_bridge,0.05,168,68186,52926,200
community_bridge,0.05,169,67883,52333,200
community_bridge,0.05,170,67841,52592,200
community_bridge,0.05,171,68117,52913,200
community_bridge,0.05,172,68214,53220,200
community_bridge,0.05,173,68115,52923,200
community_bridge,0.05,174,68188,53108,200
community_bridge,0.05,175,68161,52876,200
community_bridge,0.05,176,68229,52854,200
community_bridge,0.05,177,67999,52667,200
community_bridge,0.05,178,68083,52650,200
community_bridge,0.05,179,68044,52756,200
community_bridge,0.05,180,68211,53147,200
community_bridge,0.05,181,67945,52787,200
community_bridge,0.05,182,68173,52910,200
community_bridge,0.05,183,67929,52833,200
community_bridge,0.05,184,68036,53035,200
community_bridge,0.05,185,67912,52933,200
community_bridge,0.05,186,68132,52891,200
community_bridge,0.05,187,68114,52598,200
community_bridge,0.05,188,68016,52658,200
community_bridge,0.05,189,68159,52896,200
community_bridge,0.05,190,68100,52719,200
community_bridge,0.05,191,67872,52535,200
community_bridge,0.05,192,67958,52730,200
community_bridge,0.05,193,68011,52602,200
community_bridge,0.05,194,68171,53306,200
community_bridge,0.05,195,68065,52668,200
community_bridge,0.05,196,67993,52909,200
community_bridge,0.05,197,68101,52645,200
community_bridge,0.05,198,68126,52669,200
community_bridge,0.05,199,68167,52508,200
community_bridge,0.05,200,68153,53092,200
community_bridge,0.05,201,67992,52938,200
community_bridge,0.05,202,68067,52992,200
community_bridge,0.05,203,68128,52970,200
community_bridge,0.05,204,68033,52535,200
community_bridge,0.05,205,68027,52655,200
community_bridge,0.05,206,67995,52464,200
community_bridge,0.05,207,68000,52341,200
community_bridge,0.05,208,68147,52292,200
community_bridge,0.05,209,68083,53099,200
community_bridge,0.05,210,68139,52804,200
community_bridge,0.05,211,68135,52823,200
community_bridge,0.05,212,68116,52880,200
community_bridge,0.05,213,68064,52962,200
community_bridge,0.05,214,68160,53050,200
community_bridge,0.05,215,67969,52999,200
community_bridge,0.05,216,68136,52570,200
community_bridge,0.05,217,68120,52654,200
community_bridge,0.05,218,67936,52401,200
community_bridge,0.05,219,68198,52919,200
community_bridge,0.05,220,68023,52667,200
community_bridge,0.05,221,67994,52955,200
community_bridge,0.05,222,68165,52747,200
community_bridge,0.05,223,68151,52650,200
community_bridge,0.05,224,68068,52870,200
community_bridge,0.05,225,68102,53120,200
community_bridge,0.05,226,68058,52901,200
community_bridge,0.05,227,68091,52643,200
community_bridge,0.05,228,68124,52579,200
community_bridge,0.05,229,68174,52430,200
community_bridge,0.05,230,67895,52586,200
community_bridge,0.05,231,68048,52940,200
community_bridge,0.05,232,68151,52629,200
community_bridge,0.05,233,68041,52642,200
community_bridge,0.05,234,68162,53013,200
community_bridge,0.05,235,68076,52671,200
community_bridge,0.05,236,68043,52506,200
community_bridge,0.05,237,68071,52850,200
community_bridge,0.05,238,68243,52760,200
community_bridge,0.05,239,68031,52892,200
community_bridge,0.05,240,68295,52761,200
community_bridge,0.05,241,67962,52800,200
community_bridge,0.05,242,68036,52622,200
community_bridge,0.05,243,68211,52672,200
community_bridge,0.05,244,68081,53456,200
community_bridge,0.05,245,68031,52892,200
community_bridge,0.05,246,67890,52593,200
community_bridge,0.05,247,67960,52324,200
community_bridge,0.05,248,68047,52664,200
community_bridge,0.05,249,68129,53098,200
community_bridge,0.05,250,67820,52847,200
community_bridge,0.05,251,68075,52952,200
community_bridge,0.05,252,67964,52585,200
community_bridge,0.05,253,68156,53226,200
community_bridge,0.05,254,68055,52277,200
community_bridge,0.05,255,68138,52657,200
community_bridge,0.05,256,68135,53033,200
community_bridge,0.05,257,67936,52858,200
community_bridge,0.05,258,68109,53174,200
community_bridge,0.05,259,68089,52820,200
community_bridge,0.05,260,67934,52666,200
community_bridge,0.05,261,68143,53022,200
community_bridge,0.05,262,68006,52299,200
community_bridge,0.05,263,67993,52716,200
community_bridge,0.05,264,68171,53065,200
community_bridge,0.05,265,68082,52900,200
community_bridge,0.05,266,68275,53277,200
community_bridge,0.05,267,68151,52591,200
community_bridge,0.05,268,68009,52629,200
community_bridge,0.05,269,67946,52871,200
community_bridge,0.05,270,68056,52515,200
community_bridge,0.05,271,68095,52494,200
community_bridge,0.05,272,68021,52505,200
community_bridge,0.05,273,68339,52699,200
community_bridge,0.05,274,67997,52583,200
community_bridge,0.05,275,68135,52623,200
community_bridge,0.05,276,68115,52810,200
community_bridge,0.05,277,68097,52449,200
community_bridge,0.05,278,67846,52600,200
community_bridge,0.05,279,68043,52405,200
community_bridge,0.05,280,67954,52676,200
community_bridge,0.05,281,68070,52684,200
community_bridge,0.05,282,68034,52460,200
community_bridge,0.05,283,68062,53197,200
community_bridge,0.05,284,68069,52537,200
community_bridge,0.05,285,68160,52673,200
community_bridge,0.05,286,68051,52758,200
community_bridge,0.05,287,68056,52625,200
community_bridge,0.05,288,68046,52432,200
community_bridge,0.05,289,68108,52504,200
community_bridge,0.05,290,68118,52765,200
community_bridge,0.05,291,68222,52506,200
community_bridge,0.05,292,68075,52816,200
community_bridge,0.05,293,68079,52480,200
community_bridge,0.05,294,68152,52614,200
community_bridge,0.05,295,68078,52791,200
community_bridge,0.05,296,68124,52842,200
community_bridge,0.05,297,68035,53145,200
community_bridge,0.05,298,68126,52929,200
community_bridge,0.05,299,68061,52272,200
community_bridge,0.05,300,68102,52767,200
community_bridge,0.05,301,67999,52797,200
community_bridge,0.05,302,68168,53027,200
community_bridge,0.05,303,68174,52967,200
community_bridge,0.05,304,68259,52851,200
community_bridge,0.05,305,68062,52416,200
community_bridge,0.05,306,68177,52986,200
community_bridge,0.05,307,68164,53125,200
community_bridge,0.05,308,68179,52760,200
community_bridge,0.05,309,68007,52099,200
community_bridge,0.05,310,68126,52972,200
community_bridge,0.05,311,67961,52331,200
community_bridge,0.05,312,67988,53150,200
community_bridge,0.05,313,68166,52587,200
community_bridge,0.05,314,68131,52636,200
community_bridge,0.05,315,67961,52651,200
community_bridge,0.05,316,68124,52516,200
community_bridge,0.05,317,68154,52905,200
community_bridge,0.05,318,68043,52959,200
community_bridge,0.05,319,68098,52919,200
community_bridge,0.05,320,67962,53139,200
community_bridge,0.05,321,68077,52551,200
community_bridge,0.05,322,67980,52475,200
community_bridge,0.05,323,67953,52753,200
community_bridge,0.05,324,68060,52475,200
community_bridge,0.05,325,68171,53103,200
community_bridge,0.05,326,68172,53105,200
community_bridge,0.05,327,68107,52803,200
community_bridge,0.05,328,68158,52662,200
community_bridge,0.05,329,68080,52472,200
community_bridge,0.05,330,68139,52553,200
community_bridge,0.05,331,68032,52856,200
community_bridge,0.05,332,68102,53075,200
community_bridge,0.05,333,68117,52482,200
community_bridge,0.05,334,68223,52691,200
community_bridge,0.05,335,68108,52705,200
community_bridge,0.05,336,68096,53034,200
community_bridge,0.05,337,67954,52757,200
community_bridge,0.05,338,68128,53170,200
community_bridge,0.05,339,68028,53190,200
community_bridge,0.05,340,68030,52390,200
community_bridge,0.05,341,68297,53060,200
community_bridge,0.05,342,68118,52983,200
community_bridge,0.05,343,68085,53050,200
community_bridge,0.05,344,67950,52185,200
community_bridge,0.05,345,68140,52709,200
community_bridge,0.05,346,68232,52682,200
community_bridge,0.05,347,68091,52860,200
community_bridge,0.05,348,68017,52863,200
community_bridge,0.05,349,68102,52418,200
community_bridge,0.05,350,68111,52785,200
community_bridge,0.05,351,68067,52269,200
community_bridge,0.05,352,68022,52327,200
community_bridge,0.05,353,68129,52193,200
community_bridge,0.05,354,68202,53201,200
community_bridge,0.05,355,68028,53105,200
community_bridge,0.05,356,68167,52959,200
community_bridge,0.05,357,68221,52896,200
community_bridge,0.05,358,68164,52417,200
community_bridge,0.05,359,68213,52634,200
community_bridge,0.05,360,67958,53093,200
community_bridge,0.05,361,68167,52737,200
community_bridge,0.05,362,68108,53088,200
community_bridge,0.05,363,68188,52603,200
community_bridge,0.05,364,67835,52680,200
community_bridge,0.05,365,68178,52859,200
community_bridge,0.05,366,67949,53328,200
community_bridge,0.05,367,67944,52672,200
community_bridge,0.05,368,68131,53087,200
community_bridge,0.05,369,68087,52869,200
community_bridge,0.05,370,67910,52497,200
community_bridge,0.05,371,68045,52450,200
community_bridge,0.05,372,67948,52494,200
community_bridge,0.05,373,67990,52856,200
community_bridge,0.05,374,67970,52988,200
community_bridge,0.05,375,68214,52424,200
community_bridge,0.05,376,68094,52972,200
community_bridge,0.05,377,68133,53273,200
community_bridge,0.05,378,68108,52878,200
community_bridge,0.05,379,68037,52849,200
community_bridge,0.05,380,67937,52408,200
community_bridge,0.05,381,67991,52824,200
community_bridge,0.05,382,68052,52505,200
community_bridge,0.05,383,68109,52994,200
community_bridge,0.05,384,68031,52760,200
community_bridge,0.05,385,68027,52950,200
community_bridge,0.05,386,68158,53378,200
community_bridge,0.05,387,67975,53007,200
community_bridge,0.05,388,68037,52526,200
community_bridge,0.05,389,67937,52182,200
community_bridge,0.05,390,68144,52494,200
community_bridge,0.05,391,68140,52763,200
community_bridge,0.05,392,67978,53007,200
community_bridge,0.05,393,67923,52553,200
community_bridge,0.05,394,68199,52831,200
community_bridge,0.05,395,67990,52860,200
community_bridge,0.05,396,68193,52491,200
community_bridge,0.05,397,68030,52729,200
community_bridge,0.05,398,68009,52972,200
community_bridge,0.05,399,68074,52686,200
community_bridge,0.05,400,68101,52753,200
community_bridge,0.05,401,68065,52140,200
community_bridge,0.05,402,68072,52858,200
community_bridge,0.05,403,68171,52811,200
community_bridge,0.05,404,68139,52453,200
community_bridge,0.05,405,67947,52958,200
community_bridge,0.05,406,68095,52382,200
community_bridge,0.05,407,68081,52889,200
community_bridge,0.05,408,68231,52898,200
community_bridge,0.05,409,67983,52734,200
community_bridge,0.05,410,68065,52924,200
community_bridge,0.05,411,68033,53190,200
community_bridge,0.05,412,67971,53012,200
community_bridge,0.05,413,68020,52543,200
community_bridge,0.05,414,68169,52538,200
community_bridge,0.05,415,68080,52611,200
community_bridge,0.05,416,68009,52602,200
community_bridge,0.05,417,68012,52523,200
community_bridge,0.05,418,68035,52989,200
community_bridge,0.05,419,68108,52845,200
community_bridge,0.05,420,68055,52887,200
community_bridge,0.05,421,68023,52747,200
community_bridge,0.05,422,68118,52739,200
community_bridge,0.05,423,68106,52730,200
community_bridge,0.05,424,68115,53012,200
community_bridge,0.05,425,67957,52708,200
community_bridge,0.05,426,68106,53060,200
community_bridge,0.05,427,68089,52486,200
community_bridge,0.05,428,68196,53032,200
community_bridge,0.05,429,68087,52874,200
community_bridge,0.05,430,68084,53014,200
community_bridge,0.05,431,68027,52671,200
community_bridge,0.05,432,68003,53163,200
community_bridge,0.05,433,68244,53052,200
community_bridge,0.05,434,68065,52637,200
community_bridge,0.05,435,68079,52899,200
community_bridge,0.05,436,68246,52729,200
community_bridge,0.05,437,68042,52143,200
community_bridge,0.05,438,68049,52826,200
community_bridge,0.05,439,68028,52243,200
community_bridge,0.05,440,67925,52555,200
community_bridge,0.05,441,68177,52617,200
community_bridge,0.05,442,67954,52457,200
community_bridge,0.05,443,68166,52866,200
community_bridge,0.05,444,68150,52732,200
community_bridge,0.05,445,67944,53041,200
community_bridge,0.05,446,68039,52737,200
community_bridge,0.05,447,68196,52884,200
community_bridge,0.05,448,68043,52729,200
community_bridge,0.05,449,67968,52626,200
community_bridge,0.05,450,68113,52634,200
community_bridge,0.05,451,67997,52335,200
community_bridge,0.05,452,67967,52589,200
community_bridge,0.05,453,68012,52638,200
community_bridge,0.05,454,68003,52879,200
community_bridge,0.05,455,68049,52519,200
community_bridge,0.05,456,68307,53011,200
community_bridge,0.05,457,68156,53037,200
community_bridge,0.05,458,68033,52340,200
community_bridge,0.05,459,68105,52642,200
community_bridge,0.05,460,67981,52615,200
community_bridge,0.05,461,68165,52631,200
community_bridge,0.05,462,67992,52733,200
community_bridge,0.05,463,68128,53216,200
community_bridge,0.05,464,68095,52593,200
community_bridge,0.05,465,68129,52655,200
community_bridge,0.05,466,68072,52788,200
community_bridge,0.05,467,67963,52685,200
community_bridge,0.05,468,68211,52721,200
community_bridge,0.05,469,68106,52741,200
community_bridge,0.05,470,68075,52983,200
community_bridge,0.05,471,68174,52847,200
community_bridge,0.05,472,68241,53271,200
community_bridge,0.05,473,68077,52786,200
community_bridge,0.05,474,68087,52830,200
community_bridge,0.05,475,68068,52552,200
community_bridge,0.05,476,68176,52474,200
community_bridge,0.05,477,68024,52786,200
community_bridge,0.05,478,68002,52994,200
community_bridge,0.05,479,67936,52282,200
community_bridge,0.05,480,68102,52420,200
community_bridge,0.05,481,68057,52500,200
community_bridge,0.05,482,68138,52772,200
community_bridge,0.05,483,68041,52949,200
community_bridge,0.05,484,68223,52683,200
community_bridge,0.05,485,68001,52824,200
community_bridge,0.05,486,68146,53085,200
community_bridge,0.05,487,68095,52570,200
community_bridge,0.05,488,68150,52732,200
community_bridge,0.05,489,68039,52914,200
community_bridge,0.05,490,68151,52745,200
community_bridge,0.05,491,68148,53368,200
community_bridge,0.05,492,68137,52985,200
community_bridge,0.05,493,68157,52793,200
community_bridge,0.05,494,68127,52269,200
community_bridge,0.05,495,68065,52697,200
community_bridge,0.05,496,67980,52921,200
community_bridge,0.05,497,68106,52918,200
community_bridge,0.05,498,68162,53105,200
community_bridge,0.05,499,68104,52822,200
community_bridge,0.1,0,58376,39684,200
community_bridge,0.1,1,58552,41344,200
community_bridge,0.1,2,58496,39450,200
community_bridge,0.1,3,58239,40012,200
community_bridge,0.1,4,58616,40722,200
community_bridge,0.1,5,58826,41032,200
community_bridge,0.1,6,58875,40513,200
community_bridge,0.1,7,58745,40026,200
community_bridge,0.1,8,58383,40490,200
community_bridge,0.1,9,58345,41399,200
community_bridge,0.1,10,58373,40807,200
community_bridge,0.1,11,58659,41062,200
community_bridge,0.1,12,58718,40116,200
community_bridge,0.1,13,58597,41307,200
community_bridge,0.1,14,58320,40954,200
community_bridge,0.1,15,58554,40510,200
community_bridge,0.1,16,58667,39661,200
community_bridge,0.1,17,58450,41197,200
community_bridge,0.1,18,58422,41155,200
community_bridge,0.1,19,58784,40252,200
community_bridge,0.1,20,58583,39723,200
community_bridge,0.1,21,58475,40396,200
community_bridge,0.1,22,58867,40866,200
community_bridge,0.1,23,58674,40894,200
community_bridge,0.1,24,58436,39769,200
community_bridge,0.1,25,58555,40510,200
community_bridge,0.1,26,58405,40763,200
community_bridge,0.1,27,58793,39866,200
community_bridge,0.1,28,58909,40348,200
community_bridge,0.1,29,58371,40986,200
community_bridge,0.1,30,58813,41336,200
community_bridge,0.1,31,58180,40185,200
community_bridge,0.1,32,58324,41128,200
community_bridge,0.1,33,58952,41371,200
community_bridge,0.1,34,58481,40426,200
community_bridge,0.1,35,58618,41280,200
community_bridge,0.1,36,58682,41120,200
community_bridge,0.1,37,58594,40024,200
community_bridge,0.1,38,58550,39993,200
community_bridge,0.1,39,58729,40394,200
community_bridge,0.1,40,58524,40381,200
community_bridge,0.1,41,58938,41173,200
community_bridge,0.1,42,58711,41096,200
community_bridge,0.1,43,58818,40532,200
community_bridge,0.1,44,58723,40500,200
community_bridge,0.1,45,58587,40542,200
community_bridge,0.1,46,58563,40943,200
community_bridge,0.1,47,58571,41146,200
community_bridge,0.1,48,58700,41020,200
community_bridge,0.1,49,58808,39866,200
community_bridge,0.1,50,58867,39961,200
community_bridge,0.1,51,58593,41014,200
community_bridge,0.1,52,58899,40515,200
community_bridge,0.1,53,58905,40833,200
community_bridge,0.1,54,58694,40802,200
community_bridge,0.1,55,58820,40623,200
community_bridge,0.1,56,58332,39757,200
community_bridge,0.1,57,58354,40007,200
community_bridge,0.1,58,58468,39912,200
community_bridge,0.1,59,58505,40966,200
community_bridge,0.1,60,58528,40161,200
community_bridge,0.1,61,58751,39530,200
community_bridge,0.1,62,58464,40412,200
community_bridge,0.1,63,58704,41353,200
community_bridge,0.1,64,58431,39646,200
community_bridge,0.1,65,58882,40359,200
community_bridge,0.1,66,58328,39866,200
community_bridge,0.1,67,58980,39850,200
community_bridge,0.1,68,58764,40986,200
community_bridge,0.1,69,58415,40238,200
community_bridge,0.1,70,58554,41179,200
community_bridge,0.1,71,58555,41222,200
community_bridge,0.1,72,58906,38525,200
community_bridge,0.1,73,58898,40942,200
community_bridge,0.1,74,58677,41064,200
community_bridge,0.1,75,58531,40686,200
community_bridge,0.1,76,58781,41410,200
community_bridge,0.1,77,58756,41345,200
community_bridge,0.1,78,58474,40066,200
community_bridge,0.1,79,58658,40129,200
community_bridge,0.1,80,58901,40478,200
community_bridge,0.1,81,58595,41312,200
community_bridge,0.1,82,59198,40936,200
community_bridge,0.1,83,58220,40145,200
community_bridge,0.1,84,58579,40684,200
community_bridge,0.1,85,58549,40699,200
community_bridge,0.1,86,58358,40264,200
community_bridge,0.1,87,58525,40318,200
community_bridge,0.1,88,58755,41490,200
community_bridge,0.1,89,58691,39647,200
community_bridge,0.1,90,58622,40144,200
community_bridge,0.1,91,58838,40631,200
community_bridge,0.1,92,58775,40390,200
community_bridge,0.1,93,58273,40346,200
community_bridge,0.1,94,58499,40799,200
community_bridge,0.1,95,58716,40664,200
community_bridge,0.1,96,58851,40051,200
community_bridge,0.1,97,58617,40675,200
community_bridge,0.1,98,58763,40786,200
community_bridge,0.1,99,58241,40422,200
community_bridge,0.1,100,58630,41097,200
community_bridge,0.1,101,58572,39945,200
community_bridge,0.1,102,58571,39940,200
community_bridge,0.1,103,58759,41462,200
community_bridge,0.1,104,58602,40362,200
community_bridge,0.1,105,58412,40364,200
community_bridge,0.1,106,58870,39916,200
community_bridge,0.1,107,58835,39811,200
community_bridge,0.1,108,58865,40695,200
community_bridge,0.1,109,58644,40949,200
community_bridge,0.1,110,58689,40253,200
community_bridge,0.1,111,58775,41359,200
community_bridge,0.1,112,58144,39862,200
community_bridge,0.1,113,58581,39974,200
community_bridge,0.1,114,58419,40448,200
community_bridge,0.1,115,58477,40772,200
community_bridge,0.1,116,58630,40337,200
community_bridge,0.1,117,58328,39936,200
community_bridge,0.1,118,58342,40049,200
community_bridge,0.1,119,58300,40053,200
community_bridge,0.1,120,58559,39398,200
community_bridge,0.1,121,58428,41387,200
community_bridge,0.1,122,58819,41512,200
community_bridge,0.1,123,58632,40399,200
community_bridge,0.1,124,58573,40013,200
community_bridge,0.1,125,58471,40803,200
community_bridge,0.1,126,58853,40027,200
community_bridge,0.1,127,58531,40445,200
community_bridge,0.1,128,58313,39191,200
community_bridge,0.1,129,58495,40554,200
community_bridge,0.1,130,58500,39777,200
community_bridge,0.1,131,58751,40982,200
community_bridge,0.1,132,58680,40108,200
community_bridge,0.1,133,58418,40291,200
community_bridge,0.1,134,58752,40861,200
community_bridge,0.1,135,58674,40888,200
community_bridge,0.1,136,58677,40475,200
community_bridge,0.1,137,58743,41327,200
community_bridge,0.1,138,58699,40630,200
community_bridge,0.1,139,58487,40716,200
community_bridge,0.1,140,57987,39961,200
community_bridge,0.1,141,58501,40286,200
community_bridge,0.1,142,58356,40302,200
community_bridge,0.1,143,58595,40738,200
community_bridge,0.1,144,58463,40380,200
community_bridge,0.1,145,58531,39811,200
community_bridge,0.1,146,58604,40073,200
community_bridge,0.1,147,58677,40922,200
community_bridge,0.1,148,58740,40418,200
community_bridge,0.1,149,58803,40296,200
community_bridge,0.1,150,59021,41601,200
community_bridge,0.1,151,58768,40405,200
community_bridge,0.1,152,58559,40022,200
community_bridge,0.1,153,58525,40234,200
community_bridge,0.1,154,58317,39789,200
community_bridge,0.1,155,58124,40314,200
community_bridge,0.1,156,59023,40134,200
community_bridge,0.1,157,58843,40736,200
community_bridge,0.1,158,58621,39888,200
community_bridge,0.1,159,58150,40074,200
community_bridge,0.1,160,58393,40696,200
community_bridge,0.1,161,58672,41132,200
community_bridge,0.1,162,58626,40466,200
community_bridge,0.1,163,58756,40699,200
community_bridge,0.1,164,58568,40912,200
community_bridge,0.1,165,58512,40532,200
community_bridge,0.1,166,58829,40227,200
community_bridge,0.1,167,58551,39363,200
community_bridge,0.1,168,58499,41328,200
community_bridge,0.1,169,58733,40756,200
community_bridge,0.1,170,58688,40190,200
community_bridge,0.1,171,58420,40580,200
community_bridge,0.1,172,58714,40171,200
community_bridge,0.1,173,58236,40870,200
community_bridge,0.1,174,58706,41139,200
community_bridge,0.1,175,58591,40761,200
community_bridge,0.1,176,58771,40721,200
community_bridge,0.1,177,58614,39306,200
community_bridge,0.1,178,58557,40770,200
community_bridge,0.1,179,58985,39719,200
community_bridge,0.1,180,58370,40026,200
community_bridge,0.1,181,58260,39592,200
community_bridge,0.1,182,58535,39447,200
community_bridge,0.1,183,58281,39995,200
community_bridge,0.1,184,58991,40809,200
community_bridge,0.1,185,58288,40823,200
community_bridge,0.1,186,58630,40131,200
community_bridge,0.1,187,58793,39335,200
community_bridge,0.1,188,58377,41388,200
community_bridge,0.1,189,58732,40821,200
community_bridge,0.1,190,58758,41057,200
community_bridge,0.1,191,58517,41022,200
community_bridge,0.1,192,58791,39299,200
community_bridge,0.1,193,58486,40861,200
community_bridge,0.1,194,58784,40170,200
community_bridge,0.1,195,58511,39175,200
community_bridge,0.1,196,58851,40445,200
community_bridge,0.1,197,58486,40231,200
community_bridge,0.1,198,58505,39670,200
community_bridge,0.1,199,58562,41485,200
community_bridge,0.1,200,58842,40736,200
community_bridge,0.1,201,58792,39812,200
community_bridge,0.1,202,58821,40609,200
community_bridge,0.1,203,58551,40166,200
community_bridge,0.1,204,58728,41124,200
community_bridge,0.1,205,58753,40773,200
community_bridge,0.1,206,58195,41609,200
community_bridge,0.1,207,58470,40895,200
community_bridge,0.1,208,59064,40754,200
community_bridge,0.1,209,58855,39695,200
community_bridge,0.1,210,58978,39940,200
community_bridge,0.1,211,58274,39828,200
community_bridge,0.1,212,58949,40428,200
community_bridge,0.1,213,58867,41369,200
community_bridge,0.1,214,58697,40519,200
community_bridge,0.1,215,58523,40263,200
community_bridge,0.1,216,58589,40831,200
community_bridge,0.1,217,58464,40398,200
community_bridge,0.1,218,58526,41151,200
community_bridge,0.1,219,58681,41077,200
community_bridge,0.1,220,58632,40381,200
community_bridge,0.1,221,58855,40205,200
community_bridge,0.1,222,58485,40953,200
community_bridge,0.1,223,58961,41778,200
community_bridge,0.1,224,58911,40922,200
community_bridge,0.1,225,58717,40955,200
community_bridge,0.1,226,58842,39987,200
community_bridge,0.1,227,58581,39965,200
community_bridge,0.1,228,58924,40226,200
community_bridge,0.1,229,59000,40250,200
community_bridge,0.1,230,58516,40496,200
community_bridge,0.1,231,58610,40326,200
community_bridge,0.1,232,58702,41175,200
community_bridge,0.1,233,58761,40690,200
community_bridge,0.1,234,58592,39536,200
community_bridge,0.1,235,58981,40971,200
community_bridge,0.1,236,58405,40852,200
community_bridge,0.1,237,58328,40535,200
community_bridge,0.1,238,58577,40534,200
community_bridge,0.1,239,58813,39759,200
community_bridge,0.1,240,58674,40382,200
community_bridge,0.1,241,58542,40043,200
community_bridge,0.1,242,58853,41003,200
community_bridge,0.1,243,58366,41008,200
community_bridge,0.1,244,58659,40518,200
community_bridge,0.1,245,58633,40435,200
community_bridge,0.1,246,58680,40452,200
community_bridge,0.1,247,58189,39882,200
community_bridge,0.1,248,58372,40496,200
community_bridge,0.1,249,58375,40748,200
community_bridge,0.1,250,58633,40476,200
community_bridge,0.1,251,58645,39814,200
community_bridge,0.1,252,58536,40902,200
community_bridge,0.1,253,58634,41747,200
community_bridge,0.1,254,58786,40360,200
community_bridge,0.1,255,58618,40439,200
community_bridge,0.1,256,58004,40580,200
community_bridge,0.1,257,58689,39959,200
community_bridge,0.1,258,58676,40030,200
community_bridge,0.1,259,58435,41553,200
community_bridge,0.1,260,58672,40498,200
community_bridge,0.1,261,58551,40047,200
community_bridge,0.1,262,58691,39855,200
community_bridge,0.1,263,58408,40591,200
community_bridge,0.1,264,58608,40271,200
community_bridge,0.1,265,58488,40914,200
community_bridge,0.1,266,58286,40214,200
community_bridge,0.1,267,58863,39980,200
community_bridge,0.1,268,58594,40346,200
community_bridge,0.1,269,58837,40417,200
community_bridge,0.1,270,58270,41771,200
community_bridge,0.1,271,58865,39499,200
community_bridge,0.1,272,58360,40350,200
community_bridge,0.1,273,58741,39496,200
community_bridge,0.1,274,58392,40129,200
community_bridge,0.1,275,58714,40857,200
community_bridge,0.1,276,58797,40807,200
community_bridge,0.1,277,58299,39743,200
community_bridge,0.1,278,58083,41153,200
community_bridge,0.1,279,58355,40381,200
community_bridge,0.1,280,58577,40348,200
community_bridge,0.1,281,58601,40212,200
community_bridge,0.1,282,58322,40354,200
community_bridge,0.1,283,58685,39673,200
community_bridge,0.1,284,58630,39735,200
community_bridge,0.1,285,58683,39643,200
community_bridge,0.1,286,58589,39857,200
community_bridge,0.1,287,58421,40746,200
community_bridge,0.1,288,58265,40430,200
community_bridge,0.1,289,58637,40746,200
community_bridge,0.1,290,58773,40372,200
community_bridge,0.1,291,58881,39777,200
community_bridge,0.1,292,58629,40578,200
community_bridge,0.1,293,58418,39627,200
community_bridge,0.1,294,58755,40311,200
community_bridge,0.1,295,58738,40566,200
community_bridge,0.1,296,58732,40285,200
community_bridge,0.1,297,58701,40854,200
community_bridge,0.1,298,58333,40109,200
community_bridge,0.1,299,58659,39041,200
community_bridge,0.1,300,58658,40619,200
community_bridge,0.1,301,58681,41634,200
community_bridge,0.1,302,58803,40890,200
community_bridge,0.1,303,58806,41555,200
community_bridge,0.1,304,58697,40572,200
community_bridge,0.1,305,58193,39345,200
community_bridge,0.1,306,58682,41437,200
community_bridge,0.1,307,58272,40877,200
community_bridge,0.1,308,58634,40982,200
community_bridge,0.1,309,58741,40303,200
community_bridge,0.1,310,58880,40350,200
community_bridge,0.1,311,58500,40884,200
community_bridge,0.1,312,58851,39262,200
community_bridge,0.1,313,58686,40626,200
community_bridge,0.1,314,58889,41586,200
community_bridge,0.1,315,58367,40404,200
community_bridge,0.1,316,58768,40011,200
community_bridge,0.1,317,58414,41533,200
community_bridge,0.1,318,58642,39527,200
community_bridge,0.1,319,58272,40515,200
community_bridge,0.1,320,58782,40982,200
community_bridge,0.1,321,58488,39744,200
community_bridge,0.1,322,58633,40506,200
community_bridge,0.1,323,58630,40869,200
community_bridge,0.1,324,58701,40029,200
community_bridge,0.1,325,58558,39718,200
community_bridge,0.1,326,58751,40007,200
community_bridge,0.1,327,58458,40893,200
community_bridge,0.1,328,58458,40634,200
community_bridge,0.1,329,58511,40264,200
community_bridge,0.1,330,58449,41182,200
community_bridge,0.1,331,58325,41138,200
community_bridge,0.1,332,58720,40764,200
community_bridge,0.1,333,58886,39993,200
community_bridge,0.1,334,58578,40007,200
community_bridge,0.1,335,58522,39638,200
community_bridge,0.1,336,58788,41473,200
community_bridge,0.1,337,58626,39614,200
community_bridge,0.1,338,58372,40514,200
community_bridge,0.1,339,58664,39509,200
community_bridge,0.1,340,58712,40126,200
community_bridge,0.1,341,58537,41653,200
community_bridge,0.1,342,58920,40465,200
community_bridge,0.1,343,58334,40856,200
community_bridge,0.1,344,58693,39944,200
community_bridge,0.1,345,58336,40709,200
community_bridge,0.1,346,58959,39359,200
community_bridge,0.1,347,58500,40433,200
community_bridge,0.1,348,58441,41470,200
community_bridge,0.1,349,58748,41103,200
community_bridge,0.1,350,58404,39088,200
community_bridge,0.1,351,58704,39914,200
community_bridge,0.1,352,58918,39046,200
community_bridge,0.1,353,58508,41315,200
community_bridge,0.1,354,58925,39909,200
community_bridge,0.1,355,58461,40205,200
community_bridge,0.1,356,58670,40613,200
community_bridge,0.1,357,58877,39817,200
community_bridge,0.1,358,58620,40783,200
community_bridge,0.1,359,58054,39714,200
community_bridge,0.1,360,58513,40192,200
community_bridge,0.1,361,58846,40685,200
community_bridge,0.1,362,58363,40224,200
community_bridge,0.1,363,58337,40290,200
community_bridge,0.1,364,58580,40481,200
community_bridge,0.1,365,58536,40353,200
community_bridge,0.1,366,58773,39850,200
community_bridge,0.1,367,58362,40214,200
community_bridge,0.1,368,58625,41321,200
community_bridge,0.1,369,58590,40013,200
community_bridge,0.1,370,58832,39699,200
community_bridge,0.1,371,58780,40760,200
community_bridge,0.1,372,58531,40260,200
community_bridge,0.1,373,58221,39203,200
community_bridge,0.1,374,58863,40585,200
community_bridge,0.1,375,58353,40232,200
community_bridge,0.1,376,58547,40772,200
community_bridge,0.1,377,58214,40823,200
community_bridge,0.1,378,58716,40711,200
community_bridge,0.1,379,58458,40930,200
community_bridge,0.1,380,58527,39836,200
community_bridge,0.1,381,58888,40306,200
community_bridge,0.1,382,58656,39831,200
community_bridge,0.1,383,58261,40467,200
community_bridge,0.1,384,58369,40811,200
community_bridge,0.1,385,58085,39895,200
community_bridge,0.1,386,58422,39830,200
community_bridge,0.1,387,58510,41164,200
community_bridge,0.1,388,58728,40538,200
community_bridge,0.1,389,58644,41318,200
community_bridge,0.1,390,58734,39322,200
community_bridge,0.1,391,58332,39674,200
community_bridge,0.1,392,58800,40408,200
community_bridge,0.1,393,58745,40203,200
community_bridge,0.1,394,58485,40415,200
community_bridge,0.1,395,58809,39960,200
community_bridge,0.1,396,58586,40184,200
community_bridge,0.1,397,58616,40512,200
community_bridge,0.1,398,58487,39973,200
community_bridge,0.1,399,58551,40307,200
community_bridge,0.1,400,58442,39186,200
community_bridge,0.1,401,58592,39248,200
community_bridge,0.1,402,58626,39754,200
community_bridge,0.1,403,58583,40838,200
community_bridge,0.1,404,58450,39925,200
community_bridge,0.1,405,58407,40905,200
community_bridge,0.1,406,58802,41383,200
community_bridge,0.1,407,58771,41114,200
community_bridge,0.1,408,58649,40461,200
community_bridge,0.1,409,58471,40882,200
community_bridge,0.1,410,58643,40113,200
community_bridge,0.1,411,58848,40442,200
community_bridge,0.1,412,58677,41061,200
community_bridge,0.1,413,58087,41126,200
community_bridge,0.1,414,58576,41412,200
community_bridge,0.1,415,58222,41088,200
community_bridge,0.1,416,58428,39745,200
community_bridge,0.1,417,58809,41041,200
community_bridge,0.1,418,58758,40814,200
community_bridge,0.1,419,58701,39702,200
community_bridge,0.1,420,58710,40454,200
community_bridge,0.1,421,58327,38847,200
community_bridge,0.1,422,58338,39575,200
community_bridge,0.1,423,58770,39942,200
community_bridge,0.1,424,58813,41100,200
community_bridge,0.1,425,58515,40432,200
community_bridge,0.1,426,58621,40151,200
community_bridge,0.1,427,58340,40416,200
community_bridge,0.1,428,58531,40309,200
community_bridge,0.1,429,58297,40589,200
community_bridge,0.1,430,58461,40136,200
community_bridge,0.1,431,58475,40839,200
community_bridge,0.1,432,58462,41195,200
community_bridge,0.1,433,58926,40385,200
community_bridge,0.1,434,58797,40459,200
community_bridge,0.1,435,58588,40109,200
community_bridge,0.1,436,58857,40616,200
community_bridge,0.1,437,58739,41984,200
community_bridge,0.1,438,58534,40869,200
community_bridge,0.1,439,58536,40513,200
community_bridge,0.1,440,58775,39953,200
community_bridge,0.1,441,58429,39512,200
community_bridge,0.1,442,58572,39474,200
community_bridge,0.1,443,58871,40039,200
community_bridge,0.1,444,58885,40786,200
community_bridge,0.1,445,58422,40869,200
community_bridge,0.1,446,58233,40102,200
community_bridge,0.1,447,58655,40440,200
community_bridge,0.1,448,58642,39602,200
community_bridge,0.1,449,58513,40990,200
community_bridge,0.1,450,58538,40362,200
community_bridge,0.1,451,58454,41279,200
community_bridge,0.1,452,58176,40288,200
community_bridge,0.1,453,58593,40198,200
community_bridge,0.1,454,58426,40793,200
community_bridge,0.1,455,58970,39427,200
community_bridge,0.1,456,58432,40622,200
community_bridge,0.1,457,58853,39985,200
community_bridge,0.1,458,58458,39827,200
community_bridge,0.1,459,58671,41675,200
community_bridge,0.1,460,58454,39329,200
community_bridge,0.1,461,58609,39635,200
community_bridge,0.1,462,58687,41104,200
community_bridge,0.1,463,58305,39886,200
community_bridge,0.1,464,58612,40245,200
community_bridge,0.1,465,58750,40697,200
community_bridge,0.1,466,58448,40488,200
community_bridge,0.1,467,58577,39474,200
community_bridge,0.1,468,58404,40842,200
community_bridge,0.1,469,58399,40608,200
community_bridge,0.1,470,58443,40639,200
community_bridge,0.1,471,58703,39567,200
community_bridge,0.1,472,58327,39791,200
community_bridge,0.1,473,58737,40499,200
community_bridge,0.1,474,58612,40591,200
community_bridge,0.1,475,58831,40386,200
community_bridge,0.1,476,58503,40200,200
community_bridge,0.1,477,58751,41500,200
community_bridge,0.1,478,58483,40522,200
community_bridge,0.1,479,58643,41059,200
community_bridge,0.1,480,58706,40889,200
community_bridge,0.1,481,58154,38950,200
community_bridge,0.1,482,58833,41156,200
community_bridge,0.1,483,58511,41115,200
community_bridge,0.1,484,58446,40909,200
community_bridge,0.1,485,58848,39768,200
community_bridge,0.1,486,58743,40671,200
community_bridge,0.1,487,58439,39553,200
community_bridge,0.1,488,58408,40972,200
community_bridge,0.1,489,58879,41222,200
community_bridge,0.1,490,58535,40548,200
community_bridge,0.1,491,58817,40274,200
community_bridge,0.1,492,58609,41729,200
community_bridge,0.1,493,58676,40696,200
community_bridge,0.1,494,58629,41042,200
community_bridge,0.1,495,58560,39829,200
community_bridge,0.1,496,58488,40080,200
community_bridge,0.1,497,58603,40732,200
community_bridge,0.1,498,58450,39511,200
community_bridge,0.1,499,58812,40497,200
community_bridge,0.15,0,48709,28874,200
community_bridge,0.15,1,48735,29326,200
community_bridge,0.15,2,44669,26860,200
community_bridge,0.15,3,47667,29320,200
community_bridge,0.15,4,48705,30442,200
community_bridge,0.15,5,48705,29665,200
community_bridge,0.15,6,48516,26040,200
community_bridge,0.15,7,47985,29708,200
community_bridge,0.15,8,48468,27417,200
community_bridge,0.15,9,48518,28178,200
community_bridge,0.15,10,48058,25428,200
community_bridge,0.15,11,48247,27331,200
community_bridge,0.15,12,48570,28654,200
community_bridge,0.15,13,48497,28209,200
community_bridge,0.15,14,48123,28395,200
community_bridge,0.15,15,48040,29391,200
community_bridge,0.15,16,48302,29065,200
community_bridge,0.15,17,48147,25869,200
community_bridge,0.15,18,48352,30425,200
community_bridge,0.15,19,48953,29752,200
community_bridge,0.15,20,48583,27425,200
community_bridge,0.15,21,48481,28827,200
community_bridge,0.15,22,48901,28535,200
community_bridge,0.15,23,48649,26984,200
community_bridge,0.15,24,48221,27542,200
community_bridge,0.15,25,48196,29122,200
community_bridge,0.15,26,47701,29728,200
community_bridge,0.15,27,48566,28485,200
community_bridge,0.15,28,47179,27484,200
community_bridge,0.15,29,48716,29564,200
community_bridge,0.15,30,48502,29159,200
community_bridge,0.15,31,45879,27146,200
community_bridge,0.15,32,48351,29136,200
community_bridge,0.15,33,48690,26898,200
community_bridge,0.15,34,47919,28119,200
community_bridge,0.15,35,48076,28950,200
community_bridge,0.15,36,48990,28525,200
community_bridge,0.15,37,47581,27374,200
community_bridge,0.15,38,48253,29329,200
community_bridge,0.15,39,48289,29382,200
community_bridge,0.15,40,47525,28386,200
community_bridge,0.15,41,48982,27938,200
community_bridge,0.15,42,48576,30243,200
community_bridge,0.15,43,47924,26565,200
community_bridge,0.15,44,47266,24984,200
community_bridge,0.15,45,48690,27674,200
community_bridge,0.15,46,47948,27167,200
community_bridge,0.15,47,48704,30127,200
community_bridge,0.15,48,49136,30247,200
community_bridge,0.15,49,48473,28650,200
community_bridge,0.15,50,47744,28127,200
community_bridge,0.15,51,48212,26624,200
community_bridge,0.15,52,48803,26049,200
community_bridge,0.15,53,48245,28188,200
community_bridge,0.15,54,48666,28273,200
community_bridge,0.15,55,48488,29695,200
community_bridge,0.15,56,48110,29423,200
community_bridge,0.15,57,47040,28032,200
community_bridge,0.15,58,48423,26007,200
community_bridge,0.15,59,48602,29430,200
community_bridge,0.15,60,48588,29644,200
community_bridge,0.15,61,48131,28226,200
community_bridge,0.15,62,48076,29940,200
community_bridge,0.15,63,48858,29175,200
community_bridge,0.15,64,48793,27017,200
community_bridge,0.15,65,47818,27159,200
community_bridge,0.15,66,48501,30434,200
community_bridge,0.15,67,48968,27565,200
community_bridge,0.15,68,48322,27665,200
community_bridge,0.15,69,48771,27099,200
community_bridge,0.15,70,47881,28072,200
community_bridge,0.15,71,48266,27079,200
community_bridge,0.15,72,48665,29668,200
community_bridge,0.15,73,48092,28572,200
community_bridge,0.15,74,47899,27448,200
community_bridge,0.15,75,47427,26622,200
community_bridge,0.15,76,48077,26800,200
community_bridge,0.15,77,48273,25882,200
community_bridge,0.15,78,48628,28291,200
community_bridge,0.15,79,48508,26124,200
community_bridge,0.15,80,48090,29139,200
community_bridge,0.15,81,47378,26010,200
community_bridge,0.15,82,48058,27841,200
community_bridge,0.15,83,47978,28369,200
community_bridge,0.15,84,46522,26044,200
community_bridge,0.15,85,48871,28407,200
community_bridge,0.15,86,47384,26649,200
community_bridge,0.15,87,48935,27216,200
community_bridge,0.15,88,48875,29556,200
community_bridge,0.15,89,48412,25158,200
community_bridge,0.15,90,48283,28247,200
community_bridge,0.15,91,48975,26484,200
community_bridge,0.15,92,48443,27270,200
community_bridge,0.15,93,47779,29015,200
community_bridge,0.15,94,48125,27376,200
community_bridge,0.15,95,48726,28595,200
community_bridge,0.15,96,48884,27956,200
community_bridge,0.15,97,48144,26104,200
community_bridge,0.15,98,48831,26318,200
community_bridge,0.15,99,48680,27242,200
community_bridge,0.15,100,48714,29156,200
community_bridge,0.15,101,47854,29033,200
community_bridge,0.15,102,48232,26773,200
community_bridge,0.15,103,48579,29320,200
community_bridge,0.15,104,48276,28554,200
community_bridge,0.15,105,47049,28499,200
community_bridge,0.15,106,44833,27211,200
community_bridge,0.15,107,48044,28924,200
community_bridge,0.15,108,48420,28807,200
community_bridge,0.15,109,48066,28993,200
community_bridge,0.15,110,48235,28619,200
community_bridge,0.15,111,48452,25623,200
community_bridge,0.15,112,48146,28309,200
community_bridge,0.15,113,48112,28734,200
community_bridge,0.15,114,44525,26072,200
community_bridge,0.15,115,48002,27520,200
community_bridge,0.15,116,47473,28300,200
community_bridge,0.15,117,48377,29345,200
community_bridge,0.15,118,47926,26536,200
community_bridge,0.15,119,49295,30025,200
community_bridge,0.15,120,48707,28130,200
community_bridge,0.15,121,48366,28688,200
community_bridge,0.15,122,48347,27309,200
community_bridge,0.15,123,44125,28146,200
community_bridge,0.15,124,48462,27299,200
community_bridge,0.15,125,48186,28728,200
community_bridge,0.15,126,48523,27652,200
community_bridge,0.15,127,48480,28297,200
community_bridge,0.15,128,48726,27077,200
community_bridge,0.15,129,48830,28266,200
community_bridge,0.15,130,47494,26818,200
community_bridge,0.15,131,48747,28615,200
community_bridge,0.15,132,49050,26974,200
community_bridge,0.15,133,47247,28916,200
community_bridge,0.15,134,47476,29501,200
community_bridge,0.15,135,48135,27904,200
community_bridge,0.15,136,48065,29351,200
community_bridge,0.15,137,48146,29094,200
community_bridge,0.15,138,48115,28670,200
community_bridge,0.15,139,48234,27909,200
community_bridge,0.15,140,48607,28472,200
community_bridge,0.15,141,48981,30558,200
community_bridge,0.15,142,48667,28871,200
community_bridge,0.15,143,48409,29530,200
community_bridge,0.15,144,48113,28976,200
community_bridge,0.15,145,48870,26175,200
community_bridge,0.15,146,48315,28241,200
community_bridge,0.15,147,48752,28969,200
community_bridge,0.15,148,47921,28338,200
community_bridge,0.15,149,48650,28306,200
community_bridge,0.15,150,48582,28829,200
community_bridge,0.15,151,48504,29875,200
community_bridge,0.15,152,48584,29075,200
community_bridge,0.15,153,48587,28447,200
community_bridge,0.15,154,49013,28755,200
community_bridge,0.15,155,48504,28672,200
community_bridge,0.15,156,48715,29612,200
community_bridge,0.15,157,48214,30113,200
community_bridge,0.15,158,48773,27391,200
community_bridge,0.15,159,48281,28210,200
community_bridge,0.15,160,48317,29466,200
community_bridge,0.15,161,48914,28068,200
community_bridge,0.15,162,47896,29109,200
community_bridge,0.15,163,48320,27354,200
community_bridge,0.15,164,48398,27844,200
community_bridge,0.15,165,63,35,200
community_bridge,0.15,166,48017,29053,200
community_bridge,0.15,167,48292,29062,200
community_bridge,0.15,168,48016,28704,200
community_bridge,0.15,169,47867,28036,200
community_bridge,0.15,170,47960,26720,200
community_bridge,0.15,171,48299,25726,200
community_bridge,0.15,172,48472,26593,200
community_bridge,0.15,173,48322,26925,200
community_bridge,0.15,174,48400,27409,200
community_bridge,0.15,175,48101,29029,200
community_bridge,0.15,176,49161,28167,200
community_bridge,0.15,177,48231,28462,200
community_bridge,0.15,178,48326,29649,200
community_bridge,0.15,179,49017,26456,200
community_bridge,0.15,180,48724,27925,200
community_bridge,0.15,181,44479,25889,200
community_bridge,0.15,182,48214,28750,200
community_bridge,0.15,183,48578,30178,200
community_bridge,0.15,184,48490,29312,200
community_bridge,0.15,185,48701,28326,200
community_bridge,0.15,186,47837,28393,200
community_bridge,0.15,187,48393,27823,200
community_bridge,0.15,188,48563,29823,200
community_bridge,0.15,189,48399,28195,200
community_bridge,0.15,190,240,209,200
community_bridge,0.15,191,48829,30799,200
community_bridge,0.15,192,48103,28836,200
community_bridge,0.15,193,48416,27897,200
community_bridge,0.15,194,724,586,200
community_bridge,0.15,195,47866,27196,200
community_bridge,0.15,196,48239,26212,200
community_bridge,0.15,197,48352,27290,200
community_bridge,0.15,198,48229,29061,200
community_bridge,0.15,199,48592,29883,200
community_bridge,0.15,200,47438,28205,200
community_bridge,0.15,201,47887,29279,200
community_bridge,0.15,202,48134,26194,200
community_bridge,0.15,203,48754,28933,200
community_bridge,0.15,204,48754,27765,200
community_bridge,0.15,205,48179,29021,200
community_bridge,0.15,206,47543,26875,200
community_bridge,0.15,207,44384,27781,200
community_bridge,0.15,208,48005,29225,200
community_bridge,0.15,209,47825,30173,200
community_bridge,0.15,210,48631,27159,200
community_bridge,0.15,211,47972,28388,200
community_bridge,0.15,212,48619,28956,200
community_bridge,0.15,213,48367,29132,200
community_bridge,0.15,214,47657,28398,200
community_bridge,0.15,215,48662,29455,200
community_bridge,0.15,216,48044,27022,200
community_bridge,0.15,217,46959,28227,200
community_bridge,0.15,218,48386,28287,200
community_bridge,0.15,219,48099,28027,200
community_bridge,0.15,220,49102,29069,200
community_bridge,0.15,221,48289,29136,200
community_bridge,0.15,222,48295,29682,200
community_bridge,0.15,223,46544,29028,200
community_bridge,0.15,224,48833,29805,200
community_bridge,0.15,225,48073,30871,200
community_bridge,0.15,226,48489,29443,200
community_bridge,0.15,227,47609,30246,200
community_bridge,0.15,228,48764,29992,200
community_bridge,0.15,229,48110,25146,200
community_bridge,0.15,230,48778,27145,200
community_bridge,0.15,231,44324,27527,200
community_bridge,0.15,232,48139,29116,200
community_bridge,0.15,233,48267,25717,200
community_bridge,0.15,234,48674,29010,200
community_bridge,0.15,235,48710,27384,200
community_bridge,0.15,236,44429,26403,200
community_bridge,0.15,237,48698,26866,200
community_bridge,0.15,238,48368,26354,200
community_bridge,0.15,239,47912,27919,200
community_bridge,0.15,240,48353,28864,200
community_bridge,0.15,241,48185,25364,200
community_bridge,0.15,242,48119,27023,200
community_bridge,0.15,243,48211,29195,200
community_bridge,0.15,244,48180,27946,200
community_bridge,0.15,245,49156,28476,200
community_bridge,0.15,246,48852,28429,200
community_bridge,0.15,247,48097,28115,200
community_bridge,0.15,248,48173,28667,200
community_bridge,0.15,249,47773,28316,200
community_bridge,0.15,250,48348,29282,200
community_bridge,0.15,251,48574,29190,200
community_bridge,0.15,252,47182,27772,200
community_bridge,0.15,253,44108,25406,200
community_bridge,0.15,254,48649,28932,200
community_bridge,0.15,255,48340,28094,200
community_bridge,0.15,256,47845,25873,200
community_bridge,0.15,257,48209,29255,200
community_bridge,0.15,258,48778,28850,200
community_bridge,0.15,259,47335,26718,200
community_bridge,0.15,260,48580,28625,200
community_bridge,0.15,261,48073,28498,200
community_bridge,0.15,262,47481,27619,200
community_bridge,0.15,263,48562,27549,200
community_bridge,0.15,264,48917,29179,200
community_bridge,0.15,265,48714,26361,200
community_bridge,0.15,266,48656,29349,200
community_bridge,0.15,267,48387,27905,200
community_bridge,0.15,268,47807,27715,200
community_bridge,0.15,269,47917,28017,200
community_bridge,0.15,270,48411,26664,200
community_bridge,0.15,271,47641,28789,200
community_bridge,0.15,272,47960,28564,200
community_bridge,0.15,273,48123,28010,200
community_bridge,0.15,274,48172,31212,200
community_bridge,0.15,275,49003,28445,200
community_bridge,0.15,276,48565,29114,200
community_bridge,0.15,277,48675,29579,200
community_bridge,0.15,278,44454,26263,200
community_bridge,0.15,279,48598,27421,200
community_bridge,0.15,280,48524,28217,200
community_bridge,0.15,281,48446,26582,200
community_bridge,0.15,282,48176,29108,200
community_bridge,0.15,283,47405,30203,200
community_bridge,0.15,284,48342,29119,200
community_bridge,0.15,285,47724,28499,200
community_bridge,0.15,286,47802,26344,200
community_bridge,0.15,287,47988,28492,200
community_bridge,0.15,288,48142,27384,200
community_bridge,0.15,289,48215,28083,200
community_bridge,0.15,290,47061,24817,200
community_bridge,0.15,291,47379,29454,200
community_bridge,0.15,292,49095,27374,200
community_bridge,0.15,293,48310,30371,200
community_bridge,0.15,294,48026,29083,200
community_bridge,0.15,295,48817,29782,200
community_bridge,0.15,296,47992,26612,200
community_bridge,0.15,297,48147,28642,200
community_bridge,0.15,298,47838,30599,200
community_bridge,0.15,299,48017,29133,200
community_bridge,0.15,300,48619,28302,200
community_bridge,0.15,301,48678,27768,200
community_bridge,0.15,302,48933,27910,200
community_bridge,0.15,303,47993,26508,200
community_bridge,0.15,304,48739,29366,200
community_bridge,0.15,305,48683,28784,200
community_bridge,0.15,306,48115,27300,200
community_bridge,0.15,307,48858,25981,200
community_bridge,0.15,308,48893,27417,200
community_bridge,0.15,309,48643,27133,200
community_bridge,0.15,310,47704,28026,200
community_bridge,0.15,311,48297,29894,200
community_bridge,0.15,312,49163,32021,200
community_bridge,0.15,313,48055,29174,200
community_bridge,0.15,314,49009,28128,200
community_bridge,0.15,315,48479,28917,200
community_bridge,0.15,316,48126,26875,200
community_bridge,0.15,317,48118,30240,200
community_bridge,0.15,318,48034,27896,200
community_bridge,0.15,319,47903,28209,200
community_bridge,0.15,320,48596,29694,200
community_bridge,0.15,321,47593,28056,200
community_bridge,0.15,322,48063,28599,200
community_bridge,0.15,323,48499,28778,200
community_bridge,0.15,324,48504,26863,200
community_bridge,0.15,325,48797,28382,200
community_bridge,0.15,326,48428,26652,200
community_bridge,0.15,327,48794,26877,200
community_bridge,0.15,328,48621,28686,200
community_bridge,0.15,329,48896,26572,200
community_bridge,0.15,330,48305,29651,200
community_bridge,0.15,331,48255,25581,200
community_bridge,0.15,332,47718,28156,200
community_bridge,0.15,333,47911,29392,200
community_bridge,0.15,334,48390,28601,200
community_bridge,0.15,335,48449,28753,200
community_bridge,0.15,336,48364,28161,200
community_bridge,0.15,337,48157,27504,200
community_bridge,0.15,338,48147,27882,200
community_bridge,0.15,339,48822,28673,200
community_bridge,0.15,340,48754,30006,200
community_bridge,0.15,341,47094,27738,200
community_bridge,0.15,342,48557,28983,200
community_bridge,0.15,343,48749,27867,200
community_bridge,0.15,344,48228,28430,200
community_bridge,0.15,345,48702,28278,200
community_bridge,0.15,346,47786,26966,200
community_bridge,0.15,347,48276,29333,200
community_bridge,0.15,348,47902,27712,200
community_bridge,0.15,349,47257,28327,200
community_bridge,0.15,350,47368,29625,200
community_bridge,0.15,351,48339,30522,200
community_bridge,0.15,352,48875,26935,200
community_bridge,0.15,353,48206,26768,200
community_bridge,0.15,354,44459,27725,200
community_bridge,0.15,355,47938,27702,200
community_bridge,0.15,356,48300,28126,200
community_bridge,0.15,357,48212,28725,200
community_bridge,0.15,358,48428,27712,200
community_bridge,0.15,359,44565,26379,200
community_bridge,0.15,360,47488,27703,200
community_bridge,0.15,361,47874,28746,200
community_bridge,0.15,362,48040,28649,200
community_bridge,0.15,363,48159,27962,200
community_bridge,0.15,364,48186,28400,200
community_bridge,0.15,365,48040,27676,200
community_bridge,0.15,366,48602,30287,200
community_bridge,0.15,367,48336,29922,200
community_bridge,0.15,368,47627,27381,200
community_bridge,0.15,369,48480,31186,200
community_bridge,0.15,370,46494,29286,200
community_bridge,0.15,371,48748,29217,200
community_bridge,0.15,372,48051,28636,200
community_bridge,0.15,373,48246,31155,200
community_bridge,0.15,374,44642,26731,200
community_bridge,0.15,375,47893,25869,200
community_bridge,0.15,376,48353,29446,200
community_bridge,0.15,377,48889,27680,200
community_bridge,0.15,378,48312,28676,200
community_bridge,0.15,379,47895,27335,200
community_bridge,0.15,380,48077,26959,200
community_bridge,0.15,381,48576,28555,200
community_bridge,0.15,382,48468,28365,200
community_bridge,0.15,383,48309,29622,200
community_bridge,0.15,384,48769,29500,200
community_bridge,0.15,385,48581,26486,200
community_bridge,0.15,386,48360,27582,200
community_bridge,0.15,387,48275,29705,200
community_bridge,0.15,388,48486,26240,200
community_bridge,0.15,389,48332,27339,200
community_bridge,0.15,390,173,139,200
community_bridge,0.15,391,48762,28919,200
community_bridge,0.15,392,48145,28571,200
community_bridge,0.15,393,48105,28925,200
community_bridge,0.15,394,47856,29309,200
community_bridge,0.15,395,47762,28769,200
community_bridge,0.15,396,48267,25678,200
community_bridge,0.15,397,48451,29333,200
community_bridge,0.15,398,48973,28675,200
community_bridge,0.15,399,48722,30441,200
community_bridge,0.15,400,48303,26809,200
community_bridge,0.15,401,48073,29619,200
community_bridge,0.15,402,48602,29920,200
community_bridge,0.15,403,48296,29657,200
community_bridge,0.15,404,47849,26892,200
community_bridge,0.15,405,48866,28536,200
community_bridge,0.15,406,48374,27674,200
community_bridge,0.15,407,48946,30659,200
community_bridge,0.15,408,47992,28489,200
community_bridge,0.15,409,48733,28571,200
community_bridge,0.15,410,48113,28956,200
community_bridge,0.15,411,48246,27656,200
community_bridge,0.15,412,48736,28857,200
community_bridge,0.15,413,48073,28187,200
community_bridge,0.15,414,48016,26336,200
community_bridge,0.15,415,47600,26289,200
community_bridge,0.15,416,49090,29912,200
community_bridge,0.15,417,48698,29986,200
community_bridge,0.15,418,48384,29502,200
community_bridge,0.15,419,48039,26523,200
community_bridge,0.15,420,47651,27915,200
community_bridge,0.15,421,48995,29226,200
community_bridge,0.15,422,48019,29474,200
community_bridge,0.15,423,47424,28581,200
community_bridge,0.15,424,48137,30040,200
community_bridge,0.15,425,47957,28075,200
community_bridge,0.15,426,47792,28942,200
community_bridge,0.15,427,48789,30319,200
community_bridge,0.15,428,48174,28949,200
community_bridge,0.15,429,48026,26994,200
community_bridge,0.15,430,48493,25814,200
community_bridge,0.15,431,48967,28621,200
community_bridge,0.15,432,48733,30263,200
community_bridge,0.15,433,48481,27300,200
community_bridge,0.15,434,47701,28047,200
community_bridge,0.15,435,48741,28032,200
community_bridge,0.15,436,47910,27029,200
community_bridge,0.15,437,46689,26939,200
community_bridge,0.15,438,48232,28459,200
community_bridge,0.15,439,48189,26295,200
community_bridge,0.15,440,48332,29019,200
community_bridge,0.15,441,48486,29727,200
community_bridge,0.15,442,48652,30136,200
community_bridge,0.15,443,48576,28295,200
community_bridge,0.15,444,48792,26991,200
community_bridge,0.15,445,49016,27208,200
community_bridge,0.15,446,47459,27279,200
community_bridge,0.15,447,48071,27713,200
community_bridge,0.15,448,48017,28883,200
community_bridge,0.15,449,48264,28478,200
community_bridge,0.15,450,48511,28120,200
community_bridge,0.15,451,47786,30016,200
community_bridge,0.15,452,48624,28122,200
community_bridge,0.15,453,47815,29030,200
community_bridge,0.15,454,48095,27282,200
community_bridge,0.15,455,48155,29348,200
community_bridge,0.15,456,48034,27571,200
community_bridge,0.15,457,48294,28763,200
community_bridge,0.15,458,48646,26673,200
community_bridge,0.15,459,47998,29253,200
community_bridge,0.15,460,48702,29629,200
community_bridge,0.15,461,47799,28726,200
community_bridge,0.15,462,48297,28939,200
community_bridge,0.15,463,48683,29536,200
community_bridge,0.15,464,47620,27897,200
community_bridge,0.15,465,48362,30611,200
community_bridge,0.15,466,48731,27499,200
community_bridge,0.15,467,47993,28336,200
community_bridge,0.15,468,48551,29206,200
community_bridge,0.15,469,48813,29521,200
community_bridge,0.15,470,47888,27279,200
community_bridge,0.15,471,48087,28690,200
community_bridge,0.15,472,48933,28646,200
community_bridge,0.15,473,48479,30332,200
community_bridge,0.15,474,47879,26397,200
community_bridge,0.15,475,47853,26597,200
community_bridge,0.15,476,48101,28526,200
community_bridge,0.15,477,47998,27910,200
community_bridge,0.15,478,48903,30322,200
community_bridge,0.15,479,48673,28264,200
community_bridge,0.15,480,48010,28424,200
community_bridge,0.15,481,48884,29538,200
community_bridge,0.15,482,45792,25816,200
community_bridge,0.15,483,48758,27717,200
community_bridge,0.15,484,48296,28030,200
community_bridge,0.15,485,48588,27635,200
community_bridge,0.15,486,48520,27580,200
community_bridge,0.15,487,48222,28580,200
community_bridge,0.15,488,48188,28326,200
community_bridge,0.15,489,48286,27128,200
community_bridge,0.15,490,43172,25690,200
community_bridge,0.15,491,47736,27476,200
community_bridge,0.15,492,47723,27049,200
community_bridge,0.15,493,48446,26928,200
community_bridge,0.15,494,47632,28795,200
community_bridge,0.15,495,47986,28601,200
community_bridge,0.15,496,48575,25033,200
community_bridge,0.15,497,48657,26174,200
community_bridge,0.15,498,48061,26558,200
community_bridge,0.15,499,48372,28997,200
community_bridge,0.2,0,34853,20160,200
community_bridge,0.2,1,33385,17869,200
community_bridge,0.2,2,32722,16187,200
community_bridge,0.2,3,31680,18533,200
community_bridge,0.2,4,33796,19502,200
community_bridge,0.2,5,33830,18636,200
community_bridge,0.2,6,31652,17670,200
community_bridge,0.2,7,34202,19470,200
community_bridge,0.2,8,32021,17392,200
community_bridge,0.2,9,29753,15705,200
community_bridge,0.2,10,27450,14747,200
community_bridge,0.2,11,33381,18599,200
community_bridge,0.2,12,33560,18056,200
community_bridge,0.2,13,26981,16618,200
community_bridge,0.2,14,33679,17108,200
community_bridge,0.2,15,35287,19672,200
community_bridge,0.2,16,34953,19855,200
community_bridge,0.2,17,32512,16385,200
community_bridge,0.2,18,31527,16306,200
community_bridge,0.2,19,34398,17353,200
community_bridge,0.2,20,34422,18521,200
community_bridge,0.2,21,32588,18108,200
community_bridge,0.2,22,31594,17576,200
community_bridge,0.2,23,34660,16474,200
community_bridge,0.2,24,34071,16592,200
community_bridge,0.2,25,33443,18454,200
community_bridge,0.2,26,33945,18541,200
community_bridge,0.2,27,33424,15607,200
community_bridge,0.2,28,34525,19308,200
community_bridge,0.2,29,34315,20107,200
community_bridge,0.2,30,33364,16306,200
community_bridge,0.2,31,34534,18428,200
community_bridge,0.2,32,33267,18183,200
community_bridge,0.2,33,33478,17109,200
community_bridge,0.2,34,31389,16856,200
community_bridge,0.2,35,33014,19636,200
community_bridge,0.2,36,34242,18461,200
community_bridge,0.2,37,32270,16936,200
community_bridge,0.2,38,34612,20545,200
community_bridge,0.2,39,33301,18116,200
community_bridge,0.2,40,3212,2438,200
community_bridge,0.2,41,28460,15591,200
community_bridge,0.2,42,33541,18010,200
community_bridge,0.2,43,33498,20135,200
community_bridge,0.2,44,33443,18419,200
community_bridge,0.2,45,30883,15442,200
community_bridge,0.2,46,26388,14635,200
community_bridge,0.2,47,31738,17377,200
community_bridge,0.2,48,34915,17007,200
community_bridge,0.2,49,34758,18564,200
community_bridge,0.2,50,33257,16812,200
community_bridge,0.2,51,34095,21051,200
community_bridge,0.2,52,34375,19528,200
community_bridge,0.2,53,34401,18132,200
community_bridge,0.2,54,184,107,200
community_bridge,0.2,55,31994,17499,200
community_bridge,0.2,56,33965,17594,200
community_bridge,0.2,57,31843,15941,200
community_bridge,0.2,58,34354,16794,200
community_bridge,0.2,59,33147,17673,200
community_bridge,0.2,60,34621,17706,200
community_bridge,0.2,61,33189,19446,200
community_bridge,0.2,62,34232,17565,200
community_bridge,0.2,63,33057,17575,200
community_bridge,0.2,64,34128,17810,200
community_bridge,0.2,65,34767,20183,200
community_bridge,0.2,66,31506,16170,200
community_bridge,0.2,67,34710,18014,200
community_bridge,0.2,68,33697,17089,200
community_bridge,0.2,69,776,564,200
community_bridge,0.2,70,34299,15923,200
community_bridge,0.2,71,32150,17147,200
community_bridge,0.2,72,32484,17601,200
community_bridge,0.2,73,34045,19344,200
community_bridge,0.2,74,34604,20060,200
community_bridge,0.2,75,35120,17692,200
community_bridge,0.2,76,33569,18300,200
community_bridge,0.2,77,33564,17999,200
community_bridge,0.2,78,33746,18174,200
community_bridge,0.2,79,33315,16100,200
community_bridge,0.2,80,33328,19529,200
community_bridge,0.2,81,34352,18914,200
community_bridge,0.2,82,33106,17849,200
community_bridge,0.2,83,34045,17023,200
community_bridge,0.2,84,9,6,200
community_bridge,0.2,85,34486,16865,200
community_bridge,0.2,86,30736,18158,200
community_bridge,0.2,87,34473,18567,200
community_bridge,0.2,88,33069,19341,200
community_bridge,0.2,89,32821,16578,200
community_bridge,0.2,90,32895,19062,200
community_bridge,0.2,91,32396,17406,200
community_bridge,0.2,92,33308,19846,200
community_bridge,0.2,93,26718,16233,200
community_bridge,0.2,94,32248,15457,200
community_bridge,0.2,95,34864,17637,200
community_bridge,0.2,96,34504,20078,200
community_bridge,0.2,97,32003,17497,200
community_bridge,0.2,98,29738,16422,200
community_bridge,0.2,99,34925,18613,200
community_bridge,0.2,100,33444,17222,200
community_bridge,0.2,101,32401,15505,200
community_bridge,0.2,102,33355,16366,200
community_bridge,0.2,103,32229,18076,200
community_bridge,0.2,104,34374,18807,200
community_bridge,0.2,105,31128,16113,200
community_bridge,0.2,106,32538,15722,200
community_bridge,0.2,107,33279,15481,200
community_bridge,0.2,108,29649,16394,200
community_bridge,0.2,109,33476,16715,200
community_bridge,0.2,110,34055,16764,200
community_bridge,0.2,111,34622,17441,200
community_bridge,0.2,112,34067,17649,200
community_bridge,0.2,113,34195,18039,200
community_bridge,0.2,114,33964,15941,200
community_bridge,0.2,115,827,506,200
community_bridge,0.2,116,33802,18907,200
community_bridge,0.2,117,32382,17718,200
community_bridge,0.2,118,34316,17735,200
community_bridge,0.2,119,33221,17680,200
community_bridge,0.2,120,32348,17843,200
community_bridge,0.2,121,27289,14672,200
community_bridge,0.2,122,33781,17639,200
community_bridge,0.2,123,34985,17458,200
community_bridge,0.2,124,31959,17698,200
community_bridge,0.2,125,31724,18184,200
community_bridge,0.2,126,32623,18926,200
community_bridge,0.2,127,30968,17859,200
community_bridge,0.2,128,34562,20164,200
community_bridge,0.2,129,32240,16704,200
community_bridge,0.2,130,33107,16054,200
community_bridge,0.2,131,34484,18515,200
community_bridge,0.2,132,35158,16617,200
community_bridge,0.2,133,30789,15514,200
community_bridge,0.2,134,35121,17490,200
community_bridge,0.2,135,31566,17234,200
community_bridge,0.2,136,34252,15349,200
community_bridge,0.2,137,33251,19033,200
community_bridge,0.2,138,32344,18228,200
community_bridge,0.2,139,13,8,200
community_bridge,0.2,140,31148,16945,200
community_bridge,0.2,141,34354,18658,200
community_bridge,0.2,142,31919,16869,200
community_bridge,0.2,143,33640,17334,200
community_bridge,0.2,144,33636,18973,200
community_bridge,0.2,145,32235,14720,200
community_bridge,0.2,146,34511,17754,200
community_bridge,0.2,147,34872,16932,200
community_bridge,0.2,148,26862,15658,200
community_bridge,0.2,149,33943,19529,200
community_bridge,0.2,150,30893,17826,200
community_bridge,0.2,151,34444,20427,200
community_bridge,0.2,152,32616,17466,200
community_bridge,0.2,153,32307,16705,200
community_bridge,0.2,154,34670,17559,200
community_bridge,0.2,155,33943,18310,200
community_bridge,0.2,156,34134,19080,200
community_bridge,0.2,157,33039,17075,200
community_bridge,0.2,158,33483,17889,200
community_bridge,0.2,159,33736,19283,200
community_bridge,0.2,160,24566,12086,200
community_bridge,0.2,161,29402,14062,200
community_bridge,0.2,162,31622,17223,200
community_bridge,0.2,163,33742,19595,200
community_bridge,0.2,164,31220,17650,200
community_bridge,0.2,165,32033,16412,200
community_bridge,0.2,166,29597,15338,200
community_bridge,0.2,167,32529,18627,200
community_bridge,0.2,168,24622,14909,200
community_bridge,0.2,169,33537,16445,200
community_bridge,0.2,170,33957,18069,200
community_bridge,0.2,171,34139,20161,200
community_bridge,0.2,172,35065,19799,200
community_bridge,0.2,173,33912,15348,200
community_bridge,0.2,174,32637,16945,200
community_bridge,0.2,175,32299,18192,200
community_bridge,0.2,176,30995,16702,200
community_bridge,0.2,177,34581,19105,200
community_bridge,0.2,178,35093,17560,200
community_bridge,0.2,179,33575,16549,200
community_bridge,0.2,180,34283,17485,200
community_bridge,0.2,181,33190,17425,200
community_bridge,0.2,182,34569,16428,200
community_bridge,0.2,183,33489,18264,200
community_bridge,0.2,184,32861,16784,200
community_bridge,0.2,185,31281,15438,200
community_bridge,0.2,186,33275,18303,200
community_bridge,0.2,187,27669,11510,200
community_bridge,0.2,188,34217,17991,200
community_bridge,0.2,189,7,7,200
community_bridge,0.2,190,32618,19964,200
community_bridge,0.2,191,28374,16668,200
community_bridge,0.2,192,128,69,200
community_bridge,0.2,193,34484,18431,200
community_bridge,0.2,194,35061,16202,200
community_bridge,0.2,195,33398,17885,200
community_bridge,0.2,196,32353,15811,200
community_bridge,0.2,197,34588,18347,200
community_bridge,0.2,198,32650,16830,200
community_bridge,0.2,199,31763,18365,200
community_bridge,0.2,200,34052,18768,200
community_bridge,0.2,201,34566,19504,200
community_bridge,0.2,202,34177,19463,200
community_bridge,0.2,203,34098,17789,200
community_bridge,0.2,204,34306,15731,200
community_bridge,0.2,205,34090,16917,200
community_bridge,0.2,206,34541,18434,200
community_bridge,0.2,207,31773,17565,200
community_bridge,0.2,208,33356,20738,200
community_bridge,0.2,209,30834,16944,200
community_bridge,0.2,210,34428,17380,200
community_bridge,0.2,211,33819,17567,200
community_bridge,0.2,212,32151,16837,200
community_bridge,0.2,213,34613,18763,200
community_bridge,0.2,214,34338,18661,200
community_bridge,0.2,215,35003,17035,200
community_bridge,0.2,216,33515,19578,200
community_bridge,0.2,217,33705,19210,200
community_bridge,0.2,218,31476,18395,200
community_bridge,0.2,219,33756,19063,200
community_bridge,0.2,220,35271,20417,200
community_bridge,0.2,221,33515,16386,200
community_bridge,0.2,222,34005,18966,200
community_bridge,0.2,223,33904,17804,200
community_bridge,0.2,224,32630,16536,200
community_bridge,0.2,225,30029,16193,200
community_bridge,0.2,226,31790,14861,200
community_bridge,0.2,227,34056,18256,200
community_bridge,0.2,228,12549,8042,200
community_bridge,0.2,229,32537,16305,200
community_bridge,0.2,230,34837,18731,200
community_bridge,0.2,231,31268,18732,200
community_bridge,0.2,232,30353,16567,200
community_bridge,0.2,233,34236,19593,200
community_bridge,0.2,234,31771,18681,200
community_bridge,0.2,235,34041,18911,200
community_bridge,0.2,236,34220,19027,200
community_bridge,0.2,237,31752,15665,200
community_bridge,0.2,238,32848,14705,200
community_bridge,0.2,239,31270,17079,200
community_bridge,0.2,240,31628,16643,200
community_bridge,0.2,241,33677,17995,200
community_bridge,0.2,242,31568,17382,200
community_bridge,0.2,243,34708,17645,200
community_bridge,0.2,244,31431,17786,200
community_bridge,0.2,245,33936,18828,200
community_bridge,0.2,246,28955,16415,200
community_bridge,0.2,247,31605,16330,200
community_bridge,0.2,248,32102,13677,200
community_bridge,0.2,249,32939,18248,200
community_bridge,0.2,250,33283,15234,200
community_bridge,0.2,251,34425,18978,200
community_bridge,0.2,252,35087,18690,200
community_bridge,0.2,253,31263,18337,200
community_bridge,0.2,254,35291,20278,200
community_bridge,0.2,255,27593,14260,200
community_bridge,0.2,256,33618,18609,200
community_bridge,0.2,257,30980,17065,200
community_bridge,0.2,258,31498,17779,200
community_bridge,0.2,259,34173,16887,200
community_bridge,0.2,260,32100,18529,200
community_bridge,0.2,261,34199,19435,200
community_bridge,0.2,262,33150,16639,200
community_bridge,0.2,263,34207,19599,200
community_bridge,0.2,264,35022,18547,200
community_bridge,0.2,265,34443,18103,200
community_bridge,0.2,266,34534,18330,200
community_bridge,0.2,267,33967,19118,200
community_bridge,0.2,268,34506,20688,200
community_bridge,0.2,269,31511,18492,200
community_bridge,0.2,270,34497,18287,200
community_bridge,0.2,271,33441,18331,200
community_bridge,0.2,272,36372,17112,200
community_bridge,0.2,273,34524,18334,200
community_bridge,0.2,274,34532,19374,200
community_bridge,0.2,275,33996,19235,200
community_bridge,0.2,276,33930,16874,200
community_bridge,0.2,277,1297,829,200
community_bridge,0.2,278,33507,15700,200
community_bridge,0.2,279,32797,18258,200
community_bridge,0.2,280,33422,17164,200
community_bridge,0.2,281,31962,18489,200
community_bridge,0.2,282,28349,15955,200
community_bridge,0.2,283,34580,17856,200
community_bridge,0.2,284,31494,16681,200
community_bridge,0.2,285,35167,20215,200
community_bridge,0.2,286,32144,16621,200
community_bridge,0.2,287,35057,17568,200
community_bridge,0.2,288,33772,19795,200
community_bridge,0.2,289,33791,17184,200
community_bridge,0.2,290,33213,18233,200
community_bridge,0.2,291,30825,14346,200
community_bridge,0.2,292,21011,14833,200
community_bridge,0.2,293,29539,14626,200
community_bridge,0.2,294,34021,18932,200
community_bridge,0.2,295,34793,15246,200
community_bridge,0.2,296,31577,15342,200
community_bridge,0.2,297,34429,19038,200
community_bridge,0.2,298,34231,18706,200
community_bridge,0.2,299,32221,17579,200
community_bridge,0.2,300,33950,18946,200
community_bridge,0.2,301,33004,18845,200
community_bridge,0.2,302,33386,16289,200
community_bridge,0.2,303,33626,20081,200
community_bridge,0.2,304,28034,13868,200
community_bridge,0.2,305,29283,15133,200
community_bridge,0.2,306,34415,17818,200
community_bridge,0.2,307,35010,17949,200
community_bridge,0.2,308,34506,18299,200
community_bridge,0.2,309,32934,14088,200
community_bridge,0.2,310,31217,14639,200
community_bridge,0.2,311,34146,17199,200
community_bridge,0.2,312,34168,17291,200
community_bridge,0.2,313,31235,15987,200
community_bridge,0.2,314,31533,16979,200
community_bridge,0.2,315,28559,16475,200
community_bridge,0.2,316,33933,17246,200
community_bridge,0.2,317,32295,16324,200
community_bridge,0.2,318,34314,16862,200
community_bridge,0.2,319,32306,15275,200
community_bridge,0.2,320,34060,17390,200
community_bridge,0.2,321,32264,14204,200
community_bridge,0.2,322,31370,17013,200
community_bridge,0.2,323,33782,16417,200
community_bridge,0.2,324,33557,15477,200
community_bridge,0.2,325,32303,17139,200
community_bridge,0.2,326,34551,18752,200
community_bridge,0.2,327,33497,20449,200
community_bridge,0.2,328,31374,16351,200
community_bridge,0.2,329,28839,15708,200
community_bridge,0.2,330,32093,18747,200
community_bridge,0.2,331,32031,17755,200
community_bridge,0.2,332,34151,18695,200
community_bridge,0.2,333,29049,15219,200
community_bridge,0.2,334,33284,16450,200
community_bridge,0.2,335,33720,17483,200
community_bridge,0.2,336,32687,15629,200
community_bridge,0.2,337,33999,18534,200
community_bridge,0.2,338,33171,18266,200
community_bridge,0.2,339,31582,15325,200
community_bridge,0.2,340,34182,18724,200
community_bridge,0.2,341,33767,17776,200
community_bridge,0.2,342,31235,16903,200
community_bridge,0.2,343,33087,17664,200
community_bridge,0.2,344,31188,14430,200
community_bridge,0.2,345,34186,17991,200
community_bridge,0.2,346,33011,16036,200
community_bridge,0.2,347,33363,15270,200
community_bridge,0.2,348,31907,14901,200
community_bridge,0.2,349,34109,17787,200
community_bridge,0.2,350,34841,19761,200
community_bridge,0.2,351,32683,16036,200
community_bridge,0.2,352,1772,1281,200
community_bridge,0.2,353,35375,16296,200
community_bridge,0.2,354,34009,19765,200
community_bridge,0.2,355,34002,19476,200
community_bridge,0.2,356,30662,16464,200
community_bridge,0.2,357,31018,14121,200
community_bridge,0.2,358,34511,19859,200
community_bridge,0.2,359,32367,17943,200
community_bridge,0.2,360,33207,17958,200
community_bridge,0.2,361,33441,17577,200
community_bridge,0.2,362,33548,18690,200
community_bridge,0.2,363,28325,14833,200
community_bridge,0.2,364,31942,15022,200
community_bridge,0.2,365,34921,18569,200
community_bridge,0.2,366,34690,16896,200
community_bridge,0.2,367,33290,15576,200
community_bridge,0.2,368,35723,18622,200
community_bridge,0.2,369,34321,18428,200
community_bridge,0.2,370,35259,19002,200
community_bridge,0.2,371,31314,15599,200
community_bridge,0.2,372,34693,18984,200
community_bridge,0.2,373,35457,20437,200
community_bridge,0.2,374,34326,17190,200
community_bridge,0.2,375,34322,20517,200
community_bridge,0.2,376,34899,17442,200
community_bridge,0.2,377,34027,16929,200
community_bridge,0.2,378,33201,16559,200
community_bridge,0.2,379,31754,17605,200
community_bridge,0.2,380,30258,17795,200
community_bridge,0.2,381,33688,18675,200
community_bridge,0.2,382,30684,15631,200
community_bridge,0.2,383,34955,17738,200
community_bridge,0.2,384,34850,16974,200
community_bridge,0.2,385,32830,15942,200
community_bridge,0.2,386,34025,17650,200
community_bridge,0.2,387,33788,17239,200
community_bridge,0.2,388,1269,605,200
community_bridge,0.2,389,32931,17455,200
community_bridge,0.2,390,32796,16695,200
community_bridge,0.2,391,33424,18368,200
community_bridge,0.2,392,32596,18269,200
community_bridge,0.2,393,32902,16177,200
community_bridge,0.2,394,34459,17250,200
community_bridge,0.2,395,33771,18450,200
community_bridge,0.2,396,33594,13588,200
community_bridge,0.2,397,32109,16189,200
community_bridge,0.2,398,33004,15866,200
community_bridge,0.2,399,32308,15760,200
community_bridge,0.2,400,32636,16517,200
community_bridge,0.2,401,29070,16862,200
community_bridge,0.2,402,34509,19964,200
community_bridge,0.2,403,34195,16830,200
community_bridge,0.2,404,33528,17715,200
community_bridge,0.2,405,32743,16396,200
community_bridge,0.2,406,31936,17689,200
community_bridge,0.2,407,34609,19626,200
community_bridge,0.2,408,34589,19333,200
community_bridge,0.2,409,33318,19058,200
community_bridge,0.2,410,32484,16039,200
community_bridge,0.2,411,31611,15798,200
community_bridge,0.2,412,32761,16199,200
community_bridge,0.2,413,32417,15987,200
community_bridge,0.2,414,34909,19114,200
community_bridge,0.2,415,34018,18898,200
community_bridge,0.2,416,33636,18510,200
community_bridge,0.2,417,34275,17892,200
community_bridge,0.2,418,33156,13345,200
community_bridge,0.2,419,30561,17607,200
community_bridge,0.2,420,33290,15333,200
community_bridge,0.2,421,31078,17356,200
community_bridge,0.2,422,31569,15910,200
community_bridge,0.2,423,33404,17791,200
community_bridge,0.2,424,34539,18239,200
community_bridge,0.2,425,31873,16207,200
community_bridge,0.2,426,33979,18895,200
community_bridge,0.2,427,33637,18652,200
community_bridge,0.2,428,25748,13212,200
community_bridge,0.2,429,502,395,200
community_bridge,0.2,430,34836,18259,200
community_bridge,0.2,431,33300,15812,200
community_bridge,0.2,432,31483,17051,200
community_bridge,0.2,433,35039,19245,200
community_bridge,0.2,434,34374,16912,200
community_bridge,0.2,435,32188,17639,200
community_bridge,0.2,436,3467,2358,200
community_bridge,0.2,437,28700,14118,200
community_bridge,0.2,438,34085,18286,200
community_bridge,0.2,439,33571,16769,200
community_bridge,0.2,440,34132,18348,200
community_bridge,0.2,441,31284,13987,200
community_bridge,0.2,442,34209,18957,200
community_bridge,0.2,443,34136,16737,200
community_bridge,0.2,444,34811,17009,200
community_bridge,0.2,445,34278,17723,200
community_bridge,0.2,446,31160,15650,200
community_bridge,0.2,447,31649,17853,200
community_bridge,0.2,448,33623,17773,200
community_bridge,0.2,449,31687,16877,200
community_bridge,0.2,450,29934,15703,200
community_bridge,0.2,451,4250,3112,200
community_bridge,0.2,452,30722,15116,200
community_bridge,0.2,453,34654,18277,200
community_bridge,0.2,454,31786,15923,200
community_bridge,0.2,455,30762,17343,200
community_bridge,0.2,456,30179,16000,200
community_bridge,0.2,457,34450,19243,200
community_bridge,0.2,458,34153,17703,200
community_bridge,0.2,459,31214,14287,200
community_bridge,0.2,460,35355,18909,200
community_bridge,0.2,461,35236,19375,200
community_bridge,0.2,462,33939,19367,200
community_bridge,0.2,463,30632,16038,200
community_bridge,0.2,464,33465,17152,200
community_bridge,0.2,465,34638,18135,200
community_bridge,0.2,466,33409,17992,200
community_bridge,0.2,467,29635,13544,200
community_bridge,0.2,468,33474,19127,200
community_bridge,0.2,469,32445,18649,200
community_bridge,0.2,470,34845,16968,200
community_bridge,0.2,471,31459,16032,200
community_bridge,0.2,472,33939,17616,200
community_bridge,0.2,473,34493,16910,200
community_bridge,0.2,474,32984,19288,200
community_bridge,0.2,475,33417,17745,200
community_bridge,0.2,476,30105,18047,200
community_bridge,0.2,477,32622,14091,200
community_bridge,0.2,478,35147,19875,200
community_bridge,0.2,479,33568,18888,200
community_bridge,0.2,480,31374,15921,200
community_bridge,0.2,481,32165,18212,200
community_bridge,0.2,482,33734,18380,200
community_bridge,0.2,483,28620,15406,200
community_bridge,0.2,484,31896,18979,200
community_bridge,0.2,485,33419,17989,200
community_bridge,0.2,486,34347,16346,200
community_bridge,0.2,487,32845,13828,200
community_bridge,0.2,488,35010,18571,200
community_bridge,0.2,489,31462,16786,200
community_bridge,0.2,490,33494,18203,200
community_bridge,0.2,491,32924,17054,200
community_bridge,0.2,492,34830,18221,200
community_bridge,0.2,493,33906,16205,200
community_bridge,0.2,494,34486,16642,200
community_bridge,0.2,495,34733,18734,200
community_bridge,0.2,496,31947,15631,200
community_bridge,0.2,497,31993,17819,200
community_bridge,0.2,498,34117,18623,200
community_bridge,0.2,499,33064,17037,200
